participant_id	diagnosis	age	gender	motion	label	region	n_voxels	FA	MD	AD	RD
sub-10321	CONTROL	34	M	0.188600	1	Unclassified	11136	0.477452	0.000704	0.001122	0.000495
sub-10321	CONTROL	34	M	0.188600	2	Middle cerebellar peduncle	1452	0.475573	0.000619	0.000979	0.000438
sub-10321	CONTROL	34	M	0.188600	3	Pontine crossing tract (a part of MCP)	8848	0.577991	0.001020	0.001706	0.000677
sub-10321	CONTROL	34	M	0.188600	4	Genu of corpus callosum	13593	0.637867	0.000842	0.001547	0.000489
sub-10321	CONTROL	34	M	0.188600	5	Body of corpus callosum	11549	0.740189	0.000694	0.001415	0.000334
sub-10321	CONTROL	34	M	0.188600	6	Splenium of corpus callosum	659	0.256782	0.002185	0.002631	0.001962
sub-10321	CONTROL	34	M	0.188600	7	Fornix (column and body of fornix)	1051	0.544592	0.000675	0.001128	0.000448
sub-10321	CONTROL	34	M	0.188600	8	Corticospinal tract R	1075	0.545790	0.000684	0.001147	0.000453
sub-10321	CONTROL	34	M	0.188600	9	Corticospinal tract L	533	0.555671	0.000629	0.001126	0.000381
sub-10321	CONTROL	34	M	0.188600	10	Medial lemniscus R	593	0.510848	0.000649	0.001105	0.000421
sub-10321	CONTROL	34	M	0.188600	11	Medial lemniscus L	480	0.518622	0.000610	0.001059	0.000385
sub-10321	CONTROL	34	M	0.188600	12	Inferior cerebellar peduncle R	558	0.482349	0.000652	0.001068	0.000444
sub-10321	CONTROL	34	M	0.188600	13	Inferior cerebellar peduncle L	992	0.584272	0.000959	0.001642	0.000617
sub-10321	CONTROL	34	M	0.188600	14	Superior cerebellar peduncle R	992	0.557555	0.001062	0.001729	0.000729
sub-10321	CONTROL	34	M	0.188600	15	Superior cerebellar peduncle L	2277	0.663323	0.000802	0.001511	0.000447
sub-10321	CONTROL	34	M	0.188600	16	Cerebral peduncle R	2268	0.662909	0.000748	0.001412	0.000417
sub-10321	CONTROL	34	M	0.188600	17	Cerebral peduncle L	3138	0.565382	0.000680	0.001172	0.000435
sub-10321	CONTROL	34	M	0.188600	18	Anterior limb of internal capsule R	3018	0.554898	0.000663	0.001129	0.000429
sub-10321	CONTROL	34	M	0.188600	19	Anterior limb of internal capsule L	3754	0.633450	0.000681	0.001263	0.000390
sub-10321	CONTROL	34	M	0.188600	20	Posterior limb of internal capsule R	3752	0.626868	0.000685	0.001262	0.000397
sub-10321	CONTROL	34	M	0.188600	21	Posterior limb of internal capsule L	2515	0.575716	0.000731	0.001258	0.000468
sub-10321	CONTROL	34	M	0.188600	22	Retrolenticular part of internal capsule R	2469	0.597936	0.000744	0.001325	0.000454
sub-10321	CONTROL	34	M	0.188600	23	Retrolenticular part of internal capsule L	6849	0.478367	0.000686	0.001082	0.000488
sub-10321	CONTROL	34	M	0.188600	24	Anterior corona radiata R	6852	0.486869	0.000665	0.001049	0.000474
sub-10321	CONTROL	34	M	0.188600	25	Anterior corona radiata L	7500	0.473691	0.000683	0.001060	0.000494
sub-10321	CONTROL	34	M	0.188600	26	Superior corona radiata R	7508	0.494155	0.000690	0.001082	0.000494
sub-10321	CONTROL	34	M	0.188600	27	Superior corona radiata L	3728	0.489959	0.000741	0.001158	0.000533
sub-10321	CONTROL	34	M	0.188600	28	Posterior corona radiata R	3714	0.473422	0.000747	0.001144	0.000548
sub-10321	CONTROL	34	M	0.188600	29	Posterior corona radiata L	3972	0.562068	0.000772	0.001287	0.000515
sub-10321	CONTROL	34	M	0.188600	30	Posterior thalamic radiation (include optic radiation) R	3978	0.561199	0.000817	0.001373	0.000540
sub-10321	CONTROL	34	M	0.188600	31	Posterior thalamic radiation (include optic radiation) L	2228	0.548188	0.000800	0.001335	0.000532
sub-10321	CONTROL	34	M	0.188600	32	Sagittal stratum (include inferior longitidinal fasciculus and inferior fronto-occipital fasciculus) R	2231	0.514527	0.000806	0.001304	0.000557
sub-10321	CONTROL	34	M	0.188600	33	Sagittal stratum (include inferior longitidinal fasciculus and inferior fronto-occipital fasciculus) L	3650	0.370342	0.000700	0.001000	0.000550
sub-10321	CONTROL	34	M	0.188600	34	External capsule R	3650	0.402105	0.000700	0.001028	0.000536
sub-10321	CONTROL	34	M	0.188600	35	External capsule L	2342	0.511776	0.000720	0.001184	0.000488
sub-10321	CONTROL	34	M	0.188600	36	Cingulum (cingulate gyrus) R	2751	0.559316	0.000706	0.001217	0.000450
sub-10321	CONTROL	34	M	0.188600	37	Cingulum (cingulate gyrus) L	1236	0.467769	0.000710	0.001121	0.000504
sub-10321	CONTROL	34	M	0.188600	38	Cingulum (hippocampus) R	1155	0.427493	0.000756	0.001115	0.000577
sub-10321	CONTROL	34	M	0.188600	39	Cingulum (hippocampus) L	1124	0.528623	0.000898	0.001461	0.000617
sub-10321	CONTROL	34	M	0.188600	40	Fornix (cres) / Stria terminalis (can not be resolved with current resolution) R	1125	0.539689	0.000826	0.001363	0.000558
sub-10321	CONTROL	34	M	0.188600	41	Fornix (cres) / Stria terminalis (can not be resolved with current resolution) L	6607	0.495571	0.000683	0.001086	0.000481
sub-10321	CONTROL	34	M	0.188600	42	Superior longitudinal fasciculus R	6605	0.458222	0.000694	0.001068	0.000506
sub-10321	CONTROL	34	M	0.188600	43	Superior longitudinal fasciculus L	507	0.495894	0.000647	0.001036	0.000452
sub-10321	CONTROL	34	M	0.188600	44	Superior fronto-occipital fasciculus (could be a part of anterior internal capsule) R	507	0.493228	0.000657	0.001039	0.000466
sub-10321	CONTROL	34	M	0.188600	45	Superior fronto-occipital fasciculus (could be a part of anterior internal capsule) L	1961	0.462050	0.000736	0.001152	0.000528
sub-10321	CONTROL	34	M	0.188600	46	Inferior fronto-occipital fasciculus R	1937	0.472150	0.000715	0.001138	0.000504
sub-10321	CONTROL	34	M	0.188600	47	Inferior fronto-occipital fasciculus L	380	0.449503	0.000748	0.001154	0.000546
sub-10321	CONTROL	34	M	0.188600	48	Uncinate fasciculus R	376	0.440117	0.000696	0.001065	0.000511
sub-10321	CONTROL	34	M	0.188600	49	Uncinate fasciculus L	596	0.408320	0.001674	0.002264	0.001379
sub-10321	CONTROL	34	M	0.188600	50	Tapetum R	600	0.310589	0.001938	0.002426	0.001694
sub-10325	CONTROL	29	F	0.326900	1	Unclassified	15641	0.463007	0.000864	0.001267	0.000662
sub-10325	CONTROL	29	F	0.326900	2	Middle cerebellar peduncle	1500	0.387241	0.000734	0.001046	0.000578
sub-10325	CONTROL	29	F	0.326900	3	Pontine crossing tract (a part of MCP)	8849	0.587621	0.001007	0.001710	0.000656
sub-10325	CONTROL	29	F	0.326900	4	Genu of corpus callosum	13703	0.644939	0.000891	0.001644	0.000514
sub-10325	CONTROL	29	F	0.326900	5	Body of corpus callosum	12632	0.736532	0.000736	0.001510	0.000349
sub-10325	CONTROL	29	F	0.326900	6	Splenium of corpus callosum	659	0.453442	0.001291	0.001948	0.000962
sub-10325	CONTROL	29	F	0.326900	7	Fornix (column and body of fornix)	1308	0.429033	0.000887	0.001274	0.000694
sub-10325	CONTROL	29	F	0.326900	8	Corticospinal tract R	1309	0.449512	0.000891	0.001299	0.000688
sub-10325	CONTROL	29	F	0.326900	9	Corticospinal tract L	690	0.510114	0.000768	0.001258	0.000523
sub-10325	CONTROL	29	F	0.326900	10	Medial lemniscus R	699	0.526240	0.000789	0.001307	0.000529
sub-10325	CONTROL	29	F	0.326900	11	Medial lemniscus L	816	0.471890	0.000693	0.001098	0.000490
sub-10325	CONTROL	29	F	0.326900	12	Inferior cerebellar peduncle R	853	0.450158	0.000756	0.001166	0.000551
sub-10325	CONTROL	29	F	0.326900	13	Inferior cerebellar peduncle L	992	0.498826	0.001068	0.001679	0.000763
sub-10325	CONTROL	29	F	0.326900	14	Superior cerebellar peduncle R	992	0.488246	0.001199	0.001826	0.000885
sub-10325	CONTROL	29	F	0.326900	15	Superior cerebellar peduncle L	2278	0.637971	0.000779	0.001436	0.000450
sub-10325	CONTROL	29	F	0.326900	16	Cerebral peduncle R	2275	0.640889	0.000761	0.001416	0.000433
sub-10325	CONTROL	29	F	0.326900	17	Cerebral peduncle L	3138	0.543589	0.000684	0.001160	0.000446
sub-10325	CONTROL	29	F	0.326900	18	Anterior limb of internal capsule R	3018	0.534679	0.000698	0.001171	0.000461
sub-10325	CONTROL	29	F	0.326900	19	Anterior limb of internal capsule L	3754	0.604470	0.000683	0.001225	0.000412
sub-10325	CONTROL	29	F	0.326900	20	Posterior limb of internal capsule R	3752	0.594197	0.000689	0.001225	0.000421
sub-10325	CONTROL	29	F	0.326900	21	Posterior limb of internal capsule L	2515	0.555200	0.000736	0.001242	0.000483
sub-10325	CONTROL	29	F	0.326900	22	Retrolenticular part of internal capsule R	2469	0.562317	0.000740	0.001259	0.000481
sub-10325	CONTROL	29	F	0.326900	23	Retrolenticular part of internal capsule L	6849	0.484437	0.000698	0.001114	0.000490
sub-10325	CONTROL	29	F	0.326900	24	Anterior corona radiata R	6852	0.468779	0.000714	0.001112	0.000515
sub-10325	CONTROL	29	F	0.326900	25	Anterior corona radiata L	7500	0.476498	0.000690	0.001070	0.000500
sub-10325	CONTROL	29	F	0.326900	26	Superior corona radiata R	7508	0.465548	0.000697	0.001063	0.000514
sub-10325	CONTROL	29	F	0.326900	27	Superior corona radiata L	3728	0.475875	0.000726	0.001122	0.000528
sub-10325	CONTROL	29	F	0.326900	28	Posterior corona radiata R	3714	0.457055	0.000743	0.001130	0.000550
sub-10325	CONTROL	29	F	0.326900	29	Posterior corona radiata L	3972	0.572058	0.000731	0.001254	0.000469
sub-10325	CONTROL	29	F	0.326900	30	Posterior thalamic radiation (include optic radiation) R	3978	0.533303	0.000805	0.001324	0.000546
sub-10325	CONTROL	29	F	0.326900	31	Posterior thalamic radiation (include optic radiation) L	2228	0.526053	0.000785	0.001280	0.000538
sub-10325	CONTROL	29	F	0.326900	32	Sagittal stratum (include inferior longitidinal fasciculus and inferior fronto-occipital fasciculus) R	2231	0.483142	0.000870	0.001354	0.000629
sub-10325	CONTROL	29	F	0.326900	33	Sagittal stratum (include inferior longitidinal fasciculus and inferior fronto-occipital fasciculus) L	3650	0.353307	0.000708	0.000996	0.000564
sub-10325	CONTROL	29	F	0.326900	34	External capsule R	3650	0.374187	0.000700	0.001006	0.000547
sub-10325	CONTROL	29	F	0.326900	35	External capsule L	2342	0.499091	0.000724	0.001164	0.000504
sub-10325	CONTROL	29	F	0.326900	36	Cingulum (cingulate gyrus) R	2751	0.512499	0.000740	0.001218	0.000501
sub-10325	CONTROL	29	F	0.326900	37	Cingulum (cingulate gyrus) L	1236	0.380547	0.000736	0.001040	0.000584
sub-10325	CONTROL	29	F	0.326900	38	Cingulum (hippocampus) R	1155	0.349927	0.000801	0.001087	0.000658
sub-10325	CONTROL	29	F	0.326900	39	Cingulum (hippocampus) L	1124	0.476950	0.000918	0.001432	0.000661
sub-10325	CONTROL	29	F	0.326900	40	Fornix (cres) / Stria terminalis (can not be resolved with current resolution) R	1125	0.493539	0.000845	0.001341	0.000598
sub-10325	CONTROL	29	F	0.326900	41	Fornix (cres) / Stria terminalis (can not be resolved with current resolution) L	6607	0.461792	0.000673	0.001031	0.000494
sub-10325	CONTROL	29	F	0.326900	42	Superior longitudinal fasciculus R	6605	0.434783	0.000703	0.001052	0.000529
sub-10325	CONTROL	29	F	0.326900	43	Superior longitudinal fasciculus L	507	0.502445	0.000644	0.001038	0.000447
sub-10325	CONTROL	29	F	0.326900	44	Superior fronto-occipital fasciculus (could be a part of anterior internal capsule) R	507	0.496238	0.000666	0.001063	0.000467
sub-10325	CONTROL	29	F	0.326900	45	Superior fronto-occipital fasciculus (could be a part of anterior internal capsule) L	1961	0.445888	0.000743	0.001148	0.000541
sub-10325	CONTROL	29	F	0.326900	46	Inferior fronto-occipital fasciculus R	1937	0.450388	0.000757	0.001174	0.000548
sub-10325	CONTROL	29	F	0.326900	47	Inferior fronto-occipital fasciculus L	380	0.450493	0.000685	0.001053	0.000500
sub-10325	CONTROL	29	F	0.326900	48	Uncinate fasciculus R	376	0.430984	0.000743	0.001126	0.000552
sub-10325	CONTROL	29	F	0.326900	49	Uncinate fasciculus L	596	0.424769	0.001373	0.001939	0.001091
sub-10325	CONTROL	29	F	0.326900	50	Tapetum R	600	0.325721	0.001801	0.002306	0.001548
sub-10329	CONTROL	22	M	0.229400	1	Unclassified	15391	0.467943	0.000749	0.001146	0.000551
sub-10329	CONTROL	22	M	0.229400	2	Middle cerebellar peduncle	1500	0.462042	0.000698	0.001075	0.000509
sub-10329	CONTROL	22	M	0.229400	3	Pontine crossing tract (a part of MCP)	8851	0.577272	0.000937	0.001616	0.000597
sub-10329	CONTROL	22	M	0.229400	4	Genu of corpus callosum	13701	0.658138	0.000846	0.001601	0.000468
sub-10329	CONTROL	22	M	0.229400	5	Body of corpus callosum	12641	0.727434	0.000725	0.001464	0.000355
sub-10329	CONTROL	22	M	0.229400	6	Splenium of corpus callosum	659	0.433357	0.001313	0.001916	0.001012
sub-10329	CONTROL	22	M	0.229400	7	Fornix (column and body of fornix)	1309	0.441472	0.000804	0.001171	0.000621
sub-10329	CONTROL	22	M	0.229400	8	Corticospinal tract R	1296	0.482002	0.000783	0.001189	0.000579
sub-10329	CONTROL	22	M	0.229400	9	Corticospinal tract L	690	0.526817	0.000756	0.001252	0.000508
sub-10329	CONTROL	22	M	0.229400	10	Medial lemniscus R	699	0.534172	0.000779	0.001301	0.000518
sub-10329	CONTROL	22	M	0.229400	11	Medial lemniscus L	777	0.443282	0.000699	0.001073	0.000512
sub-10329	CONTROL	22	M	0.229400	12	Inferior cerebellar peduncle R	732	0.469888	0.000708	0.001130	0.000498
sub-10329	CONTROL	22	M	0.229400	13	Inferior cerebellar peduncle L	992	0.587663	0.000855	0.001479	0.000542
sub-10329	CONTROL	22	M	0.229400	14	Superior cerebellar peduncle R	992	0.550362	0.001003	0.001633	0.000688
sub-10329	CONTROL	22	M	0.229400	15	Superior cerebellar peduncle L	2273	0.636522	0.000779	0.001430	0.000454
sub-10329	CONTROL	22	M	0.229400	16	Cerebral peduncle R	2277	0.639054	0.000786	0.001446	0.000456
sub-10329	CONTROL	22	M	0.229400	17	Cerebral peduncle L	3138	0.555661	0.000688	0.001179	0.000443
sub-10329	CONTROL	22	M	0.229400	18	Anterior limb of internal capsule R	3018	0.549232	0.000695	0.001172	0.000457
sub-10329	CONTROL	22	M	0.229400	19	Anterior limb of internal capsule L	3754	0.603725	0.000685	0.001228	0.000413
sub-10329	CONTROL	22	M	0.229400	20	Posterior limb of internal capsule R	3752	0.594117	0.000692	0.001223	0.000426
sub-10329	CONTROL	22	M	0.229400	21	Posterior limb of internal capsule L	2515	0.574686	0.000727	0.001251	0.000465
sub-10329	CONTROL	22	M	0.229400	22	Retrolenticular part of internal capsule R	2469	0.578827	0.000740	0.001282	0.000470
sub-10329	CONTROL	22	M	0.229400	23	Retrolenticular part of internal capsule L	6849	0.475710	0.000725	0.001141	0.000517
sub-10329	CONTROL	22	M	0.229400	24	Anterior corona radiata R	6852	0.481710	0.000722	0.001141	0.000513
sub-10329	CONTROL	22	M	0.229400	25	Anterior corona radiata L	7500	0.475147	0.000704	0.001093	0.000509
sub-10329	CONTROL	22	M	0.229400	26	Superior corona radiata R	7508	0.486812	0.000718	0.001124	0.000515
sub-10329	CONTROL	22	M	0.229400	27	Superior corona radiata L	3728	0.510570	0.000754	0.001203	0.000530
sub-10329	CONTROL	22	M	0.229400	28	Posterior corona radiata R	3714	0.491644	0.000776	0.001217	0.000556
sub-10329	CONTROL	22	M	0.229400	29	Posterior corona radiata L	3972	0.560775	0.000769	0.001310	0.000498
sub-10329	CONTROL	22	M	0.229400	30	Posterior thalamic radiation (include optic radiation) R	3978	0.528949	0.000815	0.001343	0.000551
sub-10329	CONTROL	22	M	0.229400	31	Posterior thalamic radiation (include optic radiation) L	2228	0.539374	0.000811	0.001346	0.000544
sub-10329	CONTROL	22	M	0.229400	32	Sagittal stratum (include inferior longitidinal fasciculus and inferior fronto-occipital fasciculus) R	2231	0.490402	0.000942	0.001456	0.000685
sub-10329	CONTROL	22	M	0.229400	33	Sagittal stratum (include inferior longitidinal fasciculus and inferior fronto-occipital fasciculus) L	3650	0.367628	0.000716	0.001026	0.000561
sub-10329	CONTROL	22	M	0.229400	34	External capsule R	3650	0.371502	0.000728	0.001045	0.000570
sub-10329	CONTROL	22	M	0.229400	35	External capsule L	2342	0.500099	0.000774	0.001263	0.000530
sub-10329	CONTROL	22	M	0.229400	36	Cingulum (cingulate gyrus) R	2751	0.541867	0.000763	0.001303	0.000493
sub-10329	CONTROL	22	M	0.229400	37	Cingulum (cingulate gyrus) L	1236	0.398410	0.000797	0.001155	0.000618
sub-10329	CONTROL	22	M	0.229400	38	Cingulum (hippocampus) R	1155	0.385666	0.000823	0.001165	0.000651
sub-10329	CONTROL	22	M	0.229400	39	Cingulum (hippocampus) L	1124	0.495615	0.000899	0.001443	0.000627
sub-10329	CONTROL	22	M	0.229400	40	Fornix (cres) / Stria terminalis (can not be resolved with current resolution) R	1125	0.522859	0.000885	0.001433	0.000611
sub-10329	CONTROL	22	M	0.229400	41	Fornix (cres) / Stria terminalis (can not be resolved with current resolution) L	6607	0.477184	0.000728	0.001143	0.000521
sub-10329	CONTROL	22	M	0.229400	42	Superior longitudinal fasciculus R	6605	0.471964	0.000729	0.001141	0.000524
sub-10329	CONTROL	22	M	0.229400	43	Superior longitudinal fasciculus L	507	0.482650	0.000690	0.001097	0.000487
sub-10329	CONTROL	22	M	0.229400	44	Superior fronto-occipital fasciculus (could be a part of anterior internal capsule) R	507	0.453154	0.000698	0.001062	0.000516
sub-10329	CONTROL	22	M	0.229400	45	Superior fronto-occipital fasciculus (could be a part of anterior internal capsule) L	1961	0.430641	0.000754	0.001146	0.000558
sub-10329	CONTROL	22	M	0.229400	46	Inferior fronto-occipital fasciculus R	1937	0.425845	0.000762	0.001150	0.000568
sub-10329	CONTROL	22	M	0.229400	47	Inferior fronto-occipital fasciculus L	380	0.474112	0.000715	0.001128	0.000508
sub-10329	CONTROL	22	M	0.229400	48	Uncinate fasciculus R	376	0.434983	0.000753	0.001140	0.000559
sub-10329	CONTROL	22	M	0.229400	49	Uncinate fasciculus L	596	0.443702	0.001257	0.001814	0.000978
sub-10329	CONTROL	22	M	0.229400	50	Tapetum R	600	0.370113	0.001458	0.001965	0.001205
sub-10340	CONTROL	32	M	0.212900	1	Unclassified	13379	0.473210	0.000739	0.001161	0.000528
sub-10340	CONTROL	32	M	0.212900	2	Middle cerebellar peduncle	1500	0.430079	0.000692	0.001022	0.000526
sub-10340	CONTROL	32	M	0.212900	3	Pontine crossing tract (a part of MCP)	8851	0.530732	0.001121	0.001776	0.000794
sub-10340	CONTROL	32	M	0.212900	4	Genu of corpus callosum	13682	0.594673	0.000911	0.001596	0.000569
sub-10340	CONTROL	32	M	0.212900	5	Body of corpus callosum	12682	0.697967	0.000801	0.001569	0.000417
sub-10340	CONTROL	32	M	0.212900	6	Splenium of corpus callosum	659	0.395345	0.001460	0.002054	0.001163
sub-10340	CONTROL	32	M	0.212900	7	Fornix (column and body of fornix)	1194	0.494921	0.000654	0.001024	0.000469
sub-10340	CONTROL	32	M	0.212900	8	Corticospinal tract R	1172	0.518414	0.000754	0.001245	0.000509
sub-10340	CONTROL	32	M	0.212900	9	Corticospinal tract L	659	0.546228	0.000727	0.001266	0.000457
sub-10340	CONTROL	32	M	0.212900	10	Medial lemniscus R	656	0.534648	0.000730	0.001260	0.000465
sub-10340	CONTROL	32	M	0.212900	11	Medial lemniscus L	599	0.492466	0.000662	0.001084	0.000451
sub-10340	CONTROL	32	M	0.212900	12	Inferior cerebellar peduncle R	570	0.472662	0.000698	0.001131	0.000482
sub-10340	CONTROL	32	M	0.212900	13	Inferior cerebellar peduncle L	992	0.547254	0.001037	0.001684	0.000713
sub-10340	CONTROL	32	M	0.212900	14	Superior cerebellar peduncle R	992	0.505232	0.001157	0.001784	0.000844
sub-10340	CONTROL	32	M	0.212900	15	Superior cerebellar peduncle L	2266	0.646984	0.000755	0.001406	0.000430
sub-10340	CONTROL	32	M	0.212900	16	Cerebral peduncle R	2266	0.602817	0.000840	0.001480	0.000519
sub-10340	CONTROL	32	M	0.212900	17	Cerebral peduncle L	3138	0.538786	0.000662	0.001115	0.000436
sub-10340	CONTROL	32	M	0.212900	18	Anterior limb of internal capsule R	3018	0.518164	0.000698	0.001152	0.000471
sub-10340	CONTROL	32	M	0.212900	19	Anterior limb of internal capsule L	3754	0.593469	0.000710	0.001261	0.000435
sub-10340	CONTROL	32	M	0.212900	20	Posterior limb of internal capsule R	3752	0.604521	0.000699	0.001253	0.000421
sub-10340	CONTROL	32	M	0.212900	21	Posterior limb of internal capsule L	2515	0.571857	0.000819	0.001413	0.000522
sub-10340	CONTROL	32	M	0.212900	22	Retrolenticular part of internal capsule R	2469	0.597057	0.000809	0.001423	0.000502
sub-10340	CONTROL	32	M	0.212900	23	Retrolenticular part of internal capsule L	6849	0.436396	0.000795	0.001188	0.000598
sub-10340	CONTROL	32	M	0.212900	24	Anterior corona radiata R	6850	0.449650	0.000761	0.001154	0.000565
sub-10340	CONTROL	32	M	0.212900	25	Anterior corona radiata L	7500	0.455793	0.000724	0.001110	0.000531
sub-10340	CONTROL	32	M	0.212900	26	Superior corona radiata R	7508	0.462845	0.000765	0.001181	0.000557
sub-10340	CONTROL	32	M	0.212900	27	Superior corona radiata L	3728	0.452702	0.000823	0.001247	0.000612
sub-10340	CONTROL	32	M	0.212900	28	Posterior corona radiata R	3714	0.420365	0.000829	0.001215	0.000637
sub-10340	CONTROL	32	M	0.212900	29	Posterior corona radiata L	3972	0.557754	0.000787	0.001331	0.000515
sub-10340	CONTROL	32	M	0.212900	30	Posterior thalamic radiation (include optic radiation) R	3978	0.519302	0.000916	0.001462	0.000643
sub-10340	CONTROL	32	M	0.212900	31	Posterior thalamic radiation (include optic radiation) L	2228	0.499401	0.000860	0.001370	0.000604
sub-10340	CONTROL	32	M	0.212900	32	Sagittal stratum (include inferior longitidinal fasciculus and inferior fronto-occipital fasciculus) R	2231	0.475066	0.000908	0.001402	0.000661
sub-10340	CONTROL	32	M	0.212900	33	Sagittal stratum (include inferior longitidinal fasciculus and inferior fronto-occipital fasciculus) L	3650	0.360174	0.000732	0.001036	0.000580
sub-10340	CONTROL	32	M	0.212900	34	External capsule R	3650	0.371872	0.000729	0.001046	0.000571
sub-10340	CONTROL	32	M	0.212900	35	External capsule L	2342	0.455862	0.000756	0.001179	0.000544
sub-10340	CONTROL	32	M	0.212900	36	Cingulum (cingulate gyrus) R	2751	0.523597	0.000771	0.001291	0.000511
sub-10340	CONTROL	32	M	0.212900	37	Cingulum (cingulate gyrus) L	1235	0.403946	0.000803	0.001155	0.000627
sub-10340	CONTROL	32	M	0.212900	38	Cingulum (hippocampus) R	1155	0.393932	0.000795	0.001149	0.000617
sub-10340	CONTROL	32	M	0.212900	39	Cingulum (hippocampus) L	1124	0.456602	0.000979	0.001470	0.000733
sub-10340	CONTROL	32	M	0.212900	40	Fornix (cres) / Stria terminalis (can not be resolved with current resolution) R	1125	0.468990	0.000947	0.001441	0.000699
sub-10340	CONTROL	32	M	0.212900	41	Fornix (cres) / Stria terminalis (can not be resolved with current resolution) L	6607	0.460874	0.000742	0.001138	0.000544
sub-10340	CONTROL	32	M	0.212900	42	Superior longitudinal fasciculus R	6605	0.431993	0.000752	0.001127	0.000565
sub-10340	CONTROL	32	M	0.212900	43	Superior longitudinal fasciculus L	507	0.479095	0.000700	0.001112	0.000494
sub-10340	CONTROL	32	M	0.212900	44	Superior fronto-occipital fasciculus (could be a part of anterior internal capsule) R	507	0.433824	0.000693	0.001049	0.000516
sub-10340	CONTROL	32	M	0.212900	45	Superior fronto-occipital fasciculus (could be a part of anterior internal capsule) L	1961	0.434698	0.000752	0.001146	0.000554
sub-10340	CONTROL	32	M	0.212900	46	Inferior fronto-occipital fasciculus R	1937	0.432786	0.000762	0.001163	0.000561
sub-10340	CONTROL	32	M	0.212900	47	Inferior fronto-occipital fasciculus L	380	0.420718	0.000712	0.001062	0.000537
sub-10340	CONTROL	32	M	0.212900	48	Uncinate fasciculus R	376	0.381309	0.000755	0.001081	0.000592
sub-10340	CONTROL	32	M	0.212900	49	Uncinate fasciculus L	596	0.360562	0.001478	0.001962	0.001236
sub-10340	CONTROL	32	M	0.212900	50	Tapetum R	600	0.274704	0.002019	0.002488	0.001785
sub-10345	CONTROL	25	M	0.169300	1	Unclassified	15338	0.499292	0.000809	0.001251	0.000589
sub-10345	CONTROL	25	M	0.169300	2	Middle cerebellar peduncle	1500	0.425321	0.000680	0.000992	0.000524
sub-10345	CONTROL	25	M	0.169300	3	Pontine crossing tract (a part of MCP)	8849	0.589447	0.001068	0.001813	0.000696
sub-10345	CONTROL	25	M	0.169300	4	Genu of corpus callosum	13603	0.655165	0.000848	0.001594	0.000474
sub-10345	CONTROL	25	M	0.169300	5	Body of corpus callosum	11516	0.758069	0.000714	0.001505	0.000319
sub-10345	CONTROL	25	M	0.169300	6	Splenium of corpus callosum	659	0.249774	0.002101	0.002515	0.001893
sub-10345	CONTROL	25	M	0.169300	7	Fornix (column and body of fornix)	1202	0.501068	0.000665	0.001057	0.000469
sub-10345	CONTROL	25	M	0.169300	8	Corticospinal tract R	1205	0.496483	0.000704	0.001102	0.000505
sub-10345	CONTROL	25	M	0.169300	9	Corticospinal tract L	683	0.602562	0.000701	0.001275	0.000414
sub-10345	CONTROL	25	M	0.169300	10	Medial lemniscus R	692	0.605821	0.000719	0.001304	0.000427
sub-10345	CONTROL	25	M	0.169300	11	Medial lemniscus L	636	0.555107	0.000660	0.001149	0.000415
sub-10345	CONTROL	25	M	0.169300	12	Inferior cerebellar peduncle R	656	0.552390	0.000660	0.001154	0.000413
sub-10345	CONTROL	25	M	0.169300	13	Inferior cerebellar peduncle L	992	0.583105	0.001013	0.001715	0.000662
sub-10345	CONTROL	25	M	0.169300	14	Superior cerebellar peduncle R	992	0.545326	0.001095	0.001772	0.000757
sub-10345	CONTROL	25	M	0.169300	15	Superior cerebellar peduncle L	2271	0.684710	0.000734	0.001418	0.000393
sub-10345	CONTROL	25	M	0.169300	16	Cerebral peduncle R	2278	0.654056	0.000767	0.001436	0.000432
sub-10345	CONTROL	25	M	0.169300	17	Cerebral peduncle L	3138	0.568158	0.000655	0.001141	0.000412
sub-10345	CONTROL	25	M	0.169300	18	Anterior limb of internal capsule R	3018	0.562085	0.000642	0.001117	0.000405
sub-10345	CONTROL	25	M	0.169300	19	Anterior limb of internal capsule L	3754	0.650141	0.000642	0.001215	0.000356
sub-10345	CONTROL	25	M	0.169300	20	Posterior limb of internal capsule R	3752	0.646686	0.000649	0.001226	0.000361
sub-10345	CONTROL	25	M	0.169300	21	Posterior limb of internal capsule L	2512	0.627970	0.000680	0.001229	0.000406
sub-10345	CONTROL	25	M	0.169300	22	Retrolenticular part of internal capsule R	2469	0.646392	0.000720	0.001338	0.000410
sub-10345	CONTROL	25	M	0.169300	23	Retrolenticular part of internal capsule L	6849	0.499173	0.000682	0.001100	0.000473
sub-10345	CONTROL	25	M	0.169300	24	Anterior corona radiata R	6852	0.489159	0.000682	0.001079	0.000483
sub-10345	CONTROL	25	M	0.169300	25	Anterior corona radiata L	7500	0.497366	0.000664	0.001058	0.000467
sub-10345	CONTROL	25	M	0.169300	26	Superior corona radiata R	7508	0.514613	0.000682	0.001098	0.000474
sub-10345	CONTROL	25	M	0.169300	27	Superior corona radiata L	3728	0.521253	0.000721	0.001170	0.000497
sub-10345	CONTROL	25	M	0.169300	28	Posterior corona radiata R	3714	0.490631	0.000747	0.001170	0.000535
sub-10345	CONTROL	25	M	0.169300	29	Posterior corona radiata L	3971	0.611261	0.000700	0.001250	0.000425
sub-10345	CONTROL	25	M	0.169300	30	Posterior thalamic radiation (include optic radiation) R	3978	0.593815	0.000778	0.001352	0.000491
sub-10345	CONTROL	25	M	0.169300	31	Posterior thalamic radiation (include optic radiation) L	2228	0.574575	0.000767	0.001309	0.000496
sub-10345	CONTROL	25	M	0.169300	32	Sagittal stratum (include inferior longitidinal fasciculus and inferior fronto-occipital fasciculus) R	2231	0.522171	0.000879	0.001402	0.000617
sub-10345	CONTROL	25	M	0.169300	33	Sagittal stratum (include inferior longitidinal fasciculus and inferior fronto-occipital fasciculus) L	3650	0.385317	0.000686	0.000995	0.000531
sub-10345	CONTROL	25	M	0.169300	34	External capsule R	3650	0.417995	0.000664	0.000995	0.000498
sub-10345	CONTROL	25	M	0.169300	35	External capsule L	2342	0.535580	0.000687	0.001160	0.000451
sub-10345	CONTROL	25	M	0.169300	36	Cingulum (cingulate gyrus) R	2751	0.578839	0.000699	0.001235	0.000431
sub-10345	CONTROL	25	M	0.169300	37	Cingulum (cingulate gyrus) L	1236	0.411700	0.000753	0.001101	0.000579
sub-10345	CONTROL	25	M	0.169300	38	Cingulum (hippocampus) R	1155	0.378586	0.000819	0.001146	0.000655
sub-10345	CONTROL	25	M	0.169300	39	Cingulum (hippocampus) L	1124	0.500117	0.000862	0.001364	0.000612
sub-10345	CONTROL	25	M	0.169300	40	Fornix (cres) / Stria terminalis (can not be resolved with current resolution) R	1125	0.517033	0.000808	0.001305	0.000560
sub-10345	CONTROL	25	M	0.169300	41	Fornix (cres) / Stria terminalis (can not be resolved with current resolution) L	6607	0.501128	0.000668	0.001074	0.000465
sub-10345	CONTROL	25	M	0.169300	42	Superior longitudinal fasciculus R	6605	0.498529	0.000682	0.001098	0.000474
sub-10345	CONTROL	25	M	0.169300	43	Superior longitudinal fasciculus L	507	0.494642	0.000611	0.000992	0.000420
sub-10345	CONTROL	25	M	0.169300	44	Superior fronto-occipital fasciculus (could be a part of anterior internal capsule) R	507	0.494832	0.000612	0.000986	0.000425
sub-10345	CONTROL	25	M	0.169300	45	Superior fronto-occipital fasciculus (could be a part of anterior internal capsule) L	1961	0.474618	0.000716	0.001140	0.000505
sub-10345	CONTROL	25	M	0.169300	46	Inferior fronto-occipital fasciculus R	1937	0.469267	0.000715	0.001129	0.000509
sub-10345	CONTROL	25	M	0.169300	47	Inferior fronto-occipital fasciculus L	380	0.485939	0.000717	0.001146	0.000503
sub-10345	CONTROL	25	M	0.169300	48	Uncinate fasciculus R	376	0.461798	0.000718	0.001121	0.000517
sub-10345	CONTROL	25	M	0.169300	49	Uncinate fasciculus L	596	0.484145	0.001243	0.001811	0.000959
sub-10345	CONTROL	25	M	0.169300	50	Tapetum R	600	0.378235	0.001716	0.002232	0.001457
sub-10377	CONTROL	49	M	0.179800	1	Unclassified	15623	0.478464	0.000843	0.001252	0.000638
sub-10377	CONTROL	49	M	0.179800	2	Middle cerebellar peduncle	1500	0.420817	0.000697	0.001029	0.000532
sub-10377	CONTROL	49	M	0.179800	3	Pontine crossing tract (a part of MCP)	8849	0.577099	0.001081	0.001775	0.000734
sub-10377	CONTROL	49	M	0.179800	4	Genu of corpus callosum	13622	0.662701	0.000851	0.001591	0.000481
sub-10377	CONTROL	49	M	0.179800	5	Body of corpus callosum	12432	0.732861	0.000707	0.001433	0.000344
sub-10377	CONTROL	49	M	0.179800	6	Splenium of corpus callosum	659	0.365423	0.001605	0.002162	0.001327
sub-10377	CONTROL	49	M	0.179800	7	Fornix (column and body of fornix)	1362	0.451607	0.000888	0.001277	0.000694
sub-10377	CONTROL	49	M	0.179800	8	Corticospinal tract R	1369	0.488858	0.000861	0.001265	0.000659
sub-10377	CONTROL	49	M	0.179800	9	Corticospinal tract L	690	0.542640	0.000773	0.001305	0.000506
sub-10377	CONTROL	49	M	0.179800	10	Medial lemniscus R	699	0.565592	0.000739	0.001278	0.000469
sub-10377	CONTROL	49	M	0.179800	11	Medial lemniscus L	968	0.434069	0.000839	0.001237	0.000639
sub-10377	CONTROL	49	M	0.179800	12	Inferior cerebellar peduncle R	966	0.447049	0.000771	0.001174	0.000570
sub-10377	CONTROL	49	M	0.179800	13	Inferior cerebellar peduncle L	992	0.590287	0.000976	0.001665	0.000632
sub-10377	CONTROL	49	M	0.179800	14	Superior cerebellar peduncle R	992	0.574462	0.001050	0.001744	0.000703
sub-10377	CONTROL	49	M	0.179800	15	Superior cerebellar peduncle L	2276	0.640005	0.000764	0.001396	0.000448
sub-10377	CONTROL	49	M	0.179800	16	Cerebral peduncle R	2267	0.646593	0.000728	0.001361	0.000412
sub-10377	CONTROL	49	M	0.179800	17	Cerebral peduncle L	3138	0.564160	0.000680	0.001179	0.000431
sub-10377	CONTROL	49	M	0.179800	18	Anterior limb of internal capsule R	3018	0.562026	0.000657	0.001131	0.000420
sub-10377	CONTROL	49	M	0.179800	19	Anterior limb of internal capsule L	3754	0.619402	0.000665	0.001218	0.000389
sub-10377	CONTROL	49	M	0.179800	20	Posterior limb of internal capsule R	3752	0.596472	0.000689	0.001226	0.000420
sub-10377	CONTROL	49	M	0.179800	21	Posterior limb of internal capsule L	2515	0.598341	0.000737	0.001291	0.000460
sub-10377	CONTROL	49	M	0.179800	22	Retrolenticular part of internal capsule R	2469	0.578729	0.000745	0.001286	0.000474
sub-10377	CONTROL	49	M	0.179800	23	Retrolenticular part of internal capsule L	6849	0.461127	0.000699	0.001071	0.000513
sub-10377	CONTROL	49	M	0.179800	24	Anterior corona radiata R	6852	0.462638	0.000680	0.001043	0.000499
sub-10377	CONTROL	49	M	0.179800	25	Anterior corona radiata L	7500	0.464021	0.000678	0.001046	0.000494
sub-10377	CONTROL	49	M	0.179800	26	Superior corona radiata R	7508	0.478574	0.000674	0.001044	0.000490
sub-10377	CONTROL	49	M	0.179800	27	Superior corona radiata L	3728	0.486625	0.000750	0.001166	0.000543
sub-10377	CONTROL	49	M	0.179800	28	Posterior corona radiata R	3714	0.464591	0.000758	0.001141	0.000566
sub-10377	CONTROL	49	M	0.179800	29	Posterior corona radiata L	3972	0.601296	0.000787	0.001369	0.000495
sub-10377	CONTROL	49	M	0.179800	30	Posterior thalamic radiation (include optic radiation) R	3973	0.579636	0.000885	0.001484	0.000586
sub-10377	CONTROL	49	M	0.179800	31	Posterior thalamic radiation (include optic radiation) L	2228	0.546345	0.000807	0.001336	0.000542
sub-10377	CONTROL	49	M	0.179800	32	Sagittal stratum (include inferior longitidinal fasciculus and inferior fronto-occipital fasciculus) R	2231	0.491999	0.000848	0.001338	0.000603
sub-10377	CONTROL	49	M	0.179800	33	Sagittal stratum (include inferior longitidinal fasciculus and inferior fronto-occipital fasciculus) L	3650	0.389736	0.000694	0.001008	0.000536
sub-10377	CONTROL	49	M	0.179800	34	External capsule R	3650	0.401638	0.000680	0.000999	0.000520
sub-10377	CONTROL	49	M	0.179800	35	External capsule L	2342	0.499106	0.000728	0.001182	0.000501
sub-10377	CONTROL	49	M	0.179800	36	Cingulum (cingulate gyrus) R	2751	0.558123	0.000713	0.001234	0.000453
sub-10377	CONTROL	49	M	0.179800	37	Cingulum (cingulate gyrus) L	1236	0.445739	0.000761	0.001162	0.000561
sub-10377	CONTROL	49	M	0.179800	38	Cingulum (hippocampus) R	1154	0.455374	0.000788	0.001185	0.000590
sub-10377	CONTROL	49	M	0.179800	39	Cingulum (hippocampus) L	1124	0.480305	0.000922	0.001437	0.000665
sub-10377	CONTROL	49	M	0.179800	40	Fornix (cres) / Stria terminalis (can not be resolved with current resolution) R	1125	0.506623	0.000851	0.001359	0.000596
sub-10377	CONTROL	49	M	0.179800	41	Fornix (cres) / Stria terminalis (can not be resolved with current resolution) L	6607	0.476661	0.000694	0.001081	0.000500
sub-10377	CONTROL	49	M	0.179800	42	Superior longitudinal fasciculus R	6605	0.464572	0.000696	0.001069	0.000509
sub-10377	CONTROL	49	M	0.179800	43	Superior longitudinal fasciculus L	507	0.542089	0.000648	0.001096	0.000425
sub-10377	CONTROL	49	M	0.179800	44	Superior fronto-occipital fasciculus (could be a part of anterior internal capsule) R	507	0.524979	0.000638	0.001061	0.000426
sub-10377	CONTROL	49	M	0.179800	45	Superior fronto-occipital fasciculus (could be a part of anterior internal capsule) L	1959	0.477345	0.000746	0.001181	0.000528
sub-10377	CONTROL	49	M	0.179800	46	Inferior fronto-occipital fasciculus R	1937	0.490051	0.000742	0.001195	0.000516
sub-10377	CONTROL	49	M	0.179800	47	Inferior fronto-occipital fasciculus L	380	0.465786	0.000690	0.001086	0.000492
sub-10377	CONTROL	49	M	0.179800	48	Uncinate fasciculus R	376	0.482334	0.000679	0.001086	0.000475
sub-10377	CONTROL	49	M	0.179800	49	Uncinate fasciculus L	596	0.401855	0.001706	0.002299	0.001409
sub-10377	CONTROL	49	M	0.179800	50	Tapetum R	600	0.258515	0.002104	0.002546	0.001883
sub-10388	CONTROL	50	F	0.269800	1	Unclassified	15636	0.471589	0.000811	0.001207	0.000612
sub-10388	CONTROL	50	F	0.269800	2	Middle cerebellar peduncle	1500	0.421368	0.000692	0.001019	0.000529
sub-10388	CONTROL	50	F	0.269800	3	Pontine crossing tract (a part of MCP)	8850	0.547980	0.001281	0.002028	0.000908
sub-10388	CONTROL	50	F	0.269800	4	Genu of corpus callosum	13573	0.628171	0.000922	0.001675	0.000546
sub-10388	CONTROL	50	F	0.269800	5	Body of corpus callosum	11695	0.730110	0.000747	0.001511	0.000365
sub-10388	CONTROL	50	F	0.269800	6	Splenium of corpus callosum	659	0.306183	0.001901	0.002442	0.001631
sub-10388	CONTROL	50	F	0.269800	7	Fornix (column and body of fornix)	1320	0.455595	0.000948	0.001364	0.000741
sub-10388	CONTROL	50	F	0.269800	8	Corticospinal tract R	1323	0.477239	0.000860	0.001289	0.000646
sub-10388	CONTROL	50	F	0.269800	9	Corticospinal tract L	690	0.538161	0.000795	0.001315	0.000535
sub-10388	CONTROL	50	F	0.269800	10	Medial lemniscus R	699	0.556113	0.000746	0.001274	0.000482
sub-10388	CONTROL	50	F	0.269800	11	Medial lemniscus L	812	0.488297	0.000734	0.001173	0.000515
sub-10388	CONTROL	50	F	0.269800	12	Inferior cerebellar peduncle R	812	0.476139	0.000756	0.001196	0.000535
sub-10388	CONTROL	50	F	0.269800	13	Inferior cerebellar peduncle L	992	0.507790	0.001140	0.001767	0.000827
sub-10388	CONTROL	50	F	0.269800	14	Superior cerebellar peduncle R	992	0.502850	0.001243	0.001887	0.000921
sub-10388	CONTROL	50	F	0.269800	15	Superior cerebellar peduncle L	2251	0.670518	0.000728	0.001384	0.000400
sub-10388	CONTROL	50	F	0.269800	16	Cerebral peduncle R	2275	0.640884	0.000754	0.001391	0.000436
sub-10388	CONTROL	50	F	0.269800	17	Cerebral peduncle L	3138	0.540337	0.000711	0.001201	0.000466
sub-10388	CONTROL	50	F	0.269800	18	Anterior limb of internal capsule R	3018	0.542717	0.000681	0.001153	0.000446
sub-10388	CONTROL	50	F	0.269800	19	Anterior limb of internal capsule L	3754	0.615681	0.000692	0.001264	0.000406
sub-10388	CONTROL	50	F	0.269800	20	Posterior limb of internal capsule R	3752	0.617928	0.000686	0.001251	0.000403
sub-10388	CONTROL	50	F	0.269800	21	Posterior limb of internal capsule L	2515	0.578606	0.000755	0.001293	0.000487
sub-10388	CONTROL	50	F	0.269800	22	Retrolenticular part of internal capsule R	2469	0.582567	0.000753	0.001310	0.000475
sub-10388	CONTROL	50	F	0.269800	23	Retrolenticular part of internal capsule L	6849	0.435487	0.000767	0.001154	0.000573
sub-10388	CONTROL	50	F	0.269800	24	Anterior corona radiata R	6852	0.443074	0.000753	0.001139	0.000560
sub-10388	CONTROL	50	F	0.269800	25	Anterior corona radiata L	7500	0.463128	0.000714	0.001090	0.000526
sub-10388	CONTROL	50	F	0.269800	26	Superior corona radiata R	7508	0.467719	0.000736	0.001128	0.000540
sub-10388	CONTROL	50	F	0.269800	27	Superior corona radiata L	3728	0.467557	0.000780	0.001197	0.000572
sub-10388	CONTROL	50	F	0.269800	28	Posterior corona radiata R	3714	0.463936	0.000800	0.001217	0.000592
sub-10388	CONTROL	50	F	0.269800	29	Posterior corona radiata L	3972	0.571923	0.000765	0.001298	0.000499
sub-10388	CONTROL	50	F	0.269800	30	Posterior thalamic radiation (include optic radiation) R	3976	0.549078	0.000898	0.001454	0.000621
sub-10388	CONTROL	50	F	0.269800	31	Posterior thalamic radiation (include optic radiation) L	2228	0.515021	0.000865	0.001391	0.000603
sub-10388	CONTROL	50	F	0.269800	32	Sagittal stratum (include inferior longitidinal fasciculus and inferior fronto-occipital fasciculus) R	2231	0.498053	0.000884	0.001381	0.000635
sub-10388	CONTROL	50	F	0.269800	33	Sagittal stratum (include inferior longitidinal fasciculus and inferior fronto-occipital fasciculus) L	3650	0.365955	0.000718	0.001022	0.000566
sub-10388	CONTROL	50	F	0.269800	34	External capsule R	3650	0.367007	0.000712	0.001013	0.000562
sub-10388	CONTROL	50	F	0.269800	35	External capsule L	2342	0.473881	0.000753	0.001185	0.000537
sub-10388	CONTROL	50	F	0.269800	36	Cingulum (cingulate gyrus) R	2751	0.498073	0.000750	0.001211	0.000520
sub-10388	CONTROL	50	F	0.269800	37	Cingulum (cingulate gyrus) L	1236	0.441073	0.000708	0.001057	0.000534
sub-10388	CONTROL	50	F	0.269800	38	Cingulum (hippocampus) R	1155	0.406574	0.000725	0.001040	0.000567
sub-10388	CONTROL	50	F	0.269800	39	Cingulum (hippocampus) L	1124	0.471123	0.000949	0.001453	0.000697
sub-10388	CONTROL	50	F	0.269800	40	Fornix (cres) / Stria terminalis (can not be resolved with current resolution) R	1125	0.487221	0.000813	0.001275	0.000583
sub-10388	CONTROL	50	F	0.269800	41	Fornix (cres) / Stria terminalis (can not be resolved with current resolution) L	6607	0.455624	0.000725	0.001101	0.000538
sub-10388	CONTROL	50	F	0.269800	42	Superior longitudinal fasciculus R	6605	0.450635	0.000741	0.001126	0.000548
sub-10388	CONTROL	50	F	0.269800	43	Superior longitudinal fasciculus L	507	0.448321	0.000660	0.001011	0.000484
sub-10388	CONTROL	50	F	0.269800	44	Superior fronto-occipital fasciculus (could be a part of anterior internal capsule) R	507	0.452740	0.000680	0.001033	0.000503
sub-10388	CONTROL	50	F	0.269800	45	Superior fronto-occipital fasciculus (could be a part of anterior internal capsule) L	1961	0.437061	0.000750	0.001150	0.000551
sub-10388	CONTROL	50	F	0.269800	46	Inferior fronto-occipital fasciculus R	1937	0.445050	0.000744	0.001148	0.000542
sub-10388	CONTROL	50	F	0.269800	47	Inferior fronto-occipital fasciculus L	380	0.458328	0.000694	0.001088	0.000497
sub-10388	CONTROL	50	F	0.269800	48	Uncinate fasciculus R	376	0.422626	0.000744	0.001121	0.000555
sub-10388	CONTROL	50	F	0.269800	49	Uncinate fasciculus L	596	0.416941	0.001455	0.002030	0.001167
sub-10388	CONTROL	50	F	0.269800	50	Tapetum R	600	0.324133	0.002164	0.002779	0.001857
sub-10438	CONTROL	25	M	0.480900	1	Unclassified	15555	0.476815	0.000856	0.001299	0.000634
sub-10438	CONTROL	25	M	0.480900	2	Middle cerebellar peduncle	1500	0.425982	0.000712	0.001031	0.000553
sub-10438	CONTROL	25	M	0.480900	3	Pontine crossing tract (a part of MCP)	8851	0.547396	0.001087	0.001784	0.000739
sub-10438	CONTROL	25	M	0.480900	4	Genu of corpus callosum	13709	0.614007	0.000913	0.001642	0.000548
sub-10438	CONTROL	25	M	0.480900	5	Body of corpus callosum	12615	0.717845	0.000772	0.001550	0.000382
sub-10438	CONTROL	25	M	0.480900	6	Splenium of corpus callosum	659	0.382793	0.001565	0.002202	0.001247
sub-10438	CONTROL	25	M	0.480900	7	Fornix (column and body of fornix)	1304	0.466332	0.000804	0.001192	0.000610
sub-10438	CONTROL	25	M	0.480900	8	Corticospinal tract R	1303	0.488162	0.000779	0.001179	0.000578
sub-10438	CONTROL	25	M	0.480900	9	Corticospinal tract L	690	0.506896	0.000803	0.001300	0.000555
sub-10438	CONTROL	25	M	0.480900	10	Medial lemniscus R	699	0.540674	0.000741	0.001247	0.000489
sub-10438	CONTROL	25	M	0.480900	11	Medial lemniscus L	741	0.461228	0.000714	0.001128	0.000508
sub-10438	CONTROL	25	M	0.480900	12	Inferior cerebellar peduncle R	753	0.461048	0.000731	0.001146	0.000523
sub-10438	CONTROL	25	M	0.480900	13	Inferior cerebellar peduncle L	992	0.539554	0.001084	0.001737	0.000757
sub-10438	CONTROL	25	M	0.480900	14	Superior cerebellar peduncle R	992	0.524493	0.001169	0.001817	0.000845
sub-10438	CONTROL	25	M	0.480900	15	Superior cerebellar peduncle L	2278	0.611732	0.000858	0.001531	0.000521
sub-10438	CONTROL	25	M	0.480900	16	Cerebral peduncle R	2278	0.627498	0.000780	0.001428	0.000457
sub-10438	CONTROL	25	M	0.480900	17	Cerebral peduncle L	3138	0.534540	0.000712	0.001199	0.000468
sub-10438	CONTROL	25	M	0.480900	18	Anterior limb of internal capsule R	3018	0.535653	0.000697	0.001172	0.000460
sub-10438	CONTROL	25	M	0.480900	19	Anterior limb of internal capsule L	3754	0.565253	0.000705	0.001210	0.000452
sub-10438	CONTROL	25	M	0.480900	20	Posterior limb of internal capsule R	3752	0.561365	0.000699	0.001192	0.000453
sub-10438	CONTROL	25	M	0.480900	21	Posterior limb of internal capsule L	2515	0.548998	0.000756	0.001262	0.000503
sub-10438	CONTROL	25	M	0.480900	22	Retrolenticular part of internal capsule R	2469	0.560610	0.000756	0.001278	0.000494
sub-10438	CONTROL	25	M	0.480900	23	Retrolenticular part of internal capsule L	6849	0.414842	0.000777	0.001154	0.000588
sub-10438	CONTROL	25	M	0.480900	24	Anterior corona radiata R	6852	0.437469	0.000733	0.001109	0.000545
sub-10438	CONTROL	25	M	0.480900	25	Anterior corona radiata L	7500	0.426164	0.000735	0.001086	0.000559
sub-10438	CONTROL	25	M	0.480900	26	Superior corona radiata R	7508	0.435326	0.000735	0.001093	0.000556
sub-10438	CONTROL	25	M	0.480900	27	Superior corona radiata L	3728	0.449528	0.000772	0.001159	0.000579
sub-10438	CONTROL	25	M	0.480900	28	Posterior corona radiata R	3714	0.437591	0.000790	0.001178	0.000597
sub-10438	CONTROL	25	M	0.480900	29	Posterior corona radiata L	3968	0.584016	0.000829	0.001443	0.000522
sub-10438	CONTROL	25	M	0.480900	30	Posterior thalamic radiation (include optic radiation) R	3978	0.567951	0.000836	0.001434	0.000537
sub-10438	CONTROL	25	M	0.480900	31	Posterior thalamic radiation (include optic radiation) L	2228	0.521901	0.000847	0.001382	0.000580
sub-10438	CONTROL	25	M	0.480900	32	Sagittal stratum (include inferior longitidinal fasciculus and inferior fronto-occipital fasciculus) R	2231	0.466929	0.000893	0.001372	0.000653
sub-10438	CONTROL	25	M	0.480900	33	Sagittal stratum (include inferior longitidinal fasciculus and inferior fronto-occipital fasciculus) L	3650	0.349464	0.000736	0.001032	0.000588
sub-10438	CONTROL	25	M	0.480900	34	External capsule R	3650	0.363511	0.000723	0.001026	0.000572
sub-10438	CONTROL	25	M	0.480900	35	External capsule L	2342	0.477441	0.000768	0.001222	0.000541
sub-10438	CONTROL	25	M	0.480900	36	Cingulum (cingulate gyrus) R	2751	0.534598	0.000766	0.001292	0.000503
sub-10438	CONTROL	25	M	0.480900	37	Cingulum (cingulate gyrus) L	1236	0.420886	0.000774	0.001155	0.000583
sub-10438	CONTROL	25	M	0.480900	38	Cingulum (hippocampus) R	1155	0.402824	0.000805	0.001180	0.000617
sub-10438	CONTROL	25	M	0.480900	39	Cingulum (hippocampus) L	1124	0.480013	0.000982	0.001533	0.000707
sub-10438	CONTROL	25	M	0.480900	40	Fornix (cres) / Stria terminalis (can not be resolved with current resolution) R	1125	0.517115	0.000912	0.001469	0.000633
sub-10438	CONTROL	25	M	0.480900	41	Fornix (cres) / Stria terminalis (can not be resolved with current resolution) L	6607	0.425843	0.000754	0.001122	0.000570
sub-10438	CONTROL	25	M	0.480900	42	Superior longitudinal fasciculus R	6605	0.428542	0.000744	0.001111	0.000561
sub-10438	CONTROL	25	M	0.480900	43	Superior longitudinal fasciculus L	507	0.455418	0.000698	0.001075	0.000510
sub-10438	CONTROL	25	M	0.480900	44	Superior fronto-occipital fasciculus (could be a part of anterior internal capsule) R	507	0.461194	0.000720	0.001113	0.000523
sub-10438	CONTROL	25	M	0.480900	45	Superior fronto-occipital fasciculus (could be a part of anterior internal capsule) L	1961	0.410678	0.000768	0.001139	0.000582
sub-10438	CONTROL	25	M	0.480900	46	Inferior fronto-occipital fasciculus R	1937	0.415446	0.000732	0.001096	0.000550
sub-10438	CONTROL	25	M	0.480900	47	Inferior fronto-occipital fasciculus L	380	0.420827	0.000776	0.001170	0.000579
sub-10438	CONTROL	25	M	0.480900	48	Uncinate fasciculus R	376	0.425028	0.000747	0.001122	0.000559
sub-10438	CONTROL	25	M	0.480900	49	Uncinate fasciculus L	596	0.386950	0.001460	0.001993	0.001193
sub-10438	CONTROL	25	M	0.480900	50	Tapetum R	600	0.325167	0.001604	0.002089	0.001362
sub-10440	CONTROL	26	F	0.327400	1	Unclassified	15628	0.468894	0.000834	0.001243	0.000629
sub-10440	CONTROL	26	F	0.327400	2	Middle cerebellar peduncle	1500	0.456667	0.000724	0.001105	0.000533
sub-10440	CONTROL	26	F	0.327400	3	Pontine crossing tract (a part of MCP)	8848	0.578038	0.001038	0.001728	0.000693
sub-10440	CONTROL	26	F	0.327400	4	Genu of corpus callosum	13681	0.652348	0.000855	0.001584	0.000490
sub-10440	CONTROL	26	F	0.327400	5	Body of corpus callosum	12349	0.739790	0.000749	0.001541	0.000353
sub-10440	CONTROL	26	F	0.327400	6	Splenium of corpus callosum	659	0.444546	0.001463	0.002172	0.001109
sub-10440	CONTROL	26	F	0.327400	7	Fornix (column and body of fornix)	1271	0.448311	0.000886	0.001292	0.000683
sub-10440	CONTROL	26	F	0.327400	8	Corticospinal tract R	1269	0.440416	0.000883	0.001288	0.000681
sub-10440	CONTROL	26	F	0.327400	9	Corticospinal tract L	690	0.539297	0.000729	0.001215	0.000487
sub-10440	CONTROL	26	F	0.327400	10	Medial lemniscus R	699	0.529885	0.000730	0.001208	0.000491
sub-10440	CONTROL	26	F	0.327400	11	Medial lemniscus L	756	0.500308	0.000703	0.001157	0.000475
sub-10440	CONTROL	26	F	0.327400	12	Inferior cerebellar peduncle R	756	0.498501	0.000706	0.001157	0.000481
sub-10440	CONTROL	26	F	0.327400	13	Inferior cerebellar peduncle L	991	0.462043	0.001180	0.001756	0.000892
sub-10440	CONTROL	26	F	0.327400	14	Superior cerebellar peduncle R	992	0.424440	0.001300	0.001844	0.001028
sub-10440	CONTROL	26	F	0.327400	15	Superior cerebellar peduncle L	2275	0.633583	0.000786	0.001432	0.000463
sub-10440	CONTROL	26	F	0.327400	16	Cerebral peduncle R	2278	0.614530	0.000762	0.001356	0.000465
sub-10440	CONTROL	26	F	0.327400	17	Cerebral peduncle L	3138	0.551158	0.000682	0.001166	0.000439
sub-10440	CONTROL	26	F	0.327400	18	Anterior limb of internal capsule R	3018	0.559351	0.000650	0.001114	0.000418
sub-10440	CONTROL	26	F	0.327400	19	Anterior limb of internal capsule L	3754	0.605348	0.000684	0.001227	0.000413
sub-10440	CONTROL	26	F	0.327400	20	Posterior limb of internal capsule R	3752	0.595597	0.000678	0.001204	0.000415
sub-10440	CONTROL	26	F	0.327400	21	Posterior limb of internal capsule L	2515	0.579897	0.000779	0.001347	0.000496
sub-10440	CONTROL	26	F	0.327400	22	Retrolenticular part of internal capsule R	2469	0.596534	0.000771	0.001360	0.000477
sub-10440	CONTROL	26	F	0.327400	23	Retrolenticular part of internal capsule L	6849	0.442404	0.000738	0.001121	0.000546
sub-10440	CONTROL	26	F	0.327400	24	Anterior corona radiata R	6852	0.452298	0.000718	0.001098	0.000528
sub-10440	CONTROL	26	F	0.327400	25	Anterior corona radiata L	7500	0.466932	0.000685	0.001059	0.000498
sub-10440	CONTROL	26	F	0.327400	26	Superior corona radiata R	7508	0.475536	0.000692	0.001073	0.000501
sub-10440	CONTROL	26	F	0.327400	27	Superior corona radiata L	3728	0.473216	0.000767	0.001181	0.000560
sub-10440	CONTROL	26	F	0.327400	28	Posterior corona radiata R	3714	0.470340	0.000779	0.001194	0.000571
sub-10440	CONTROL	26	F	0.327400	29	Posterior corona radiata L	3972	0.594671	0.000799	0.001400	0.000498
sub-10440	CONTROL	26	F	0.327400	30	Posterior thalamic radiation (include optic radiation) R	3978	0.545683	0.000861	0.001429	0.000578
sub-10440	CONTROL	26	F	0.327400	31	Posterior thalamic radiation (include optic radiation) L	2228	0.520264	0.000807	0.001304	0.000559
sub-10440	CONTROL	26	F	0.327400	32	Sagittal stratum (include inferior longitidinal fasciculus and inferior fronto-occipital fasciculus) R	2231	0.501005	0.000883	0.001402	0.000624
sub-10440	CONTROL	26	F	0.327400	33	Sagittal stratum (include inferior longitidinal fasciculus and inferior fronto-occipital fasciculus) L	3650	0.381255	0.000690	0.001000	0.000536
sub-10440	CONTROL	26	F	0.327400	34	External capsule R	3650	0.392563	0.000699	0.001023	0.000538
sub-10440	CONTROL	26	F	0.327400	35	External capsule L	2342	0.503031	0.000727	0.001193	0.000494
sub-10440	CONTROL	26	F	0.327400	36	Cingulum (cingulate gyrus) R	2751	0.529519	0.000728	0.001228	0.000477
sub-10440	CONTROL	26	F	0.327400	37	Cingulum (cingulate gyrus) L	1236	0.424676	0.000750	0.001104	0.000573
sub-10440	CONTROL	26	F	0.327400	38	Cingulum (hippocampus) R	1155	0.378531	0.000801	0.001122	0.000640
sub-10440	CONTROL	26	F	0.327400	39	Cingulum (hippocampus) L	1124	0.499252	0.000934	0.001488	0.000658
sub-10440	CONTROL	26	F	0.327400	40	Fornix (cres) / Stria terminalis (can not be resolved with current resolution) R	1125	0.507776	0.000881	0.001411	0.000616
sub-10440	CONTROL	26	F	0.327400	41	Fornix (cres) / Stria terminalis (can not be resolved with current resolution) L	6607	0.473508	0.000722	0.001121	0.000523
sub-10440	CONTROL	26	F	0.327400	42	Superior longitudinal fasciculus R	6605	0.464351	0.000723	0.001116	0.000526
sub-10440	CONTROL	26	F	0.327400	43	Superior longitudinal fasciculus L	507	0.479393	0.000680	0.001073	0.000483
sub-10440	CONTROL	26	F	0.327400	44	Superior fronto-occipital fasciculus (could be a part of anterior internal capsule) R	507	0.455532	0.000653	0.001006	0.000477
sub-10440	CONTROL	26	F	0.327400	45	Superior fronto-occipital fasciculus (could be a part of anterior internal capsule) L	1961	0.447844	0.000725	0.001124	0.000526
sub-10440	CONTROL	26	F	0.327400	46	Inferior fronto-occipital fasciculus R	1937	0.457028	0.000745	0.001169	0.000533
sub-10440	CONTROL	26	F	0.327400	47	Inferior fronto-occipital fasciculus L	380	0.438797	0.000743	0.001134	0.000548
sub-10440	CONTROL	26	F	0.327400	48	Uncinate fasciculus R	376	0.404875	0.000744	0.001094	0.000570
sub-10440	CONTROL	26	F	0.327400	49	Uncinate fasciculus L	596	0.414757	0.001471	0.002019	0.001197
sub-10440	CONTROL	26	F	0.327400	50	Tapetum R	600	0.313548	0.001827	0.002340	0.001571
sub-10448	CONTROL	37	M	0.207100	1	Unclassified	15581	0.459244	0.000796	0.001190	0.000599
sub-10448	CONTROL	37	M	0.207100	2	Middle cerebellar peduncle	1500	0.417473	0.000710	0.001026	0.000552
sub-10448	CONTROL	37	M	0.207100	3	Pontine crossing tract (a part of MCP)	8850	0.580932	0.001017	0.001701	0.000675
sub-10448	CONTROL	37	M	0.207100	4	Genu of corpus callosum	13676	0.615143	0.000940	0.001687	0.000567
sub-10448	CONTROL	37	M	0.207100	5	Body of corpus callosum	12305	0.740922	0.000731	0.001504	0.000345
sub-10448	CONTROL	37	M	0.207100	6	Splenium of corpus callosum	659	0.416995	0.001321	0.001880	0.001041
sub-10448	CONTROL	37	M	0.207100	7	Fornix (column and body of fornix)	1362	0.448003	0.000883	0.001257	0.000697
sub-10448	CONTROL	37	M	0.207100	8	Corticospinal tract R	1369	0.457365	0.000882	0.001236	0.000705
sub-10448	CONTROL	37	M	0.207100	9	Corticospinal tract L	690	0.522293	0.000746	0.001228	0.000505
sub-10448	CONTROL	37	M	0.207100	10	Medial lemniscus R	699	0.523239	0.000756	0.001249	0.000509
sub-10448	CONTROL	37	M	0.207100	11	Medial lemniscus L	968	0.388728	0.000987	0.001332	0.000814
sub-10448	CONTROL	37	M	0.207100	12	Inferior cerebellar peduncle R	968	0.387469	0.001010	0.001348	0.000840
sub-10448	CONTROL	37	M	0.207100	13	Inferior cerebellar peduncle L	992	0.546156	0.000881	0.001467	0.000588
sub-10448	CONTROL	37	M	0.207100	14	Superior cerebellar peduncle R	992	0.527013	0.000960	0.001542	0.000669
sub-10448	CONTROL	37	M	0.207100	15	Superior cerebellar peduncle L	2278	0.631994	0.000802	0.001461	0.000472
sub-10448	CONTROL	37	M	0.207100	16	Cerebral peduncle R	2273	0.639468	0.000732	0.001352	0.000423
sub-10448	CONTROL	37	M	0.207100	17	Cerebral peduncle L	3138	0.563507	0.000704	0.001214	0.000449
sub-10448	CONTROL	37	M	0.207100	18	Anterior limb of internal capsule R	3018	0.535115	0.000688	0.001133	0.000465
sub-10448	CONTROL	37	M	0.207100	19	Anterior limb of internal capsule L	3754	0.580231	0.000699	0.001219	0.000438
sub-10448	CONTROL	37	M	0.207100	20	Posterior limb of internal capsule R	3752	0.569322	0.000707	0.001217	0.000452
sub-10448	CONTROL	37	M	0.207100	21	Posterior limb of internal capsule L	2515	0.555497	0.000740	0.001245	0.000488
sub-10448	CONTROL	37	M	0.207100	22	Retrolenticular part of internal capsule R	2469	0.571674	0.000771	0.001317	0.000497
sub-10448	CONTROL	37	M	0.207100	23	Retrolenticular part of internal capsule L	6849	0.478913	0.000708	0.001119	0.000502
sub-10448	CONTROL	37	M	0.207100	24	Anterior corona radiata R	6852	0.463219	0.000701	0.001074	0.000514
sub-10448	CONTROL	37	M	0.207100	25	Anterior corona radiata L	7500	0.446285	0.000718	0.001089	0.000533
sub-10448	CONTROL	37	M	0.207100	26	Superior corona radiata R	7508	0.433307	0.000738	0.001094	0.000560
sub-10448	CONTROL	37	M	0.207100	27	Superior corona radiata L	3728	0.473159	0.000760	0.001171	0.000554
sub-10448	CONTROL	37	M	0.207100	28	Posterior corona radiata R	3714	0.440426	0.000802	0.001201	0.000602
sub-10448	CONTROL	37	M	0.207100	29	Posterior corona radiata L	3972	0.533758	0.000764	0.001271	0.000510
sub-10448	CONTROL	37	M	0.207100	30	Posterior thalamic radiation (include optic radiation) R	3978	0.526052	0.000844	0.001376	0.000578
sub-10448	CONTROL	37	M	0.207100	31	Posterior thalamic radiation (include optic radiation) L	2228	0.484236	0.000785	0.001224	0.000566
sub-10448	CONTROL	37	M	0.207100	32	Sagittal stratum (include inferior longitidinal fasciculus and inferior fronto-occipital fasciculus) R	2231	0.468341	0.000826	0.001252	0.000613
sub-10448	CONTROL	37	M	0.207100	33	Sagittal stratum (include inferior longitidinal fasciculus and inferior fronto-occipital fasciculus) L	3650	0.321111	0.000732	0.000995	0.000600
sub-10448	CONTROL	37	M	0.207100	34	External capsule R	3650	0.346395	0.000708	0.000988	0.000568
sub-10448	CONTROL	37	M	0.207100	35	External capsule L	2342	0.422238	0.000746	0.001112	0.000563
sub-10448	CONTROL	37	M	0.207100	36	Cingulum (cingulate gyrus) R	2751	0.456865	0.000748	0.001152	0.000546
sub-10448	CONTROL	37	M	0.207100	37	Cingulum (cingulate gyrus) L	1236	0.369077	0.000769	0.001073	0.000618
sub-10448	CONTROL	37	M	0.207100	38	Cingulum (hippocampus) R	1155	0.387463	0.000820	0.001149	0.000656
sub-10448	CONTROL	37	M	0.207100	39	Cingulum (hippocampus) L	1124	0.470903	0.000881	0.001343	0.000651
sub-10448	CONTROL	37	M	0.207100	40	Fornix (cres) / Stria terminalis (can not be resolved with current resolution) R	1125	0.494618	0.000934	0.001472	0.000665
sub-10448	CONTROL	37	M	0.207100	41	Fornix (cres) / Stria terminalis (can not be resolved with current resolution) L	6607	0.452870	0.000710	0.001071	0.000529
sub-10448	CONTROL	37	M	0.207100	42	Superior longitudinal fasciculus R	6605	0.436010	0.000734	0.001085	0.000558
sub-10448	CONTROL	37	M	0.207100	43	Superior longitudinal fasciculus L	507	0.478255	0.000688	0.001073	0.000496
sub-10448	CONTROL	37	M	0.207100	44	Superior fronto-occipital fasciculus (could be a part of anterior internal capsule) R	507	0.405465	0.000717	0.001009	0.000571
sub-10448	CONTROL	37	M	0.207100	45	Superior fronto-occipital fasciculus (could be a part of anterior internal capsule) L	1961	0.418369	0.000738	0.001096	0.000559
sub-10448	CONTROL	37	M	0.207100	46	Inferior fronto-occipital fasciculus R	1937	0.407361	0.000748	0.001106	0.000569
sub-10448	CONTROL	37	M	0.207100	47	Inferior fronto-occipital fasciculus L	380	0.364646	0.000714	0.001015	0.000563
sub-10448	CONTROL	37	M	0.207100	48	Uncinate fasciculus R	376	0.365255	0.000746	0.001054	0.000591
sub-10448	CONTROL	37	M	0.207100	49	Uncinate fasciculus L	596	0.417155	0.001426	0.001978	0.001151
sub-10448	CONTROL	37	M	0.207100	50	Tapetum R	600	0.322933	0.001986	0.002559	0.001700
sub-10460	CONTROL	40	M	0.352400	1	Unclassified	5599	0.346131	0.000686	0.001002	0.000528
sub-10460	CONTROL	40	M	0.352400	2	Middle cerebellar peduncle	1112	0.420042	0.000619	0.000948	0.000454
sub-10460	CONTROL	40	M	0.352400	3	Pontine crossing tract (a part of MCP)	8835	0.574557	0.000898	0.001495	0.000600
sub-10460	CONTROL	40	M	0.352400	4	Genu of corpus callosum	13664	0.638982	0.000809	0.001479	0.000474
sub-10460	CONTROL	40	M	0.352400	5	Body of corpus callosum	12241	0.726019	0.000697	0.001398	0.000346
sub-10460	CONTROL	40	M	0.352400	6	Splenium of corpus callosum	659	0.407454	0.001374	0.001950	0.001086
sub-10460	CONTROL	40	M	0.352400	7	Fornix (column and body of fornix)	880	0.482566	0.000633	0.001002	0.000448
sub-10460	CONTROL	40	M	0.352400	8	Corticospinal tract R	900	0.452607	0.000843	0.001272	0.000629
sub-10460	CONTROL	40	M	0.352400	9	Corticospinal tract L	362	0.517662	0.000608	0.001086	0.000369
sub-10460	CONTROL	40	M	0.352400	10	Medial lemniscus R	370	0.492053	0.000621	0.001099	0.000382
sub-10460	CONTROL	40	M	0.352400	11	Medial lemniscus L	372	0.434444	0.000628	0.001013	0.000436
sub-10460	CONTROL	40	M	0.352400	12	Inferior cerebellar peduncle R	372	0.433012	0.000618	0.001004	0.000425
sub-10460	CONTROL	40	M	0.352400	13	Inferior cerebellar peduncle L	983	0.595801	0.000813	0.001451	0.000494
sub-10460	CONTROL	40	M	0.352400	14	Superior cerebellar peduncle R	977	0.561642	0.000944	0.001595	0.000618
sub-10460	CONTROL	40	M	0.352400	15	Superior cerebellar peduncle L	2260	0.658694	0.000680	0.001282	0.000379
sub-10460	CONTROL	40	M	0.352400	16	Cerebral peduncle R	2272	0.651157	0.000728	0.001352	0.000415
sub-10460	CONTROL	40	M	0.352400	17	Cerebral peduncle L	3138	0.551074	0.000616	0.001047	0.000400
sub-10460	CONTROL	40	M	0.352400	18	Anterior limb of internal capsule R	3017	0.538076	0.000618	0.001038	0.000407
sub-10460	CONTROL	40	M	0.352400	19	Anterior limb of internal capsule L	3754	0.615840	0.000647	0.001181	0.000380
sub-10460	CONTROL	40	M	0.352400	20	Posterior limb of internal capsule R	3752	0.606209	0.000641	0.001155	0.000383
sub-10460	CONTROL	40	M	0.352400	21	Posterior limb of internal capsule L	2515	0.552174	0.000739	0.001237	0.000491
sub-10460	CONTROL	40	M	0.352400	22	Retrolenticular part of internal capsule R	2469	0.552629	0.000742	0.001257	0.000484
sub-10460	CONTROL	40	M	0.352400	23	Retrolenticular part of internal capsule L	6849	0.456252	0.000662	0.001019	0.000483
sub-10460	CONTROL	40	M	0.352400	24	Anterior corona radiata R	6852	0.455087	0.000656	0.001003	0.000482
sub-10460	CONTROL	40	M	0.352400	25	Anterior corona radiata L	7500	0.486389	0.000678	0.001069	0.000482
sub-10460	CONTROL	40	M	0.352400	26	Superior corona radiata R	7508	0.495650	0.000674	0.001075	0.000474
sub-10460	CONTROL	40	M	0.352400	27	Superior corona radiata L	3728	0.468125	0.000754	0.001154	0.000554
sub-10460	CONTROL	40	M	0.352400	28	Posterior corona radiata R	3714	0.479645	0.000751	0.001169	0.000543
sub-10460	CONTROL	40	M	0.352400	29	Posterior corona radiata L	3961	0.546740	0.000811	0.001360	0.000536
sub-10460	CONTROL	40	M	0.352400	30	Posterior thalamic radiation (include optic radiation) R	3978	0.539156	0.000796	0.001327	0.000531
sub-10460	CONTROL	40	M	0.352400	31	Posterior thalamic radiation (include optic radiation) L	2228	0.515266	0.000795	0.001296	0.000545
sub-10460	CONTROL	40	M	0.352400	32	Sagittal stratum (include inferior longitidinal fasciculus and inferior fronto-occipital fasciculus) R	2231	0.460573	0.000817	0.001262	0.000595
sub-10460	CONTROL	40	M	0.352400	33	Sagittal stratum (include inferior longitidinal fasciculus and inferior fronto-occipital fasciculus) L	3650	0.398683	0.000662	0.000969	0.000508
sub-10460	CONTROL	40	M	0.352400	34	External capsule R	3650	0.400684	0.000674	0.000986	0.000518
sub-10460	CONTROL	40	M	0.352400	35	External capsule L	2342	0.519245	0.000698	0.001158	0.000467
sub-10460	CONTROL	40	M	0.352400	36	Cingulum (cingulate gyrus) R	2751	0.551338	0.000707	0.001216	0.000453
sub-10460	CONTROL	40	M	0.352400	37	Cingulum (cingulate gyrus) L	1236	0.443104	0.000783	0.001201	0.000574
sub-10460	CONTROL	40	M	0.352400	38	Cingulum (hippocampus) R	1155	0.405118	0.000819	0.001181	0.000638
sub-10460	CONTROL	40	M	0.352400	39	Cingulum (hippocampus) L	1124	0.488718	0.000862	0.001370	0.000607
sub-10460	CONTROL	40	M	0.352400	40	Fornix (cres) / Stria terminalis (can not be resolved with current resolution) R	1125	0.516665	0.000789	0.001287	0.000539
sub-10460	CONTROL	40	M	0.352400	41	Fornix (cres) / Stria terminalis (can not be resolved with current resolution) L	6607	0.443139	0.000703	0.001056	0.000526
sub-10460	CONTROL	40	M	0.352400	42	Superior longitudinal fasciculus R	6605	0.424737	0.000700	0.001035	0.000532
sub-10460	CONTROL	40	M	0.352400	43	Superior longitudinal fasciculus L	507	0.444152	0.000630	0.000973	0.000459
sub-10460	CONTROL	40	M	0.352400	44	Superior fronto-occipital fasciculus (could be a part of anterior internal capsule) R	507	0.438243	0.000608	0.000929	0.000447
sub-10460	CONTROL	40	M	0.352400	45	Superior fronto-occipital fasciculus (could be a part of anterior internal capsule) L	1961	0.477153	0.000704	0.001121	0.000496
sub-10460	CONTROL	40	M	0.352400	46	Inferior fronto-occipital fasciculus R	1937	0.482689	0.000745	0.001186	0.000524
sub-10460	CONTROL	40	M	0.352400	47	Inferior fronto-occipital fasciculus L	380	0.459586	0.000723	0.001123	0.000524
sub-10460	CONTROL	40	M	0.352400	48	Uncinate fasciculus R	376	0.403584	0.000730	0.001077	0.000557
sub-10460	CONTROL	40	M	0.352400	49	Uncinate fasciculus L	596	0.406269	0.001502	0.002046	0.001230
sub-10460	CONTROL	40	M	0.352400	50	Tapetum R	600	0.316313	0.001794	0.002271	0.001555
sub-10471	CONTROL	30	F	0.217800	1	Unclassified	15633	0.472967	0.000847	0.001266	0.000637
sub-10471	CONTROL	30	F	0.217800	2	Middle cerebellar peduncle	1500	0.442487	0.000680	0.001036	0.000502
sub-10471	CONTROL	30	F	0.217800	3	Pontine crossing tract (a part of MCP)	8843	0.536479	0.001147	0.001811	0.000816
sub-10471	CONTROL	30	F	0.217800	4	Genu of corpus callosum	13682	0.596147	0.000947	0.001647	0.000597
sub-10471	CONTROL	30	F	0.217800	5	Body of corpus callosum	12199	0.718003	0.000741	0.001462	0.000381
sub-10471	CONTROL	30	F	0.217800	6	Splenium of corpus callosum	659	0.339859	0.001776	0.002420	0.001455
sub-10471	CONTROL	30	F	0.217800	7	Fornix (column and body of fornix)	1362	0.449066	0.000904	0.001298	0.000707
sub-10471	CONTROL	30	F	0.217800	8	Corticospinal tract R	1369	0.460947	0.000915	0.001303	0.000720
sub-10471	CONTROL	30	F	0.217800	9	Corticospinal tract L	690	0.535502	0.000745	0.001245	0.000495
sub-10471	CONTROL	30	F	0.217800	10	Medial lemniscus R	699	0.534483	0.000744	0.001240	0.000495
sub-10471	CONTROL	30	F	0.217800	11	Medial lemniscus L	968	0.443982	0.000916	0.001321	0.000714
sub-10471	CONTROL	30	F	0.217800	12	Inferior cerebellar peduncle R	968	0.418149	0.000883	0.001283	0.000683
sub-10471	CONTROL	30	F	0.217800	13	Inferior cerebellar peduncle L	991	0.505659	0.001222	0.001892	0.000887
sub-10471	CONTROL	30	F	0.217800	14	Superior cerebellar peduncle R	992	0.486009	0.001319	0.001972	0.000993
sub-10471	CONTROL	30	F	0.217800	15	Superior cerebellar peduncle L	2275	0.583119	0.000861	0.001462	0.000560
sub-10471	CONTROL	30	F	0.217800	16	Cerebral peduncle R	2277	0.605701	0.000815	0.001434	0.000505
sub-10471	CONTROL	30	F	0.217800	17	Cerebral peduncle L	3138	0.522368	0.000732	0.001218	0.000489
sub-10471	CONTROL	30	F	0.217800	18	Anterior limb of internal capsule R	3018	0.513940	0.000702	0.001148	0.000478
sub-10471	CONTROL	30	F	0.217800	19	Anterior limb of internal capsule L	3754	0.582553	0.000694	0.001224	0.000430
sub-10471	CONTROL	30	F	0.217800	20	Posterior limb of internal capsule R	3752	0.582697	0.000715	0.001261	0.000442
sub-10471	CONTROL	30	F	0.217800	21	Posterior limb of internal capsule L	2515	0.574140	0.000743	0.001268	0.000480
sub-10471	CONTROL	30	F	0.217800	22	Retrolenticular part of internal capsule R	2469	0.582099	0.000770	0.001338	0.000486
sub-10471	CONTROL	30	F	0.217800	23	Retrolenticular part of internal capsule L	6849	0.420356	0.000734	0.001085	0.000559
sub-10471	CONTROL	30	F	0.217800	24	Anterior corona radiata R	6852	0.433671	0.000723	0.001081	0.000544
sub-10471	CONTROL	30	F	0.217800	25	Anterior corona radiata L	7500	0.448437	0.000703	0.001068	0.000520
sub-10471	CONTROL	30	F	0.217800	26	Superior corona radiata R	7508	0.454196	0.000714	0.001088	0.000526
sub-10471	CONTROL	30	F	0.217800	27	Superior corona radiata L	3728	0.442678	0.000771	0.001160	0.000577
sub-10471	CONTROL	30	F	0.217800	28	Posterior corona radiata R	3714	0.422398	0.000815	0.001197	0.000624
sub-10471	CONTROL	30	F	0.217800	29	Posterior corona radiata L	3970	0.587486	0.000730	0.001275	0.000458
sub-10471	CONTROL	30	F	0.217800	30	Posterior thalamic radiation (include optic radiation) R	3978	0.556318	0.000816	0.001366	0.000542
sub-10471	CONTROL	30	F	0.217800	31	Posterior thalamic radiation (include optic radiation) L	2228	0.518253	0.000872	0.001393	0.000612
sub-10471	CONTROL	30	F	0.217800	32	Sagittal stratum (include inferior longitidinal fasciculus and inferior fronto-occipital fasciculus) R	2231	0.487396	0.000944	0.001459	0.000687
sub-10471	CONTROL	30	F	0.217800	33	Sagittal stratum (include inferior longitidinal fasciculus and inferior fronto-occipital fasciculus) L	3650	0.334671	0.000725	0.001004	0.000585
sub-10471	CONTROL	30	F	0.217800	34	External capsule R	3650	0.360090	0.000719	0.001020	0.000569
sub-10471	CONTROL	30	F	0.217800	35	External capsule L	2342	0.452900	0.000773	0.001197	0.000562
sub-10471	CONTROL	30	F	0.217800	36	Cingulum (cingulate gyrus) R	2751	0.493199	0.000767	0.001245	0.000528
sub-10471	CONTROL	30	F	0.217800	37	Cingulum (cingulate gyrus) L	1236	0.377923	0.000780	0.001073	0.000633
sub-10471	CONTROL	30	F	0.217800	38	Cingulum (hippocampus) R	1155	0.327960	0.000875	0.001140	0.000742
sub-10471	CONTROL	30	F	0.217800	39	Cingulum (hippocampus) L	1124	0.458014	0.000994	0.001500	0.000741
sub-10471	CONTROL	30	F	0.217800	40	Fornix (cres) / Stria terminalis (can not be resolved with current resolution) R	1125	0.459062	0.000932	0.001411	0.000692
sub-10471	CONTROL	30	F	0.217800	41	Fornix (cres) / Stria terminalis (can not be resolved with current resolution) L	6607	0.459375	0.000714	0.001098	0.000521
sub-10471	CONTROL	30	F	0.217800	42	Superior longitudinal fasciculus R	6605	0.445432	0.000728	0.001106	0.000539
sub-10471	CONTROL	30	F	0.217800	43	Superior longitudinal fasciculus L	507	0.417311	0.000691	0.001024	0.000524
sub-10471	CONTROL	30	F	0.217800	44	Superior fronto-occipital fasciculus (could be a part of anterior internal capsule) R	507	0.410830	0.000661	0.000974	0.000504
sub-10471	CONTROL	30	F	0.217800	45	Superior fronto-occipital fasciculus (could be a part of anterior internal capsule) L	1961	0.436286	0.000781	0.001191	0.000576
sub-10471	CONTROL	30	F	0.217800	46	Inferior fronto-occipital fasciculus R	1937	0.433204	0.000767	0.001167	0.000567
sub-10471	CONTROL	30	F	0.217800	47	Inferior fronto-occipital fasciculus L	380	0.437703	0.000721	0.001097	0.000534
sub-10471	CONTROL	30	F	0.217800	48	Uncinate fasciculus R	376	0.412861	0.000745	0.001107	0.000563
sub-10471	CONTROL	30	F	0.217800	49	Uncinate fasciculus L	596	0.376183	0.001430	0.001917	0.001187
sub-10471	CONTROL	30	F	0.217800	50	Tapetum R	600	0.316169	0.002019	0.002561	0.001748
sub-10487	CONTROL	31	M	0.260800	1	Unclassified	5932	0.381226	0.000863	0.001230	0.000680
sub-10487	CONTROL	31	M	0.260800	2	Middle cerebellar peduncle	1356	0.420520	0.000598	0.000915	0.000440
sub-10487	CONTROL	31	M	0.260800	3	Pontine crossing tract (a part of MCP)	8848	0.559572	0.001186	0.001927	0.000815
sub-10487	CONTROL	31	M	0.260800	4	Genu of corpus callosum	13661	0.633916	0.000956	0.001728	0.000570
sub-10487	CONTROL	31	M	0.260800	5	Body of corpus callosum	12288	0.716020	0.000742	0.001476	0.000375
sub-10487	CONTROL	31	M	0.260800	6	Splenium of corpus callosum	659	0.422378	0.001419	0.002038	0.001110
sub-10487	CONTROL	31	M	0.260800	7	Fornix (column and body of fornix)	1015	0.562511	0.000584	0.001003	0.000375
sub-10487	CONTROL	31	M	0.260800	8	Corticospinal tract R	1033	0.584472	0.000595	0.001054	0.000366
sub-10487	CONTROL	31	M	0.260800	9	Corticospinal tract L	416	0.522738	0.000649	0.001161	0.000393
sub-10487	CONTROL	31	M	0.260800	10	Medial lemniscus R	419	0.522691	0.000623	0.001112	0.000379
sub-10487	CONTROL	31	M	0.260800	11	Medial lemniscus L	320	0.338028	0.000643	0.000925	0.000502
sub-10487	CONTROL	31	M	0.260800	12	Inferior cerebellar peduncle R	325	0.359613	0.000634	0.000933	0.000484
sub-10487	CONTROL	31	M	0.260800	13	Inferior cerebellar peduncle L	848	0.515572	0.000929	0.001529	0.000629
sub-10487	CONTROL	31	M	0.260800	14	Superior cerebellar peduncle R	857	0.491211	0.001027	0.001629	0.000727
sub-10487	CONTROL	31	M	0.260800	15	Superior cerebellar peduncle L	2276	0.626007	0.000791	0.001435	0.000468
sub-10487	CONTROL	31	M	0.260800	16	Cerebral peduncle R	2271	0.635058	0.000806	0.001466	0.000476
sub-10487	CONTROL	31	M	0.260800	17	Cerebral peduncle L	3138	0.517918	0.000734	0.001208	0.000497
sub-10487	CONTROL	31	M	0.260800	18	Anterior limb of internal capsule R	3018	0.534787	0.000717	0.001194	0.000478
sub-10487	CONTROL	31	M	0.260800	19	Anterior limb of internal capsule L	3754	0.568392	0.000719	0.001241	0.000458
sub-10487	CONTROL	31	M	0.260800	20	Posterior limb of internal capsule R	3752	0.575840	0.000718	0.001239	0.000457
sub-10487	CONTROL	31	M	0.260800	21	Posterior limb of internal capsule L	2515	0.551451	0.000726	0.001196	0.000490
sub-10487	CONTROL	31	M	0.260800	22	Retrolenticular part of internal capsule R	2469	0.546255	0.000754	0.001246	0.000508
sub-10487	CONTROL	31	M	0.260800	23	Retrolenticular part of internal capsule L	6849	0.428873	0.000769	0.001145	0.000581
sub-10487	CONTROL	31	M	0.260800	24	Anterior corona radiata R	6849	0.437265	0.000749	0.001123	0.000563
sub-10487	CONTROL	31	M	0.260800	25	Anterior corona radiata L	7500	0.445534	0.000734	0.001083	0.000559
sub-10487	CONTROL	31	M	0.260800	26	Superior corona radiata R	7508	0.457772	0.000748	0.001114	0.000565
sub-10487	CONTROL	31	M	0.260800	27	Superior corona radiata L	3728	0.476064	0.000758	0.001170	0.000552
sub-10487	CONTROL	31	M	0.260800	28	Posterior corona radiata R	3714	0.455475	0.000802	0.001203	0.000602
sub-10487	CONTROL	31	M	0.260800	29	Posterior corona radiata L	3972	0.566172	0.000778	0.001317	0.000509
sub-10487	CONTROL	31	M	0.260800	30	Posterior thalamic radiation (include optic radiation) R	3975	0.520224	0.000849	0.001372	0.000587
sub-10487	CONTROL	31	M	0.260800	31	Posterior thalamic radiation (include optic radiation) L	2228	0.501558	0.000835	0.001310	0.000597
sub-10487	CONTROL	31	M	0.260800	32	Sagittal stratum (include inferior longitidinal fasciculus and inferior fronto-occipital fasciculus) R	2231	0.465391	0.000925	0.001402	0.000687
sub-10487	CONTROL	31	M	0.260800	33	Sagittal stratum (include inferior longitidinal fasciculus and inferior fronto-occipital fasciculus) L	3650	0.324754	0.000754	0.001030	0.000616
sub-10487	CONTROL	31	M	0.260800	34	External capsule R	3650	0.350627	0.000753	0.001056	0.000602
sub-10487	CONTROL	31	M	0.260800	35	External capsule L	2342	0.430677	0.000767	0.001148	0.000576
sub-10487	CONTROL	31	M	0.260800	36	Cingulum (cingulate gyrus) R	2751	0.457683	0.000772	0.001188	0.000564
sub-10487	CONTROL	31	M	0.260800	37	Cingulum (cingulate gyrus) L	1236	0.405454	0.000749	0.001079	0.000584
sub-10487	CONTROL	31	M	0.260800	38	Cingulum (hippocampus) R	1155	0.362799	0.000835	0.001151	0.000676
sub-10487	CONTROL	31	M	0.260800	39	Cingulum (hippocampus) L	1124	0.449896	0.000993	0.001502	0.000739
sub-10487	CONTROL	31	M	0.260800	40	Fornix (cres) / Stria terminalis (can not be resolved with current resolution) R	1125	0.482340	0.000936	0.001438	0.000685
sub-10487	CONTROL	31	M	0.260800	41	Fornix (cres) / Stria terminalis (can not be resolved with current resolution) L	6607	0.432546	0.000751	0.001107	0.000573
sub-10487	CONTROL	31	M	0.260800	42	Superior longitudinal fasciculus R	6605	0.423931	0.000750	0.001104	0.000573
sub-10487	CONTROL	31	M	0.260800	43	Superior longitudinal fasciculus L	507	0.440138	0.000750	0.001128	0.000560
sub-10487	CONTROL	31	M	0.260800	44	Superior fronto-occipital fasciculus (could be a part of anterior internal capsule) R	507	0.427190	0.000732	0.001068	0.000565
sub-10487	CONTROL	31	M	0.260800	45	Superior fronto-occipital fasciculus (could be a part of anterior internal capsule) L	1961	0.411656	0.000778	0.001161	0.000587
sub-10487	CONTROL	31	M	0.260800	46	Inferior fronto-occipital fasciculus R	1937	0.416507	0.000766	0.001141	0.000579
sub-10487	CONTROL	31	M	0.260800	47	Inferior fronto-occipital fasciculus L	380	0.408775	0.000794	0.001175	0.000604
sub-10487	CONTROL	31	M	0.260800	48	Uncinate fasciculus R	376	0.435704	0.000754	0.001145	0.000559
sub-10487	CONTROL	31	M	0.260800	49	Uncinate fasciculus L	596	0.410722	0.001546	0.002146	0.001247
sub-10487	CONTROL	31	M	0.260800	50	Tapetum R	600	0.295215	0.001980	0.002482	0.001730
sub-10524	CONTROL	46	F	0.238900	1	Unclassified	15623	0.466903	0.000846	0.001249	0.000644
sub-10524	CONTROL	46	F	0.238900	2	Middle cerebellar peduncle	1500	0.380288	0.000710	0.001001	0.000565
sub-10524	CONTROL	46	F	0.238900	3	Pontine crossing tract (a part of MCP)	8827	0.563060	0.001100	0.001784	0.000759
sub-10524	CONTROL	46	F	0.238900	4	Genu of corpus callosum	13674	0.616809	0.000915	0.001633	0.000556
sub-10524	CONTROL	46	F	0.238900	5	Body of corpus callosum	11876	0.730521	0.000746	0.001519	0.000359
sub-10524	CONTROL	46	F	0.238900	6	Splenium of corpus callosum	659	0.300511	0.001860	0.002390	0.001595
sub-10524	CONTROL	46	F	0.238900	7	Fornix (column and body of fornix)	1209	0.534642	0.000644	0.001068	0.000433
sub-10524	CONTROL	46	F	0.238900	8	Corticospinal tract R	1229	0.518381	0.000683	0.001097	0.000476
sub-10524	CONTROL	46	F	0.238900	9	Corticospinal tract L	690	0.572700	0.000738	0.001284	0.000465
sub-10524	CONTROL	46	F	0.238900	10	Medial lemniscus R	699	0.560166	0.000764	0.001314	0.000489
sub-10524	CONTROL	46	F	0.238900	11	Medial lemniscus L	683	0.519259	0.000725	0.001229	0.000472
sub-10524	CONTROL	46	F	0.238900	12	Inferior cerebellar peduncle R	731	0.484364	0.000709	0.001157	0.000486
sub-10524	CONTROL	46	F	0.238900	13	Inferior cerebellar peduncle L	992	0.576345	0.000955	0.001626	0.000620
sub-10524	CONTROL	46	F	0.238900	14	Superior cerebellar peduncle R	992	0.554076	0.001111	0.001795	0.000768
sub-10524	CONTROL	46	F	0.238900	15	Superior cerebellar peduncle L	2275	0.626078	0.000811	0.001447	0.000492
sub-10524	CONTROL	46	F	0.238900	16	Cerebral peduncle R	2266	0.646037	0.000720	0.001332	0.000414
sub-10524	CONTROL	46	F	0.238900	17	Cerebral peduncle L	3138	0.541936	0.000708	0.001202	0.000461
sub-10524	CONTROL	46	F	0.238900	18	Anterior limb of internal capsule R	3018	0.532703	0.000671	0.001118	0.000448
sub-10524	CONTROL	46	F	0.238900	19	Anterior limb of internal capsule L	3754	0.611665	0.000686	0.001251	0.000403
sub-10524	CONTROL	46	F	0.238900	20	Posterior limb of internal capsule R	3752	0.601150	0.000677	0.001216	0.000408
sub-10524	CONTROL	46	F	0.238900	21	Posterior limb of internal capsule L	2515	0.608160	0.000701	0.001246	0.000429
sub-10524	CONTROL	46	F	0.238900	22	Retrolenticular part of internal capsule R	2469	0.613099	0.000729	0.001302	0.000442
sub-10524	CONTROL	46	F	0.238900	23	Retrolenticular part of internal capsule L	6849	0.460123	0.000719	0.001109	0.000524
sub-10524	CONTROL	46	F	0.238900	24	Anterior corona radiata R	6852	0.450105	0.000700	0.001061	0.000519
sub-10524	CONTROL	46	F	0.238900	25	Anterior corona radiata L	7500	0.490000	0.000680	0.001074	0.000482
sub-10524	CONTROL	46	F	0.238900	26	Superior corona radiata R	7508	0.478925	0.000681	0.001057	0.000494
sub-10524	CONTROL	46	F	0.238900	27	Superior corona radiata L	3728	0.472470	0.000740	0.001134	0.000543
sub-10524	CONTROL	46	F	0.238900	28	Posterior corona radiata R	3714	0.476157	0.000762	0.001175	0.000555
sub-10524	CONTROL	46	F	0.238900	29	Posterior corona radiata L	3972	0.552880	0.000738	0.001239	0.000487
sub-10524	CONTROL	46	F	0.238900	30	Posterior thalamic radiation (include optic radiation) R	3978	0.515690	0.000863	0.001379	0.000605
sub-10524	CONTROL	46	F	0.238900	31	Posterior thalamic radiation (include optic radiation) L	2228	0.543868	0.000840	0.001375	0.000573
sub-10524	CONTROL	46	F	0.238900	32	Sagittal stratum (include inferior longitidinal fasciculus and inferior fronto-occipital fasciculus) R	2231	0.499805	0.000921	0.001436	0.000664
sub-10524	CONTROL	46	F	0.238900	33	Sagittal stratum (include inferior longitidinal fasciculus and inferior fronto-occipital fasciculus) L	3650	0.373765	0.000686	0.000986	0.000536
sub-10524	CONTROL	46	F	0.238900	34	External capsule R	3650	0.421029	0.000678	0.001023	0.000505
sub-10524	CONTROL	46	F	0.238900	35	External capsule L	2342	0.503528	0.000725	0.001177	0.000499
sub-10524	CONTROL	46	F	0.238900	36	Cingulum (cingulate gyrus) R	2751	0.524239	0.000729	0.001213	0.000488
sub-10524	CONTROL	46	F	0.238900	37	Cingulum (cingulate gyrus) L	1234	0.461846	0.000749	0.001130	0.000559
sub-10524	CONTROL	46	F	0.238900	38	Cingulum (hippocampus) R	1155	0.421729	0.000787	0.001133	0.000614
sub-10524	CONTROL	46	F	0.238900	39	Cingulum (hippocampus) L	1124	0.484683	0.000963	0.001495	0.000697
sub-10524	CONTROL	46	F	0.238900	40	Fornix (cres) / Stria terminalis (can not be resolved with current resolution) R	1125	0.501638	0.000904	0.001421	0.000645
sub-10524	CONTROL	46	F	0.238900	41	Fornix (cres) / Stria terminalis (can not be resolved with current resolution) L	6607	0.468960	0.000697	0.001077	0.000506
sub-10524	CONTROL	46	F	0.238900	42	Superior longitudinal fasciculus R	6605	0.480856	0.000695	0.001086	0.000499
sub-10524	CONTROL	46	F	0.238900	43	Superior longitudinal fasciculus L	507	0.470336	0.000659	0.001039	0.000469
sub-10524	CONTROL	46	F	0.238900	44	Superior fronto-occipital fasciculus (could be a part of anterior internal capsule) R	507	0.456481	0.000650	0.001003	0.000473
sub-10524	CONTROL	46	F	0.238900	45	Superior fronto-occipital fasciculus (could be a part of anterior internal capsule) L	1961	0.454295	0.000716	0.001117	0.000515
sub-10524	CONTROL	46	F	0.238900	46	Inferior fronto-occipital fasciculus R	1937	0.460901	0.000711	0.001112	0.000510
sub-10524	CONTROL	46	F	0.238900	47	Inferior fronto-occipital fasciculus L	380	0.474540	0.000697	0.001110	0.000490
sub-10524	CONTROL	46	F	0.238900	48	Uncinate fasciculus R	376	0.481945	0.000706	0.001128	0.000494
sub-10524	CONTROL	46	F	0.238900	49	Uncinate fasciculus L	596	0.403828	0.001421	0.001966	0.001148
sub-10524	CONTROL	46	F	0.238900	50	Tapetum R	600	0.321595	0.001982	0.002542	0.001702
sub-10530	CONTROL	23	M	0.188200	1	Unclassified	15611	0.470290	0.000759	0.001151	0.000564
sub-10530	CONTROL	23	M	0.188200	2	Middle cerebellar peduncle	1500	0.449865	0.000659	0.001008	0.000485
sub-10530	CONTROL	23	M	0.188200	3	Pontine crossing tract (a part of MCP)	8847	0.570522	0.000974	0.001665	0.000629
sub-10530	CONTROL	23	M	0.188200	4	Genu of corpus callosum	13663	0.639705	0.000889	0.001636	0.000516
sub-10530	CONTROL	23	M	0.188200	5	Body of corpus callosum	12078	0.743452	0.000691	0.001429	0.000323
sub-10530	CONTROL	23	M	0.188200	6	Splenium of corpus callosum	659	0.427993	0.001418	0.002070	0.001092
sub-10530	CONTROL	23	M	0.188200	7	Fornix (column and body of fornix)	1362	0.457846	0.000902	0.001284	0.000711
sub-10530	CONTROL	23	M	0.188200	8	Corticospinal tract R	1370	0.449975	0.000919	0.001313	0.000723
sub-10530	CONTROL	23	M	0.188200	9	Corticospinal tract L	690	0.573634	0.000745	0.001293	0.000471
sub-10530	CONTROL	23	M	0.188200	10	Medial lemniscus R	699	0.571265	0.000716	0.001240	0.000454
sub-10530	CONTROL	23	M	0.188200	11	Medial lemniscus L	968	0.477809	0.000923	0.001367	0.000701
sub-10530	CONTROL	23	M	0.188200	12	Inferior cerebellar peduncle R	968	0.438279	0.000841	0.001248	0.000637
sub-10530	CONTROL	23	M	0.188200	13	Inferior cerebellar peduncle L	992	0.557277	0.000914	0.001499	0.000621
sub-10530	CONTROL	23	M	0.188200	14	Superior cerebellar peduncle R	992	0.518120	0.001077	0.001686	0.000772
sub-10530	CONTROL	23	M	0.188200	15	Superior cerebellar peduncle L	2277	0.655089	0.000728	0.001360	0.000412
sub-10530	CONTROL	23	M	0.188200	16	Cerebral peduncle R	2276	0.619589	0.000805	0.001439	0.000488
sub-10530	CONTROL	23	M	0.188200	17	Cerebral peduncle L	3138	0.556841	0.000679	0.001164	0.000437
sub-10530	CONTROL	23	M	0.188200	18	Anterior limb of internal capsule R	3018	0.558838	0.000670	0.001149	0.000431
sub-10530	CONTROL	23	M	0.188200	19	Anterior limb of internal capsule L	3754	0.602958	0.000666	0.001190	0.000405
sub-10530	CONTROL	23	M	0.188200	20	Posterior limb of internal capsule R	3752	0.597090	0.000658	0.001162	0.000405
sub-10530	CONTROL	23	M	0.188200	21	Posterior limb of internal capsule L	2515	0.599509	0.000708	0.001247	0.000438
sub-10530	CONTROL	23	M	0.188200	22	Retrolenticular part of internal capsule R	2469	0.570952	0.000713	0.001224	0.000457
sub-10530	CONTROL	23	M	0.188200	23	Retrolenticular part of internal capsule L	6849	0.455494	0.000703	0.001083	0.000513
sub-10530	CONTROL	23	M	0.188200	24	Anterior corona radiata R	6852	0.446664	0.000698	0.001060	0.000518
sub-10530	CONTROL	23	M	0.188200	25	Anterior corona radiata L	7500	0.459238	0.000696	0.001048	0.000520
sub-10530	CONTROL	23	M	0.188200	26	Superior corona radiata R	7508	0.460328	0.000695	0.001051	0.000517
sub-10530	CONTROL	23	M	0.188200	27	Superior corona radiata L	3728	0.469926	0.000722	0.001104	0.000531
sub-10530	CONTROL	23	M	0.188200	28	Posterior corona radiata R	3714	0.449737	0.000732	0.001095	0.000550
sub-10530	CONTROL	23	M	0.188200	29	Posterior corona radiata L	3972	0.610505	0.000718	0.001297	0.000428
sub-10530	CONTROL	23	M	0.188200	30	Posterior thalamic radiation (include optic radiation) R	3978	0.560779	0.000765	0.001297	0.000499
sub-10530	CONTROL	23	M	0.188200	31	Posterior thalamic radiation (include optic radiation) L	2228	0.545523	0.000805	0.001328	0.000543
sub-10530	CONTROL	23	M	0.188200	32	Sagittal stratum (include inferior longitidinal fasciculus and inferior fronto-occipital fasciculus) R	2231	0.477034	0.000865	0.001336	0.000629
sub-10530	CONTROL	23	M	0.188200	33	Sagittal stratum (include inferior longitidinal fasciculus and inferior fronto-occipital fasciculus) L	3650	0.345781	0.000709	0.000990	0.000569
sub-10530	CONTROL	23	M	0.188200	34	External capsule R	3650	0.354334	0.000709	0.000995	0.000566
sub-10530	CONTROL	23	M	0.188200	35	External capsule L	2342	0.484837	0.000721	0.001150	0.000506
sub-10530	CONTROL	23	M	0.188200	36	Cingulum (cingulate gyrus) R	2751	0.510523	0.000743	0.001211	0.000510
sub-10530	CONTROL	23	M	0.188200	37	Cingulum (cingulate gyrus) L	1236	0.410551	0.000759	0.001114	0.000582
sub-10530	CONTROL	23	M	0.188200	38	Cingulum (hippocampus) R	1155	0.367628	0.000768	0.001057	0.000624
sub-10530	CONTROL	23	M	0.188200	39	Cingulum (hippocampus) L	1124	0.520753	0.000874	0.001409	0.000607
sub-10530	CONTROL	23	M	0.188200	40	Fornix (cres) / Stria terminalis (can not be resolved with current resolution) R	1125	0.538407	0.000771	0.001274	0.000520
sub-10530	CONTROL	23	M	0.188200	41	Fornix (cres) / Stria terminalis (can not be resolved with current resolution) L	6607	0.458505	0.000698	0.001067	0.000513
sub-10530	CONTROL	23	M	0.188200	42	Superior longitudinal fasciculus R	6605	0.438918	0.000713	0.001064	0.000537
sub-10530	CONTROL	23	M	0.188200	43	Superior longitudinal fasciculus L	507	0.440272	0.000701	0.001052	0.000525
sub-10530	CONTROL	23	M	0.188200	44	Superior fronto-occipital fasciculus (could be a part of anterior internal capsule) R	507	0.430073	0.000673	0.001005	0.000506
sub-10530	CONTROL	23	M	0.188200	45	Superior fronto-occipital fasciculus (could be a part of anterior internal capsule) L	1961	0.428940	0.000748	0.001138	0.000552
sub-10530	CONTROL	23	M	0.188200	46	Inferior fronto-occipital fasciculus R	1937	0.437916	0.000753	0.001150	0.000554
sub-10530	CONTROL	23	M	0.188200	47	Inferior fronto-occipital fasciculus L	380	0.432376	0.000713	0.001093	0.000522
sub-10530	CONTROL	23	M	0.188200	48	Uncinate fasciculus R	376	0.388413	0.000755	0.001100	0.000583
sub-10530	CONTROL	23	M	0.188200	49	Uncinate fasciculus L	596	0.459073	0.001110	0.001617	0.000857
sub-10530	CONTROL	23	M	0.188200	50	Tapetum R	600	0.350182	0.001440	0.001909	0.001205
sub-10624	CONTROL	28	M	0.294600	1	Unclassified	10790	0.436732	0.000738	0.001122	0.000547
sub-10624	CONTROL	28	M	0.294600	2	Middle cerebellar peduncle	1500	0.408111	0.000678	0.000981	0.000526
sub-10624	CONTROL	28	M	0.294600	3	Pontine crossing tract (a part of MCP)	8833	0.585800	0.001049	0.001770	0.000689
sub-10624	CONTROL	28	M	0.294600	4	Genu of corpus callosum	13695	0.629942	0.000893	0.001607	0.000536
sub-10624	CONTROL	28	M	0.294600	5	Body of corpus callosum	12590	0.704515	0.000727	0.001429	0.000376
sub-10624	CONTROL	28	M	0.294600	6	Splenium of corpus callosum	659	0.385023	0.001552	0.002162	0.001247
sub-10624	CONTROL	28	M	0.294600	7	Fornix (column and body of fornix)	1138	0.492913	0.000670	0.001048	0.000481
sub-10624	CONTROL	28	M	0.294600	8	Corticospinal tract R	1115	0.460127	0.000761	0.001149	0.000567
sub-10624	CONTROL	28	M	0.294600	9	Corticospinal tract L	618	0.537049	0.000692	0.001198	0.000439
sub-10624	CONTROL	28	M	0.294600	10	Medial lemniscus R	617	0.544936	0.000698	0.001222	0.000437
sub-10624	CONTROL	28	M	0.294600	11	Medial lemniscus L	550	0.474359	0.000649	0.001041	0.000452
sub-10624	CONTROL	28	M	0.294600	12	Inferior cerebellar peduncle R	528	0.463813	0.000658	0.001041	0.000467
sub-10624	CONTROL	28	M	0.294600	13	Inferior cerebellar peduncle L	992	0.523087	0.001033	0.001668	0.000715
sub-10624	CONTROL	28	M	0.294600	14	Superior cerebellar peduncle R	992	0.531408	0.001104	0.001756	0.000779
sub-10624	CONTROL	28	M	0.294600	15	Superior cerebellar peduncle L	2278	0.653921	0.000767	0.001440	0.000430
sub-10624	CONTROL	28	M	0.294600	16	Cerebral peduncle R	2272	0.663404	0.000731	0.001401	0.000395
sub-10624	CONTROL	28	M	0.294600	17	Cerebral peduncle L	3138	0.547455	0.000674	0.001154	0.000433
sub-10624	CONTROL	28	M	0.294600	18	Anterior limb of internal capsule R	3018	0.539339	0.000679	0.001147	0.000445
sub-10624	CONTROL	28	M	0.294600	19	Anterior limb of internal capsule L	3754	0.609699	0.000700	0.001269	0.000416
sub-10624	CONTROL	28	M	0.294600	20	Posterior limb of internal capsule R	3752	0.612932	0.000695	0.001263	0.000411
sub-10624	CONTROL	28	M	0.294600	21	Posterior limb of internal capsule L	2515	0.577967	0.000764	0.001318	0.000487
sub-10624	CONTROL	28	M	0.294600	22	Retrolenticular part of internal capsule R	2469	0.593511	0.000778	0.001366	0.000485
sub-10624	CONTROL	28	M	0.294600	23	Retrolenticular part of internal capsule L	6849	0.461950	0.000740	0.001143	0.000538
sub-10624	CONTROL	28	M	0.294600	24	Anterior corona radiata R	6852	0.474929	0.000718	0.001123	0.000516
sub-10624	CONTROL	28	M	0.294600	25	Anterior corona radiata L	7500	0.468118	0.000709	0.001114	0.000507
sub-10624	CONTROL	28	M	0.294600	26	Superior corona radiata R	7508	0.478613	0.000707	0.001119	0.000501
sub-10624	CONTROL	28	M	0.294600	27	Superior corona radiata L	3728	0.455925	0.000764	0.001164	0.000564
sub-10624	CONTROL	28	M	0.294600	28	Posterior corona radiata R	3714	0.452078	0.000773	0.001173	0.000573
sub-10624	CONTROL	28	M	0.294600	29	Posterior corona radiata L	3972	0.548544	0.000861	0.001408	0.000587
sub-10624	CONTROL	28	M	0.294600	30	Posterior thalamic radiation (include optic radiation) R	3978	0.542906	0.000821	0.001354	0.000555
sub-10624	CONTROL	28	M	0.294600	31	Posterior thalamic radiation (include optic radiation) L	2228	0.514868	0.000843	0.001352	0.000589
sub-10624	CONTROL	28	M	0.294600	32	Sagittal stratum (include inferior longitidinal fasciculus and inferior fronto-occipital fasciculus) R	2231	0.462315	0.000840	0.001288	0.000616
sub-10624	CONTROL	28	M	0.294600	33	Sagittal stratum (include inferior longitidinal fasciculus and inferior fronto-occipital fasciculus) L	3650	0.359302	0.000721	0.001021	0.000570
sub-10624	CONTROL	28	M	0.294600	34	External capsule R	3650	0.377069	0.000725	0.001044	0.000565
sub-10624	CONTROL	28	M	0.294600	35	External capsule L	2342	0.509678	0.000745	0.001227	0.000504
sub-10624	CONTROL	28	M	0.294600	36	Cingulum (cingulate gyrus) R	2751	0.540164	0.000733	0.001251	0.000475
sub-10624	CONTROL	28	M	0.294600	37	Cingulum (cingulate gyrus) L	1236	0.385244	0.000727	0.001047	0.000567
sub-10624	CONTROL	28	M	0.294600	38	Cingulum (hippocampus) R	1155	0.383167	0.000778	0.001124	0.000604
sub-10624	CONTROL	28	M	0.294600	39	Cingulum (hippocampus) L	1124	0.468656	0.000960	0.001478	0.000701
sub-10624	CONTROL	28	M	0.294600	40	Fornix (cres) / Stria terminalis (can not be resolved with current resolution) R	1125	0.497270	0.000907	0.001433	0.000643
sub-10624	CONTROL	28	M	0.294600	41	Fornix (cres) / Stria terminalis (can not be resolved with current resolution) L	6607	0.485251	0.000704	0.001115	0.000499
sub-10624	CONTROL	28	M	0.294600	42	Superior longitudinal fasciculus R	6605	0.463507	0.000705	0.001089	0.000513
sub-10624	CONTROL	28	M	0.294600	43	Superior longitudinal fasciculus L	507	0.459159	0.000670	0.001046	0.000481
sub-10624	CONTROL	28	M	0.294600	44	Superior fronto-occipital fasciculus (could be a part of anterior internal capsule) R	507	0.449125	0.000673	0.001036	0.000491
sub-10624	CONTROL	28	M	0.294600	45	Superior fronto-occipital fasciculus (could be a part of anterior internal capsule) L	1961	0.416545	0.000773	0.001157	0.000582
sub-10624	CONTROL	28	M	0.294600	46	Inferior fronto-occipital fasciculus R	1937	0.416326	0.000797	0.001196	0.000598
sub-10624	CONTROL	28	M	0.294600	47	Inferior fronto-occipital fasciculus L	380	0.420526	0.000746	0.001122	0.000558
sub-10624	CONTROL	28	M	0.294600	48	Uncinate fasciculus R	376	0.402094	0.000760	0.001118	0.000581
sub-10624	CONTROL	28	M	0.294600	49	Uncinate fasciculus L	596	0.373193	0.001364	0.001813	0.001140
sub-10624	CONTROL	28	M	0.294600	50	Tapetum R	600	0.268207	0.001807	0.002187	0.001617
sub-10762	CONTROL	41	F	0.232500	1	Unclassified	15608	0.455845	0.000829	0.001210	0.000638
sub-10762	CONTROL	41	F	0.232500	2	Middle cerebellar peduncle	1500	0.383078	0.000720	0.001014	0.000572
sub-10762	CONTROL	41	F	0.232500	3	Pontine crossing tract (a part of MCP)	8851	0.547101	0.001117	0.001789	0.000781
sub-10762	CONTROL	41	F	0.232500	4	Genu of corpus callosum	13703	0.623855	0.000904	0.001629	0.000541
sub-10762	CONTROL	41	F	0.232500	5	Body of corpus callosum	12206	0.714824	0.000753	0.001498	0.000381
sub-10762	CONTROL	41	F	0.232500	6	Splenium of corpus callosum	659	0.392552	0.001560	0.002211	0.001235
sub-10762	CONTROL	41	F	0.232500	7	Fornix (column and body of fornix)	1355	0.411723	0.000869	0.001204	0.000702
sub-10762	CONTROL	41	F	0.232500	8	Corticospinal tract R	1365	0.451970	0.000813	0.001168	0.000635
sub-10762	CONTROL	41	F	0.232500	9	Corticospinal tract L	690	0.537771	0.000787	0.001309	0.000527
sub-10762	CONTROL	41	F	0.232500	10	Medial lemniscus R	699	0.560745	0.000761	0.001307	0.000488
sub-10762	CONTROL	41	F	0.232500	11	Medial lemniscus L	925	0.464133	0.000773	0.001206	0.000557
sub-10762	CONTROL	41	F	0.232500	12	Inferior cerebellar peduncle R	909	0.469551	0.000789	0.001235	0.000566
sub-10762	CONTROL	41	F	0.232500	13	Inferior cerebellar peduncle L	992	0.532194	0.001050	0.001700	0.000725
sub-10762	CONTROL	41	F	0.232500	14	Superior cerebellar peduncle R	992	0.527517	0.001133	0.001788	0.000805
sub-10762	CONTROL	41	F	0.232500	15	Superior cerebellar peduncle L	2277	0.578540	0.000849	0.001443	0.000552
sub-10762	CONTROL	41	F	0.232500	16	Cerebral peduncle R	2278	0.652371	0.000720	0.001347	0.000406
sub-10762	CONTROL	41	F	0.232500	17	Cerebral peduncle L	3138	0.538583	0.000692	0.001166	0.000456
sub-10762	CONTROL	41	F	0.232500	18	Anterior limb of internal capsule R	3018	0.516940	0.000692	0.001136	0.000470
sub-10762	CONTROL	41	F	0.232500	19	Anterior limb of internal capsule L	3754	0.594332	0.000702	0.001249	0.000429
sub-10762	CONTROL	41	F	0.232500	20	Posterior limb of internal capsule R	3752	0.595635	0.000681	0.001214	0.000414
sub-10762	CONTROL	41	F	0.232500	21	Posterior limb of internal capsule L	2515	0.556906	0.000763	0.001288	0.000501
sub-10762	CONTROL	41	F	0.232500	22	Retrolenticular part of internal capsule R	2469	0.586786	0.000786	0.001370	0.000493
sub-10762	CONTROL	41	F	0.232500	23	Retrolenticular part of internal capsule L	6849	0.430559	0.000766	0.001147	0.000576
sub-10762	CONTROL	41	F	0.232500	24	Anterior corona radiata R	6852	0.440594	0.000769	0.001151	0.000578
sub-10762	CONTROL	41	F	0.232500	25	Anterior corona radiata L	7500	0.457266	0.000699	0.001059	0.000519
sub-10762	CONTROL	41	F	0.232500	26	Superior corona radiata R	7508	0.473739	0.000721	0.001113	0.000526
sub-10762	CONTROL	41	F	0.232500	27	Superior corona radiata L	3728	0.467625	0.000784	0.001191	0.000580
sub-10762	CONTROL	41	F	0.232500	28	Posterior corona radiata R	3714	0.459304	0.000811	0.001225	0.000603
sub-10762	CONTROL	41	F	0.232500	29	Posterior corona radiata L	3972	0.544677	0.000772	0.001289	0.000514
sub-10762	CONTROL	41	F	0.232500	30	Posterior thalamic radiation (include optic radiation) R	3978	0.498881	0.000943	0.001459	0.000684
sub-10762	CONTROL	41	F	0.232500	31	Posterior thalamic radiation (include optic radiation) L	2228	0.525209	0.000802	0.001309	0.000549
sub-10762	CONTROL	41	F	0.232500	32	Sagittal stratum (include inferior longitidinal fasciculus and inferior fronto-occipital fasciculus) R	2231	0.473255	0.000972	0.001504	0.000705
sub-10762	CONTROL	41	F	0.232500	33	Sagittal stratum (include inferior longitidinal fasciculus and inferior fronto-occipital fasciculus) L	3650	0.333737	0.000732	0.001012	0.000591
sub-10762	CONTROL	41	F	0.232500	34	External capsule R	3650	0.389275	0.000697	0.001018	0.000537
sub-10762	CONTROL	41	F	0.232500	35	External capsule L	2342	0.441556	0.000740	0.001132	0.000544
sub-10762	CONTROL	41	F	0.232500	36	Cingulum (cingulate gyrus) R	2751	0.498968	0.000747	0.001212	0.000514
sub-10762	CONTROL	41	F	0.232500	37	Cingulum (cingulate gyrus) L	1236	0.406297	0.000805	0.001155	0.000630
sub-10762	CONTROL	41	F	0.232500	38	Cingulum (hippocampus) R	1155	0.390872	0.000809	0.001123	0.000652
sub-10762	CONTROL	41	F	0.232500	39	Cingulum (hippocampus) L	1124	0.493515	0.000886	0.001400	0.000628
sub-10762	CONTROL	41	F	0.232500	40	Fornix (cres) / Stria terminalis (can not be resolved with current resolution) R	1125	0.498463	0.000902	0.001430	0.000637
sub-10762	CONTROL	41	F	0.232500	41	Fornix (cres) / Stria terminalis (can not be resolved with current resolution) L	6607	0.454377	0.000715	0.001083	0.000531
sub-10762	CONTROL	41	F	0.232500	42	Superior longitudinal fasciculus R	6605	0.452384	0.000722	0.001098	0.000534
sub-10762	CONTROL	41	F	0.232500	43	Superior longitudinal fasciculus L	507	0.444534	0.000664	0.001005	0.000493
sub-10762	CONTROL	41	F	0.232500	44	Superior fronto-occipital fasciculus (could be a part of anterior internal capsule) R	507	0.436185	0.000683	0.001025	0.000512
sub-10762	CONTROL	41	F	0.232500	45	Superior fronto-occipital fasciculus (could be a part of anterior internal capsule) L	1961	0.416523	0.000795	0.001180	0.000602
sub-10762	CONTROL	41	F	0.232500	46	Inferior fronto-occipital fasciculus R	1937	0.426061	0.000774	0.001172	0.000576
sub-10762	CONTROL	41	F	0.232500	47	Inferior fronto-occipital fasciculus L	380	0.419398	0.000750	0.001124	0.000563
sub-10762	CONTROL	41	F	0.232500	48	Uncinate fasciculus R	376	0.404902	0.000760	0.001129	0.000576
sub-10762	CONTROL	41	F	0.232500	49	Uncinate fasciculus L	596	0.400901	0.001565	0.002141	0.001277
sub-10762	CONTROL	41	F	0.232500	50	Tapetum R	600	0.329033	0.001851	0.002374	0.001590
sub-10871	CONTROL	41	M	0.190600	1	Unclassified	15584	0.486868	0.000810	0.001218	0.000606
sub-10871	CONTROL	41	M	0.190600	2	Middle cerebellar peduncle	1500	0.418842	0.000673	0.000995	0.000511
sub-10871	CONTROL	41	M	0.190600	3	Pontine crossing tract (a part of MCP)	8850	0.566089	0.001123	0.001824	0.000772
sub-10871	CONTROL	41	M	0.190600	4	Genu of corpus callosum	13643	0.641896	0.000855	0.001550	0.000507
sub-10871	CONTROL	41	M	0.190600	5	Body of corpus callosum	12415	0.724601	0.000754	0.001508	0.000377
sub-10871	CONTROL	41	M	0.190600	6	Splenium of corpus callosum	659	0.475639	0.001356	0.002060	0.001004
sub-10871	CONTROL	41	M	0.190600	7	Fornix (column and body of fornix)	1361	0.431656	0.000860	0.001196	0.000692
sub-10871	CONTROL	41	M	0.190600	8	Corticospinal tract R	1369	0.460087	0.000861	0.001218	0.000682
sub-10871	CONTROL	41	M	0.190600	9	Corticospinal tract L	690	0.500921	0.000755	0.001217	0.000524
sub-10871	CONTROL	41	M	0.190600	10	Medial lemniscus R	699	0.527467	0.000704	0.001164	0.000474
sub-10871	CONTROL	41	M	0.190600	11	Medial lemniscus L	968	0.438202	0.000883	0.001290	0.000680
sub-10871	CONTROL	41	M	0.190600	12	Inferior cerebellar peduncle R	968	0.445908	0.000780	0.001158	0.000591
sub-10871	CONTROL	41	M	0.190600	13	Inferior cerebellar peduncle L	992	0.516067	0.001116	0.001717	0.000816
sub-10871	CONTROL	41	M	0.190600	14	Superior cerebellar peduncle R	992	0.516289	0.001192	0.001804	0.000887
sub-10871	CONTROL	41	M	0.190600	15	Superior cerebellar peduncle L	2278	0.609471	0.000826	0.001458	0.000510
sub-10871	CONTROL	41	M	0.190600	16	Cerebral peduncle R	2278	0.630739	0.000733	0.001336	0.000431
sub-10871	CONTROL	41	M	0.190600	17	Cerebral peduncle L	3138	0.547467	0.000661	0.001118	0.000433
sub-10871	CONTROL	41	M	0.190600	18	Anterior limb of internal capsule R	3018	0.530130	0.000672	0.001109	0.000454
sub-10871	CONTROL	41	M	0.190600	19	Anterior limb of internal capsule L	3754	0.582964	0.000674	0.001180	0.000421
sub-10871	CONTROL	41	M	0.190600	20	Posterior limb of internal capsule R	3752	0.569525	0.000676	0.001168	0.000430
sub-10871	CONTROL	41	M	0.190600	21	Posterior limb of internal capsule L	2515	0.615284	0.000706	0.001269	0.000425
sub-10871	CONTROL	41	M	0.190600	22	Retrolenticular part of internal capsule R	2469	0.599098	0.000749	0.001328	0.000460
sub-10871	CONTROL	41	M	0.190600	23	Retrolenticular part of internal capsule L	6849	0.424557	0.000695	0.001032	0.000526
sub-10871	CONTROL	41	M	0.190600	24	Anterior corona radiata R	6852	0.439065	0.000683	0.001024	0.000513
sub-10871	CONTROL	41	M	0.190600	25	Anterior corona radiata L	7500	0.467996	0.000679	0.001039	0.000498
sub-10871	CONTROL	41	M	0.190600	26	Superior corona radiata R	7508	0.469066	0.000680	0.001039	0.000500
sub-10871	CONTROL	41	M	0.190600	27	Superior corona radiata L	3728	0.450674	0.000748	0.001124	0.000560
sub-10871	CONTROL	41	M	0.190600	28	Posterior corona radiata R	3714	0.448095	0.000755	0.001131	0.000568
sub-10871	CONTROL	41	M	0.190600	29	Posterior corona radiata L	3972	0.590800	0.000810	0.001389	0.000521
sub-10871	CONTROL	41	M	0.190600	30	Posterior thalamic radiation (include optic radiation) R	3978	0.547579	0.000868	0.001427	0.000588
sub-10871	CONTROL	41	M	0.190600	31	Posterior thalamic radiation (include optic radiation) L	2228	0.558948	0.000829	0.001395	0.000547
sub-10871	CONTROL	41	M	0.190600	32	Sagittal stratum (include inferior longitidinal fasciculus and inferior fronto-occipital fasciculus) R	2231	0.503940	0.000902	0.001423	0.000642
sub-10871	CONTROL	41	M	0.190600	33	Sagittal stratum (include inferior longitidinal fasciculus and inferior fronto-occipital fasciculus) L	3650	0.377111	0.000693	0.000998	0.000540
sub-10871	CONTROL	41	M	0.190600	34	External capsule R	3650	0.388725	0.000703	0.001025	0.000542
sub-10871	CONTROL	41	M	0.190600	35	External capsule L	2342	0.513152	0.000742	0.001225	0.000500
sub-10871	CONTROL	41	M	0.190600	36	Cingulum (cingulate gyrus) R	2751	0.540065	0.000709	0.001204	0.000461
sub-10871	CONTROL	41	M	0.190600	37	Cingulum (cingulate gyrus) L	1236	0.421508	0.000733	0.001092	0.000553
sub-10871	CONTROL	41	M	0.190600	38	Cingulum (hippocampus) R	1154	0.420528	0.000786	0.001147	0.000606
sub-10871	CONTROL	41	M	0.190600	39	Cingulum (hippocampus) L	1124	0.429638	0.001010	0.001494	0.000768
sub-10871	CONTROL	41	M	0.190600	40	Fornix (cres) / Stria terminalis (can not be resolved with current resolution) R	1125	0.503771	0.000865	0.001374	0.000611
sub-10871	CONTROL	41	M	0.190600	41	Fornix (cres) / Stria terminalis (can not be resolved with current resolution) L	6607	0.483584	0.000693	0.001091	0.000494
sub-10871	CONTROL	41	M	0.190600	42	Superior longitudinal fasciculus R	6605	0.463118	0.000695	0.001074	0.000505
sub-10871	CONTROL	41	M	0.190600	43	Superior longitudinal fasciculus L	507	0.468459	0.000673	0.001043	0.000488
sub-10871	CONTROL	41	M	0.190600	44	Superior fronto-occipital fasciculus (could be a part of anterior internal capsule) R	507	0.440258	0.000662	0.000998	0.000494
sub-10871	CONTROL	41	M	0.190600	45	Superior fronto-occipital fasciculus (could be a part of anterior internal capsule) L	1961	0.462381	0.000741	0.001166	0.000529
sub-10871	CONTROL	41	M	0.190600	46	Inferior fronto-occipital fasciculus R	1937	0.458640	0.000726	0.001134	0.000522
sub-10871	CONTROL	41	M	0.190600	47	Inferior fronto-occipital fasciculus L	380	0.451195	0.000705	0.001093	0.000512
sub-10871	CONTROL	41	M	0.190600	48	Uncinate fasciculus R	376	0.446950	0.000680	0.001044	0.000499
sub-10871	CONTROL	41	M	0.190600	49	Uncinate fasciculus L	596	0.375124	0.001442	0.001898	0.001213
sub-10871	CONTROL	41	M	0.190600	50	Tapetum R	600	0.317517	0.002013	0.002570	0.001735
sub-10912	CONTROL	44	F	0.164300	1	Unclassified	15629	0.457199	0.000810	0.001213	0.000609
sub-10912	CONTROL	44	F	0.164300	2	Middle cerebellar peduncle	1500	0.451853	0.000723	0.001106	0.000532
sub-10912	CONTROL	44	F	0.164300	3	Pontine crossing tract (a part of MCP)	8851	0.547678	0.001168	0.001863	0.000820
sub-10912	CONTROL	44	F	0.164300	4	Genu of corpus callosum	13680	0.616671	0.000969	0.001727	0.000591
sub-10912	CONTROL	44	F	0.164300	5	Body of corpus callosum	12545	0.704324	0.000745	0.001471	0.000383
sub-10912	CONTROL	44	F	0.164300	6	Splenium of corpus callosum	659	0.448275	0.001336	0.002022	0.000993
sub-10912	CONTROL	44	F	0.164300	7	Fornix (column and body of fornix)	1362	0.412215	0.000918	0.001259	0.000748
sub-10912	CONTROL	44	F	0.164300	8	Corticospinal tract R	1370	0.401045	0.000976	0.001324	0.000802
sub-10912	CONTROL	44	F	0.164300	9	Corticospinal tract L	690	0.514796	0.000775	0.001273	0.000526
sub-10912	CONTROL	44	F	0.164300	10	Medial lemniscus R	699	0.486814	0.000798	0.001271	0.000561
sub-10912	CONTROL	44	F	0.164300	11	Medial lemniscus L	968	0.374048	0.000908	0.001245	0.000740
sub-10912	CONTROL	44	F	0.164300	12	Inferior cerebellar peduncle R	968	0.360503	0.000899	0.001243	0.000727
sub-10912	CONTROL	44	F	0.164300	13	Inferior cerebellar peduncle L	992	0.536488	0.001001	0.001619	0.000692
sub-10912	CONTROL	44	F	0.164300	14	Superior cerebellar peduncle R	992	0.501890	0.001174	0.001797	0.000862
sub-10912	CONTROL	44	F	0.164300	15	Superior cerebellar peduncle L	2278	0.604309	0.000811	0.001436	0.000499
sub-10912	CONTROL	44	F	0.164300	16	Cerebral peduncle R	2278	0.597124	0.000852	0.001504	0.000526
sub-10912	CONTROL	44	F	0.164300	17	Cerebral peduncle L	3138	0.525794	0.000710	0.001176	0.000478
sub-10912	CONTROL	44	F	0.164300	18	Anterior limb of internal capsule R	3018	0.517952	0.000729	0.001192	0.000498
sub-10912	CONTROL	44	F	0.164300	19	Anterior limb of internal capsule L	3754	0.569801	0.000706	0.001223	0.000448
sub-10912	CONTROL	44	F	0.164300	20	Posterior limb of internal capsule R	3752	0.567212	0.000703	0.001215	0.000447
sub-10912	CONTROL	44	F	0.164300	21	Posterior limb of internal capsule L	2515	0.533407	0.000779	0.001272	0.000532
sub-10912	CONTROL	44	F	0.164300	22	Retrolenticular part of internal capsule R	2469	0.539607	0.000786	0.001307	0.000526
sub-10912	CONTROL	44	F	0.164300	23	Retrolenticular part of internal capsule L	6849	0.423739	0.000747	0.001117	0.000562
sub-10912	CONTROL	44	F	0.164300	24	Anterior corona radiata R	6852	0.415455	0.000753	0.001110	0.000574
sub-10912	CONTROL	44	F	0.164300	25	Anterior corona radiata L	7500	0.419226	0.000732	0.001077	0.000559
sub-10912	CONTROL	44	F	0.164300	26	Superior corona radiata R	7508	0.415609	0.000733	0.001066	0.000566
sub-10912	CONTROL	44	F	0.164300	27	Superior corona radiata L	3728	0.461790	0.000799	0.001214	0.000592
sub-10912	CONTROL	44	F	0.164300	28	Posterior corona radiata R	3714	0.427812	0.000813	0.001197	0.000621
sub-10912	CONTROL	44	F	0.164300	29	Posterior corona radiata L	3972	0.494724	0.000820	0.001321	0.000570
sub-10912	CONTROL	44	F	0.164300	30	Posterior thalamic radiation (include optic radiation) R	3978	0.507585	0.000900	0.001442	0.000628
sub-10912	CONTROL	44	F	0.164300	31	Posterior thalamic radiation (include optic radiation) L	2228	0.479246	0.000885	0.001374	0.000640
sub-10912	CONTROL	44	F	0.164300	32	Sagittal stratum (include inferior longitidinal fasciculus and inferior fronto-occipital fasciculus) R	2231	0.461591	0.000978	0.001481	0.000726
sub-10912	CONTROL	44	F	0.164300	33	Sagittal stratum (include inferior longitidinal fasciculus and inferior fronto-occipital fasciculus) L	3650	0.337030	0.000744	0.001028	0.000602
sub-10912	CONTROL	44	F	0.164300	34	External capsule R	3650	0.348356	0.000746	0.001042	0.000597
sub-10912	CONTROL	44	F	0.164300	35	External capsule L	2342	0.442496	0.000767	0.001162	0.000569
sub-10912	CONTROL	44	F	0.164300	36	Cingulum (cingulate gyrus) R	2751	0.498935	0.000752	0.001213	0.000522
sub-10912	CONTROL	44	F	0.164300	37	Cingulum (cingulate gyrus) L	1236	0.389375	0.000798	0.001144	0.000625
sub-10912	CONTROL	44	F	0.164300	38	Cingulum (hippocampus) R	1155	0.363264	0.000840	0.001166	0.000677
sub-10912	CONTROL	44	F	0.164300	39	Cingulum (hippocampus) L	1124	0.461950	0.000950	0.001460	0.000695
sub-10912	CONTROL	44	F	0.164300	40	Fornix (cres) / Stria terminalis (can not be resolved with current resolution) R	1125	0.480906	0.000846	0.001313	0.000612
sub-10912	CONTROL	44	F	0.164300	41	Fornix (cres) / Stria terminalis (can not be resolved with current resolution) L	6607	0.436614	0.000746	0.001118	0.000560
sub-10912	CONTROL	44	F	0.164300	42	Superior longitudinal fasciculus R	6605	0.419513	0.000758	0.001118	0.000578
sub-10912	CONTROL	44	F	0.164300	43	Superior longitudinal fasciculus L	507	0.442997	0.000715	0.001085	0.000530
sub-10912	CONTROL	44	F	0.164300	44	Superior fronto-occipital fasciculus (could be a part of anterior internal capsule) R	507	0.403912	0.000695	0.001003	0.000541
sub-10912	CONTROL	44	F	0.164300	45	Superior fronto-occipital fasciculus (could be a part of anterior internal capsule) L	1961	0.401381	0.000784	0.001154	0.000599
sub-10912	CONTROL	44	F	0.164300	46	Inferior fronto-occipital fasciculus R	1937	0.408597	0.000798	0.001179	0.000608
sub-10912	CONTROL	44	F	0.164300	47	Inferior fronto-occipital fasciculus L	380	0.417161	0.000710	0.001062	0.000535
sub-10912	CONTROL	44	F	0.164300	48	Uncinate fasciculus R	376	0.384305	0.000775	0.001120	0.000602
sub-10912	CONTROL	44	F	0.164300	49	Uncinate fasciculus L	596	0.427937	0.001260	0.001814	0.000982
sub-10912	CONTROL	44	F	0.164300	50	Tapetum R	600	0.264911	0.002075	0.002565	0.001830
sub-11030	CONTROL	40	M	0.254600	1	Unclassified	15509	0.471501	0.000836	0.001228	0.000641
sub-11030	CONTROL	40	M	0.254600	2	Middle cerebellar peduncle	1500	0.386422	0.000631	0.000899	0.000497
sub-11030	CONTROL	40	M	0.254600	3	Pontine crossing tract (a part of MCP)	8851	0.519204	0.001228	0.001921	0.000882
sub-11030	CONTROL	40	M	0.254600	4	Genu of corpus callosum	13682	0.570456	0.000889	0.001504	0.000581
sub-11030	CONTROL	40	M	0.254600	5	Body of corpus callosum	12015	0.714543	0.000752	0.001494	0.000382
sub-11030	CONTROL	40	M	0.254600	6	Splenium of corpus callosum	657	0.307036	0.001936	0.002548	0.001630
sub-11030	CONTROL	40	M	0.254600	7	Fornix (column and body of fornix)	1305	0.509113	0.000771	0.001187	0.000564
sub-11030	CONTROL	40	M	0.254600	8	Corticospinal tract R	1307	0.492451	0.000742	0.001127	0.000549
sub-11030	CONTROL	40	M	0.254600	9	Corticospinal tract L	690	0.557937	0.000715	0.001225	0.000460
sub-11030	CONTROL	40	M	0.254600	10	Medial lemniscus R	699	0.540322	0.000722	0.001216	0.000475
sub-11030	CONTROL	40	M	0.254600	11	Medial lemniscus L	788	0.475221	0.000675	0.001077	0.000474
sub-11030	CONTROL	40	M	0.254600	12	Inferior cerebellar peduncle R	790	0.441790	0.000700	0.001072	0.000513
sub-11030	CONTROL	40	M	0.254600	13	Inferior cerebellar peduncle L	992	0.566909	0.001073	0.001763	0.000727
sub-11030	CONTROL	40	M	0.254600	14	Superior cerebellar peduncle R	992	0.510971	0.001205	0.001847	0.000884
sub-11030	CONTROL	40	M	0.254600	15	Superior cerebellar peduncle L	2267	0.654681	0.000702	0.001314	0.000396
sub-11030	CONTROL	40	M	0.254600	16	Cerebral peduncle R	2246	0.669271	0.000671	0.001280	0.000367
sub-11030	CONTROL	40	M	0.254600	17	Cerebral peduncle L	3137	0.528341	0.000639	0.001074	0.000421
sub-11030	CONTROL	40	M	0.254600	18	Anterior limb of internal capsule R	3018	0.554492	0.000623	0.001071	0.000399
sub-11030	CONTROL	40	M	0.254600	19	Anterior limb of internal capsule L	3754	0.614186	0.000633	0.001150	0.000374
sub-11030	CONTROL	40	M	0.254600	20	Posterior limb of internal capsule R	3752	0.604780	0.000641	0.001155	0.000383
sub-11030	CONTROL	40	M	0.254600	21	Posterior limb of internal capsule L	2515	0.574820	0.000732	0.001252	0.000472
sub-11030	CONTROL	40	M	0.254600	22	Retrolenticular part of internal capsule R	2469	0.563836	0.000748	0.001277	0.000484
sub-11030	CONTROL	40	M	0.254600	23	Retrolenticular part of internal capsule L	6849	0.400822	0.000801	0.001162	0.000620
sub-11030	CONTROL	40	M	0.254600	24	Anterior corona radiata R	6851	0.382967	0.000847	0.001189	0.000676
sub-11030	CONTROL	40	M	0.254600	25	Anterior corona radiata L	7500	0.463979	0.000686	0.001063	0.000498
sub-11030	CONTROL	40	M	0.254600	26	Superior corona radiata R	7508	0.477906	0.000702	0.001093	0.000506
sub-11030	CONTROL	40	M	0.254600	27	Superior corona radiata L	3728	0.454558	0.000802	0.001215	0.000596
sub-11030	CONTROL	40	M	0.254600	28	Posterior corona radiata R	3714	0.427027	0.000815	0.001201	0.000623
sub-11030	CONTROL	40	M	0.254600	29	Posterior corona radiata L	3972	0.559532	0.000794	0.001335	0.000524
sub-11030	CONTROL	40	M	0.254600	30	Posterior thalamic radiation (include optic radiation) R	3978	0.527898	0.000923	0.001457	0.000656
sub-11030	CONTROL	40	M	0.254600	31	Posterior thalamic radiation (include optic radiation) L	2228	0.514428	0.000873	0.001390	0.000615
sub-11030	CONTROL	40	M	0.254600	32	Sagittal stratum (include inferior longitidinal fasciculus and inferior fronto-occipital fasciculus) R	2231	0.471144	0.000848	0.001318	0.000614
sub-11030	CONTROL	40	M	0.254600	33	Sagittal stratum (include inferior longitidinal fasciculus and inferior fronto-occipital fasciculus) L	3650	0.383734	0.000679	0.000967	0.000535
sub-11030	CONTROL	40	M	0.254600	34	External capsule R	3650	0.408668	0.000664	0.000970	0.000511
sub-11030	CONTROL	40	M	0.254600	35	External capsule L	2342	0.454596	0.000714	0.001111	0.000516
sub-11030	CONTROL	40	M	0.254600	36	Cingulum (cingulate gyrus) R	2751	0.473847	0.000714	0.001130	0.000506
sub-11030	CONTROL	40	M	0.254600	37	Cingulum (cingulate gyrus) L	1235	0.445891	0.000725	0.001092	0.000542
sub-11030	CONTROL	40	M	0.254600	38	Cingulum (hippocampus) R	1155	0.432019	0.000754	0.001104	0.000579
sub-11030	CONTROL	40	M	0.254600	39	Cingulum (hippocampus) L	1124	0.459908	0.000950	0.001446	0.000702
sub-11030	CONTROL	40	M	0.254600	40	Fornix (cres) / Stria terminalis (can not be resolved with current resolution) R	1125	0.505538	0.000857	0.001362	0.000605
sub-11030	CONTROL	40	M	0.254600	41	Fornix (cres) / Stria terminalis (can not be resolved with current resolution) L	6607	0.492172	0.000690	0.001096	0.000487
sub-11030	CONTROL	40	M	0.254600	42	Superior longitudinal fasciculus R	6605	0.485330	0.000692	0.001099	0.000488
sub-11030	CONTROL	40	M	0.254600	43	Superior longitudinal fasciculus L	507	0.412337	0.000647	0.000954	0.000493
sub-11030	CONTROL	40	M	0.254600	44	Superior fronto-occipital fasciculus (could be a part of anterior internal capsule) R	507	0.420687	0.000696	0.001016	0.000535
sub-11030	CONTROL	40	M	0.254600	45	Superior fronto-occipital fasciculus (could be a part of anterior internal capsule) L	1961	0.437807	0.000736	0.001119	0.000544
sub-11030	CONTROL	40	M	0.254600	46	Inferior fronto-occipital fasciculus R	1937	0.446885	0.000712	0.001091	0.000522
sub-11030	CONTROL	40	M	0.254600	47	Inferior fronto-occipital fasciculus L	380	0.436487	0.000713	0.001091	0.000524
sub-11030	CONTROL	40	M	0.254600	48	Uncinate fasciculus R	376	0.424381	0.000684	0.001016	0.000517
sub-11030	CONTROL	40	M	0.254600	49	Uncinate fasciculus L	596	0.367725	0.001568	0.002075	0.001314
sub-11030	CONTROL	40	M	0.254600	50	Tapetum R	600	0.279526	0.001888	0.002318	0.001672
sub-11044	CONTROL	40	M	0.144300	1	Unclassified	15134	0.496763	0.000769	0.001188	0.000560
sub-11044	CONTROL	40	M	0.144300	2	Middle cerebellar peduncle	1500	0.396787	0.000737	0.001060	0.000576
sub-11044	CONTROL	40	M	0.144300	3	Pontine crossing tract (a part of MCP)	8832	0.570019	0.001065	0.001782	0.000707
sub-11044	CONTROL	40	M	0.144300	4	Genu of corpus callosum	13679	0.642489	0.000896	0.001628	0.000530
sub-11044	CONTROL	40	M	0.144300	5	Body of corpus callosum	12178	0.745943	0.000733	0.001517	0.000340
sub-11044	CONTROL	40	M	0.144300	6	Splenium of corpus callosum	659	0.421409	0.001534	0.002237	0.001182
sub-11044	CONTROL	40	M	0.144300	7	Fornix (column and body of fornix)	1320	0.492051	0.000817	0.001240	0.000606
sub-11044	CONTROL	40	M	0.144300	8	Corticospinal tract R	1320	0.487707	0.000812	0.001226	0.000605
sub-11044	CONTROL	40	M	0.144300	9	Corticospinal tract L	690	0.575771	0.000751	0.001302	0.000476
sub-11044	CONTROL	40	M	0.144300	10	Medial lemniscus R	699	0.548845	0.000787	0.001336	0.000512
sub-11044	CONTROL	40	M	0.144300	11	Medial lemniscus L	777	0.501014	0.000707	0.001158	0.000481
sub-11044	CONTROL	40	M	0.144300	12	Inferior cerebellar peduncle R	781	0.484224	0.000710	0.001150	0.000491
sub-11044	CONTROL	40	M	0.144300	13	Inferior cerebellar peduncle L	992	0.563687	0.000990	0.001655	0.000657
sub-11044	CONTROL	40	M	0.144300	14	Superior cerebellar peduncle R	992	0.544495	0.001024	0.001640	0.000715
sub-11044	CONTROL	40	M	0.144300	15	Superior cerebellar peduncle L	2262	0.658461	0.000766	0.001428	0.000435
sub-11044	CONTROL	40	M	0.144300	16	Cerebral peduncle R	2261	0.660395	0.000727	0.001378	0.000402
sub-11044	CONTROL	40	M	0.144300	17	Cerebral peduncle L	3138	0.560536	0.000681	0.001173	0.000434
sub-11044	CONTROL	40	M	0.144300	18	Anterior limb of internal capsule R	3018	0.558535	0.000654	0.001121	0.000420
sub-11044	CONTROL	40	M	0.144300	19	Anterior limb of internal capsule L	3754	0.619311	0.000655	0.001197	0.000384
sub-11044	CONTROL	40	M	0.144300	20	Posterior limb of internal capsule R	3752	0.614465	0.000644	0.001172	0.000380
sub-11044	CONTROL	40	M	0.144300	21	Posterior limb of internal capsule L	2515	0.593464	0.000697	0.001222	0.000434
sub-11044	CONTROL	40	M	0.144300	22	Retrolenticular part of internal capsule R	2469	0.581990	0.000736	0.001283	0.000463
sub-11044	CONTROL	40	M	0.144300	23	Retrolenticular part of internal capsule L	6849	0.433899	0.000725	0.001105	0.000535
sub-11044	CONTROL	40	M	0.144300	24	Anterior corona radiata R	6852	0.465030	0.000709	0.001111	0.000508
sub-11044	CONTROL	40	M	0.144300	25	Anterior corona radiata L	7500	0.448524	0.000674	0.001029	0.000496
sub-11044	CONTROL	40	M	0.144300	26	Superior corona radiata R	7508	0.457457	0.000673	0.001036	0.000492
sub-11044	CONTROL	40	M	0.144300	27	Superior corona radiata L	3728	0.461547	0.000742	0.001143	0.000542
sub-11044	CONTROL	40	M	0.144300	28	Posterior corona radiata R	3714	0.425893	0.000763	0.001134	0.000577
sub-11044	CONTROL	40	M	0.144300	29	Posterior corona radiata L	3972	0.563667	0.000752	0.001293	0.000482
sub-11044	CONTROL	40	M	0.144300	30	Posterior thalamic radiation (include optic radiation) R	3978	0.542499	0.000784	0.001317	0.000517
sub-11044	CONTROL	40	M	0.144300	31	Posterior thalamic radiation (include optic radiation) L	2228	0.518086	0.000798	0.001289	0.000553
sub-11044	CONTROL	40	M	0.144300	32	Sagittal stratum (include inferior longitidinal fasciculus and inferior fronto-occipital fasciculus) R	2231	0.478156	0.000835	0.001296	0.000605
sub-11044	CONTROL	40	M	0.144300	33	Sagittal stratum (include inferior longitidinal fasciculus and inferior fronto-occipital fasciculus) L	3650	0.384145	0.000672	0.000957	0.000530
sub-11044	CONTROL	40	M	0.144300	34	External capsule R	3650	0.391420	0.000680	0.000982	0.000529
sub-11044	CONTROL	40	M	0.144300	35	External capsule L	2342	0.512762	0.000693	0.001143	0.000467
sub-11044	CONTROL	40	M	0.144300	36	Cingulum (cingulate gyrus) R	2751	0.556636	0.000710	0.001229	0.000450
sub-11044	CONTROL	40	M	0.144300	37	Cingulum (cingulate gyrus) L	1236	0.434278	0.000744	0.001102	0.000565
sub-11044	CONTROL	40	M	0.144300	38	Cingulum (hippocampus) R	1155	0.426183	0.000770	0.001130	0.000590
sub-11044	CONTROL	40	M	0.144300	39	Cingulum (hippocampus) L	1124	0.482057	0.001066	0.001616	0.000791
sub-11044	CONTROL	40	M	0.144300	40	Fornix (cres) / Stria terminalis (can not be resolved with current resolution) R	1125	0.524393	0.000884	0.001411	0.000621
sub-11044	CONTROL	40	M	0.144300	41	Fornix (cres) / Stria terminalis (can not be resolved with current resolution) L	6607	0.473110	0.000675	0.001052	0.000487
sub-11044	CONTROL	40	M	0.144300	42	Superior longitudinal fasciculus R	6605	0.470708	0.000692	0.001078	0.000499
sub-11044	CONTROL	40	M	0.144300	43	Superior longitudinal fasciculus L	507	0.493974	0.000645	0.001044	0.000445
sub-11044	CONTROL	40	M	0.144300	44	Superior fronto-occipital fasciculus (could be a part of anterior internal capsule) R	507	0.493085	0.000650	0.001042	0.000453
sub-11044	CONTROL	40	M	0.144300	45	Superior fronto-occipital fasciculus (could be a part of anterior internal capsule) L	1961	0.456204	0.000740	0.001149	0.000536
sub-11044	CONTROL	40	M	0.144300	46	Inferior fronto-occipital fasciculus R	1937	0.467773	0.000728	0.001149	0.000517
sub-11044	CONTROL	40	M	0.144300	47	Inferior fronto-occipital fasciculus L	380	0.512296	0.000698	0.001152	0.000471
sub-11044	CONTROL	40	M	0.144300	48	Uncinate fasciculus R	376	0.472875	0.000705	0.001117	0.000499
sub-11044	CONTROL	40	M	0.144300	49	Uncinate fasciculus L	596	0.447227	0.001195	0.001729	0.000928
sub-11044	CONTROL	40	M	0.144300	50	Tapetum R	600	0.359318	0.001542	0.002023	0.001301
sub-11050	CONTROL	48	M	0.247800	1	Unclassified	15588	0.463121	0.000827	0.001205	0.000638
sub-11050	CONTROL	48	M	0.247800	2	Middle cerebellar peduncle	1500	0.387152	0.000681	0.000967	0.000538
sub-11050	CONTROL	48	M	0.247800	3	Pontine crossing tract (a part of MCP)	8850	0.562232	0.000928	0.001545	0.000619
sub-11050	CONTROL	48	M	0.247800	4	Genu of corpus callosum	13691	0.636680	0.000848	0.001540	0.000501
sub-11050	CONTROL	48	M	0.247800	5	Body of corpus callosum	12478	0.733503	0.000711	0.001453	0.000340
sub-11050	CONTROL	48	M	0.247800	6	Splenium of corpus callosum	659	0.417441	0.001617	0.002307	0.001273
sub-11050	CONTROL	48	M	0.247800	7	Fornix (column and body of fornix)	1362	0.449445	0.000830	0.001188	0.000651
sub-11050	CONTROL	48	M	0.247800	8	Corticospinal tract R	1370	0.470197	0.000793	0.001167	0.000606
sub-11050	CONTROL	48	M	0.247800	9	Corticospinal tract L	690	0.578568	0.000746	0.001304	0.000466
sub-11050	CONTROL	48	M	0.247800	10	Medial lemniscus R	699	0.533438	0.000818	0.001359	0.000548
sub-11050	CONTROL	48	M	0.247800	11	Medial lemniscus L	949	0.486773	0.000738	0.001184	0.000515
sub-11050	CONTROL	48	M	0.247800	12	Inferior cerebellar peduncle R	953	0.462810	0.000769	0.001188	0.000559
sub-11050	CONTROL	48	M	0.247800	13	Inferior cerebellar peduncle L	992	0.581293	0.000937	0.001589	0.000611
sub-11050	CONTROL	48	M	0.247800	14	Superior cerebellar peduncle R	992	0.556675	0.001056	0.001719	0.000725
sub-11050	CONTROL	48	M	0.247800	15	Superior cerebellar peduncle L	2270	0.637649	0.000784	0.001431	0.000460
sub-11050	CONTROL	48	M	0.247800	16	Cerebral peduncle R	2277	0.651903	0.000738	0.001389	0.000413
sub-11050	CONTROL	48	M	0.247800	17	Cerebral peduncle L	3138	0.533612	0.000697	0.001165	0.000464
sub-11050	CONTROL	48	M	0.247800	18	Anterior limb of internal capsule R	3018	0.547803	0.000680	0.001151	0.000445
sub-11050	CONTROL	48	M	0.247800	19	Anterior limb of internal capsule L	3754	0.615412	0.000640	0.001162	0.000378
sub-11050	CONTROL	48	M	0.247800	20	Posterior limb of internal capsule R	3752	0.604206	0.000637	0.001146	0.000383
sub-11050	CONTROL	48	M	0.247800	21	Posterior limb of internal capsule L	2515	0.565678	0.000712	0.001211	0.000463
sub-11050	CONTROL	48	M	0.247800	22	Retrolenticular part of internal capsule R	2469	0.579566	0.000717	0.001243	0.000455
sub-11050	CONTROL	48	M	0.247800	23	Retrolenticular part of internal capsule L	6849	0.453192	0.000746	0.001156	0.000541
sub-11050	CONTROL	48	M	0.247800	24	Anterior corona radiata R	6852	0.448177	0.000724	0.001109	0.000532
sub-11050	CONTROL	48	M	0.247800	25	Anterior corona radiata L	7500	0.462469	0.000685	0.001055	0.000500
sub-11050	CONTROL	48	M	0.247800	26	Superior corona radiata R	7508	0.471859	0.000673	0.001041	0.000489
sub-11050	CONTROL	48	M	0.247800	27	Superior corona radiata L	3728	0.453050	0.000743	0.001120	0.000555
sub-11050	CONTROL	48	M	0.247800	28	Posterior corona radiata R	3714	0.450895	0.000747	0.001126	0.000557
sub-11050	CONTROL	48	M	0.247800	29	Posterior corona radiata L	3972	0.582411	0.000755	0.001321	0.000472
sub-11050	CONTROL	48	M	0.247800	30	Posterior thalamic radiation (include optic radiation) R	3978	0.543381	0.000812	0.001356	0.000540
sub-11050	CONTROL	48	M	0.247800	31	Posterior thalamic radiation (include optic radiation) L	2228	0.501129	0.000805	0.001281	0.000567
sub-11050	CONTROL	48	M	0.247800	32	Sagittal stratum (include inferior longitidinal fasciculus and inferior fronto-occipital fasciculus) R	2231	0.456934	0.000894	0.001361	0.000660
sub-11050	CONTROL	48	M	0.247800	33	Sagittal stratum (include inferior longitidinal fasciculus and inferior fronto-occipital fasciculus) L	3650	0.390178	0.000692	0.000996	0.000539
sub-11050	CONTROL	48	M	0.247800	34	External capsule R	3650	0.394334	0.000673	0.000976	0.000522
sub-11050	CONTROL	48	M	0.247800	35	External capsule L	2342	0.452136	0.000698	0.001080	0.000507
sub-11050	CONTROL	48	M	0.247800	36	Cingulum (cingulate gyrus) R	2751	0.514796	0.000696	0.001155	0.000467
sub-11050	CONTROL	48	M	0.247800	37	Cingulum (cingulate gyrus) L	1236	0.398637	0.000762	0.001057	0.000615
sub-11050	CONTROL	48	M	0.247800	38	Cingulum (hippocampus) R	1155	0.375675	0.000789	0.001099	0.000634
sub-11050	CONTROL	48	M	0.247800	39	Cingulum (hippocampus) L	1124	0.461490	0.000967	0.001465	0.000718
sub-11050	CONTROL	48	M	0.247800	40	Fornix (cres) / Stria terminalis (can not be resolved with current resolution) R	1125	0.497030	0.000844	0.001326	0.000603
sub-11050	CONTROL	48	M	0.247800	41	Fornix (cres) / Stria terminalis (can not be resolved with current resolution) L	6607	0.450754	0.000688	0.001041	0.000512
sub-11050	CONTROL	48	M	0.247800	42	Superior longitudinal fasciculus R	6605	0.445211	0.000702	0.001064	0.000520
sub-11050	CONTROL	48	M	0.247800	43	Superior longitudinal fasciculus L	507	0.465139	0.000659	0.001031	0.000473
sub-11050	CONTROL	48	M	0.247800	44	Superior fronto-occipital fasciculus (could be a part of anterior internal capsule) R	507	0.490934	0.000631	0.001006	0.000443
sub-11050	CONTROL	48	M	0.247800	45	Superior fronto-occipital fasciculus (could be a part of anterior internal capsule) L	1961	0.411011	0.000763	0.001134	0.000577
sub-11050	CONTROL	48	M	0.247800	46	Inferior fronto-occipital fasciculus R	1936	0.437015	0.000736	0.001119	0.000545
sub-11050	CONTROL	48	M	0.247800	47	Inferior fronto-occipital fasciculus L	380	0.508084	0.000721	0.001172	0.000495
sub-11050	CONTROL	48	M	0.247800	48	Uncinate fasciculus R	376	0.520883	0.000686	0.001130	0.000464
sub-11050	CONTROL	48	M	0.247800	49	Uncinate fasciculus L	596	0.434743	0.001363	0.001907	0.001092
sub-11050	CONTROL	48	M	0.247800	50	Tapetum R	600	0.362545	0.001509	0.001971	0.001278
sub-11066	CONTROL	37	M	0.167100	1	Unclassified	15608	0.461733	0.000837	0.001261	0.000625
sub-11066	CONTROL	37	M	0.167100	2	Middle cerebellar peduncle	1500	0.410173	0.000675	0.000986	0.000519
sub-11066	CONTROL	37	M	0.167100	3	Pontine crossing tract (a part of MCP)	8851	0.550988	0.001040	0.001713	0.000703
sub-11066	CONTROL	37	M	0.167100	4	Genu of corpus callosum	13708	0.635704	0.000876	0.001605	0.000511
sub-11066	CONTROL	37	M	0.167100	5	Body of corpus callosum	12711	0.722885	0.000765	0.001556	0.000370
sub-11066	CONTROL	37	M	0.167100	6	Splenium of corpus callosum	659	0.374725	0.001575	0.002221	0.001252
sub-11066	CONTROL	37	M	0.167100	7	Fornix (column and body of fornix)	1345	0.440468	0.000916	0.001332	0.000708
sub-11066	CONTROL	37	M	0.167100	8	Corticospinal tract R	1355	0.470063	0.000836	0.001248	0.000630
sub-11066	CONTROL	37	M	0.167100	9	Corticospinal tract L	690	0.577256	0.000710	0.001237	0.000447
sub-11066	CONTROL	37	M	0.167100	10	Medial lemniscus R	699	0.562360	0.000701	0.001207	0.000449
sub-11066	CONTROL	37	M	0.167100	11	Medial lemniscus L	870	0.453880	0.000751	0.001170	0.000541
sub-11066	CONTROL	37	M	0.167100	12	Inferior cerebellar peduncle R	889	0.431907	0.000792	0.001201	0.000587
sub-11066	CONTROL	37	M	0.167100	13	Inferior cerebellar peduncle L	992	0.558054	0.001023	0.001704	0.000683
sub-11066	CONTROL	37	M	0.167100	14	Superior cerebellar peduncle R	992	0.527627	0.001116	0.001772	0.000788
sub-11066	CONTROL	37	M	0.167100	15	Superior cerebellar peduncle L	2278	0.615977	0.000825	0.001483	0.000496
sub-11066	CONTROL	37	M	0.167100	16	Cerebral peduncle R	2278	0.613263	0.000841	0.001512	0.000505
sub-11066	CONTROL	37	M	0.167100	17	Cerebral peduncle L	3138	0.525349	0.000692	0.001156	0.000460
sub-11066	CONTROL	37	M	0.167100	18	Anterior limb of internal capsule R	3018	0.527404	0.000697	0.001163	0.000464
sub-11066	CONTROL	37	M	0.167100	19	Anterior limb of internal capsule L	3754	0.585735	0.000696	0.001228	0.000429
sub-11066	CONTROL	37	M	0.167100	20	Posterior limb of internal capsule R	3752	0.597208	0.000695	0.001241	0.000421
sub-11066	CONTROL	37	M	0.167100	21	Posterior limb of internal capsule L	2515	0.569249	0.000751	0.001288	0.000482
sub-11066	CONTROL	37	M	0.167100	22	Retrolenticular part of internal capsule R	2469	0.592585	0.000738	0.001298	0.000458
sub-11066	CONTROL	37	M	0.167100	23	Retrolenticular part of internal capsule L	6849	0.461239	0.000761	0.001187	0.000548
sub-11066	CONTROL	37	M	0.167100	24	Anterior corona radiata R	6852	0.456310	0.000751	0.001161	0.000546
sub-11066	CONTROL	37	M	0.167100	25	Anterior corona radiata L	7500	0.473980	0.000719	0.001118	0.000520
sub-11066	CONTROL	37	M	0.167100	26	Superior corona radiata R	7508	0.490760	0.000700	0.001107	0.000497
sub-11066	CONTROL	37	M	0.167100	27	Superior corona radiata L	3728	0.466894	0.000805	0.001235	0.000590
sub-11066	CONTROL	37	M	0.167100	28	Posterior corona radiata R	3714	0.469600	0.000802	0.001226	0.000590
sub-11066	CONTROL	37	M	0.167100	29	Posterior corona radiata L	3972	0.558754	0.000768	0.001316	0.000494
sub-11066	CONTROL	37	M	0.167100	30	Posterior thalamic radiation (include optic radiation) R	3978	0.537978	0.000828	0.001382	0.000551
sub-11066	CONTROL	37	M	0.167100	31	Posterior thalamic radiation (include optic radiation) L	2228	0.531482	0.000852	0.001397	0.000580
sub-11066	CONTROL	37	M	0.167100	32	Sagittal stratum (include inferior longitidinal fasciculus and inferior fronto-occipital fasciculus) R	2231	0.470266	0.000891	0.001371	0.000651
sub-11066	CONTROL	37	M	0.167100	33	Sagittal stratum (include inferior longitidinal fasciculus and inferior fronto-occipital fasciculus) L	3650	0.368707	0.000717	0.001017	0.000567
sub-11066	CONTROL	37	M	0.167100	34	External capsule R	3650	0.381447	0.000714	0.001029	0.000557
sub-11066	CONTROL	37	M	0.167100	35	External capsule L	2342	0.466214	0.000733	0.001157	0.000521
sub-11066	CONTROL	37	M	0.167100	36	Cingulum (cingulate gyrus) R	2751	0.531156	0.000728	0.001233	0.000476
sub-11066	CONTROL	37	M	0.167100	37	Cingulum (cingulate gyrus) L	1236	0.393818	0.000780	0.001135	0.000602
sub-11066	CONTROL	37	M	0.167100	38	Cingulum (hippocampus) R	1155	0.376668	0.000758	0.001084	0.000596
sub-11066	CONTROL	37	M	0.167100	39	Cingulum (hippocampus) L	1124	0.491110	0.000919	0.001440	0.000659
sub-11066	CONTROL	37	M	0.167100	40	Fornix (cres) / Stria terminalis (can not be resolved with current resolution) R	1125	0.509072	0.000835	0.001339	0.000583
sub-11066	CONTROL	37	M	0.167100	41	Fornix (cres) / Stria terminalis (can not be resolved with current resolution) L	6607	0.460871	0.000714	0.001100	0.000521
sub-11066	CONTROL	37	M	0.167100	42	Superior longitudinal fasciculus R	6605	0.470131	0.000704	0.001092	0.000511
sub-11066	CONTROL	37	M	0.167100	43	Superior longitudinal fasciculus L	507	0.464131	0.000697	0.001087	0.000502
sub-11066	CONTROL	37	M	0.167100	44	Superior fronto-occipital fasciculus (could be a part of anterior internal capsule) R	507	0.476867	0.000669	0.001057	0.000475
sub-11066	CONTROL	37	M	0.167100	45	Superior fronto-occipital fasciculus (could be a part of anterior internal capsule) L	1961	0.407505	0.000784	0.001163	0.000594
sub-11066	CONTROL	37	M	0.167100	46	Inferior fronto-occipital fasciculus R	1937	0.419470	0.000779	0.001169	0.000584
sub-11066	CONTROL	37	M	0.167100	47	Inferior fronto-occipital fasciculus L	380	0.392543	0.000789	0.001147	0.000609
sub-11066	CONTROL	37	M	0.167100	48	Uncinate fasciculus R	376	0.396187	0.000749	0.001098	0.000574
sub-11066	CONTROL	37	M	0.167100	49	Uncinate fasciculus L	596	0.416669	0.001258	0.001773	0.001000
sub-11066	CONTROL	37	M	0.167100	50	Tapetum R	600	0.342447	0.001731	0.002230	0.001482
sub-11068	CONTROL	39	M	0.128100	1	Unclassified	15641	0.459736	0.000789	0.001188	0.000590
sub-11068	CONTROL	39	M	0.128100	2	Middle cerebellar peduncle	1500	0.417685	0.000726	0.001061	0.000558
sub-11068	CONTROL	39	M	0.128100	3	Pontine crossing tract (a part of MCP)	8849	0.541894	0.001032	0.001687	0.000705
sub-11068	CONTROL	39	M	0.128100	4	Genu of corpus callosum	13710	0.618206	0.000875	0.001572	0.000527
sub-11068	CONTROL	39	M	0.128100	5	Body of corpus callosum	12635	0.709572	0.000770	0.001544	0.000383
sub-11068	CONTROL	39	M	0.128100	6	Splenium of corpus callosum	659	0.424411	0.001415	0.002079	0.001083
sub-11068	CONTROL	39	M	0.128100	7	Fornix (column and body of fornix)	1272	0.461063	0.000814	0.001232	0.000604
sub-11068	CONTROL	39	M	0.128100	8	Corticospinal tract R	1285	0.488373	0.000798	0.001238	0.000577
sub-11068	CONTROL	39	M	0.128100	9	Corticospinal tract L	690	0.566558	0.000730	0.001254	0.000468
sub-11068	CONTROL	39	M	0.128100	10	Medial lemniscus R	699	0.549271	0.000738	0.001254	0.000480
sub-11068	CONTROL	39	M	0.128100	11	Medial lemniscus L	756	0.484633	0.000667	0.001072	0.000465
sub-11068	CONTROL	39	M	0.128100	12	Inferior cerebellar peduncle R	805	0.460512	0.000716	0.001120	0.000515
sub-11068	CONTROL	39	M	0.128100	13	Inferior cerebellar peduncle L	992	0.509211	0.001064	0.001693	0.000750
sub-11068	CONTROL	39	M	0.128100	14	Superior cerebellar peduncle R	992	0.505220	0.001101	0.001703	0.000800
sub-11068	CONTROL	39	M	0.128100	15	Superior cerebellar peduncle L	2276	0.638463	0.000781	0.001434	0.000455
sub-11068	CONTROL	39	M	0.128100	16	Cerebral peduncle R	2278	0.627987	0.000746	0.001364	0.000437
sub-11068	CONTROL	39	M	0.128100	17	Cerebral peduncle L	3138	0.520623	0.000716	0.001185	0.000482
sub-11068	CONTROL	39	M	0.128100	18	Anterior limb of internal capsule R	3018	0.530239	0.000688	0.001149	0.000457
sub-11068	CONTROL	39	M	0.128100	19	Anterior limb of internal capsule L	3754	0.598820	0.000687	0.001228	0.000416
sub-11068	CONTROL	39	M	0.128100	20	Posterior limb of internal capsule R	3752	0.605113	0.000673	0.001210	0.000404
sub-11068	CONTROL	39	M	0.128100	21	Posterior limb of internal capsule L	2515	0.577506	0.000744	0.001292	0.000470
sub-11068	CONTROL	39	M	0.128100	22	Retrolenticular part of internal capsule R	2469	0.611924	0.000759	0.001360	0.000459
sub-11068	CONTROL	39	M	0.128100	23	Retrolenticular part of internal capsule L	6849	0.442903	0.000795	0.001216	0.000584
sub-11068	CONTROL	39	M	0.128100	24	Anterior corona radiata R	6852	0.439823	0.000742	0.001122	0.000552
sub-11068	CONTROL	39	M	0.128100	25	Anterior corona radiata L	7500	0.452294	0.000695	0.001066	0.000510
sub-11068	CONTROL	39	M	0.128100	26	Superior corona radiata R	7508	0.445314	0.000701	0.001058	0.000523
sub-11068	CONTROL	39	M	0.128100	27	Superior corona radiata L	3728	0.443128	0.000754	0.001133	0.000565
sub-11068	CONTROL	39	M	0.128100	28	Posterior corona radiata R	3714	0.446018	0.000790	0.001196	0.000587
sub-11068	CONTROL	39	M	0.128100	29	Posterior corona radiata L	3972	0.547258	0.000757	0.001285	0.000493
sub-11068	CONTROL	39	M	0.128100	30	Posterior thalamic radiation (include optic radiation) R	3978	0.568485	0.000819	0.001410	0.000524
sub-11068	CONTROL	39	M	0.128100	31	Posterior thalamic radiation (include optic radiation) L	2228	0.528392	0.000823	0.001344	0.000563
sub-11068	CONTROL	39	M	0.128100	32	Sagittal stratum (include inferior longitidinal fasciculus and inferior fronto-occipital fasciculus) R	2231	0.499889	0.000883	0.001394	0.000627
sub-11068	CONTROL	39	M	0.128100	33	Sagittal stratum (include inferior longitidinal fasciculus and inferior fronto-occipital fasciculus) L	3650	0.387828	0.000709	0.001031	0.000549
sub-11068	CONTROL	39	M	0.128100	34	External capsule R	3650	0.405838	0.000692	0.001025	0.000525
sub-11068	CONTROL	39	M	0.128100	35	External capsule L	2342	0.501976	0.000724	0.001187	0.000492
sub-11068	CONTROL	39	M	0.128100	36	Cingulum (cingulate gyrus) R	2751	0.533517	0.000726	0.001236	0.000471
sub-11068	CONTROL	39	M	0.128100	37	Cingulum (cingulate gyrus) L	1236	0.416357	0.000741	0.001100	0.000562
sub-11068	CONTROL	39	M	0.128100	38	Cingulum (hippocampus) R	1155	0.369516	0.000815	0.001132	0.000656
sub-11068	CONTROL	39	M	0.128100	39	Cingulum (hippocampus) L	1124	0.492366	0.000941	0.001470	0.000677
sub-11068	CONTROL	39	M	0.128100	40	Fornix (cres) / Stria terminalis (can not be resolved with current resolution) R	1125	0.525591	0.000884	0.001436	0.000608
sub-11068	CONTROL	39	M	0.128100	41	Fornix (cres) / Stria terminalis (can not be resolved with current resolution) L	6607	0.463975	0.000709	0.001093	0.000517
sub-11068	CONTROL	39	M	0.128100	42	Superior longitudinal fasciculus R	6605	0.456818	0.000707	0.001088	0.000516
sub-11068	CONTROL	39	M	0.128100	43	Superior longitudinal fasciculus L	507	0.458765	0.000674	0.001036	0.000493
sub-11068	CONTROL	39	M	0.128100	44	Superior fronto-occipital fasciculus (could be a part of anterior internal capsule) R	507	0.434451	0.000699	0.001052	0.000522
sub-11068	CONTROL	39	M	0.128100	45	Superior fronto-occipital fasciculus (could be a part of anterior internal capsule) L	1961	0.454230	0.000752	0.001169	0.000544
sub-11068	CONTROL	39	M	0.128100	46	Inferior fronto-occipital fasciculus R	1937	0.466290	0.000733	0.001156	0.000521
sub-11068	CONTROL	39	M	0.128100	47	Inferior fronto-occipital fasciculus L	380	0.465420	0.000742	0.001167	0.000529
sub-11068	CONTROL	39	M	0.128100	48	Uncinate fasciculus R	376	0.459397	0.000730	0.001136	0.000528
sub-11068	CONTROL	39	M	0.128100	49	Uncinate fasciculus L	596	0.375411	0.001236	0.001711	0.000998
sub-11068	CONTROL	39	M	0.128100	50	Tapetum R	600	0.351907	0.001598	0.002126	0.001335
sub-11090	CONTROL	24	M	0.143600	1	Unclassified	15356	0.452395	0.000892	0.001310	0.000683
sub-11090	CONTROL	24	M	0.143600	2	Middle cerebellar peduncle	1500	0.377737	0.000719	0.001003	0.000577
sub-11090	CONTROL	24	M	0.143600	3	Pontine crossing tract (a part of MCP)	8851	0.553206	0.001084	0.001760	0.000745
sub-11090	CONTROL	24	M	0.143600	4	Genu of corpus callosum	13705	0.611384	0.000925	0.001649	0.000563
sub-11090	CONTROL	24	M	0.143600	5	Body of corpus callosum	12527	0.713331	0.000794	0.001586	0.000399
sub-11090	CONTROL	24	M	0.143600	6	Splenium of corpus callosum	659	0.368484	0.001725	0.002421	0.001377
sub-11090	CONTROL	24	M	0.143600	7	Fornix (column and body of fornix)	1271	0.486825	0.000777	0.001198	0.000566
sub-11090	CONTROL	24	M	0.143600	8	Corticospinal tract R	1274	0.495210	0.000806	0.001245	0.000587
sub-11090	CONTROL	24	M	0.143600	9	Corticospinal tract L	690	0.542369	0.000802	0.001353	0.000526
sub-11090	CONTROL	24	M	0.143600	10	Medial lemniscus R	699	0.535487	0.000786	0.001310	0.000523
sub-11090	CONTROL	24	M	0.143600	11	Medial lemniscus L	717	0.474807	0.000722	0.001151	0.000507
sub-11090	CONTROL	24	M	0.143600	12	Inferior cerebellar peduncle R	736	0.490503	0.000750	0.001209	0.000520
sub-11090	CONTROL	24	M	0.143600	13	Inferior cerebellar peduncle L	992	0.519217	0.001156	0.001810	0.000828
sub-11090	CONTROL	24	M	0.143600	14	Superior cerebellar peduncle R	992	0.485915	0.001345	0.002007	0.001014
sub-11090	CONTROL	24	M	0.143600	15	Superior cerebellar peduncle L	2271	0.607609	0.000834	0.001479	0.000511
sub-11090	CONTROL	24	M	0.143600	16	Cerebral peduncle R	2278	0.634582	0.000789	0.001459	0.000453
sub-11090	CONTROL	24	M	0.143600	17	Cerebral peduncle L	3138	0.535207	0.000728	0.001228	0.000478
sub-11090	CONTROL	24	M	0.143600	18	Anterior limb of internal capsule R	3018	0.521030	0.000711	0.001179	0.000477
sub-11090	CONTROL	24	M	0.143600	19	Anterior limb of internal capsule L	3754	0.608770	0.000706	0.001279	0.000419
sub-11090	CONTROL	24	M	0.143600	20	Posterior limb of internal capsule R	3752	0.598826	0.000692	0.001241	0.000418
sub-11090	CONTROL	24	M	0.143600	21	Posterior limb of internal capsule L	2515	0.571043	0.000763	0.001311	0.000488
sub-11090	CONTROL	24	M	0.143600	22	Retrolenticular part of internal capsule R	2469	0.586662	0.000734	0.001282	0.000460
sub-11090	CONTROL	24	M	0.143600	23	Retrolenticular part of internal capsule L	6849	0.422379	0.000779	0.001166	0.000586
sub-11090	CONTROL	24	M	0.143600	24	Anterior corona radiata R	6852	0.443534	0.000742	0.001129	0.000549
sub-11090	CONTROL	24	M	0.143600	25	Anterior corona radiata L	7500	0.461495	0.000705	0.001084	0.000515
sub-11090	CONTROL	24	M	0.143600	26	Superior corona radiata R	7508	0.447251	0.000711	0.001079	0.000526
sub-11090	CONTROL	24	M	0.143600	27	Superior corona radiata L	3728	0.457212	0.000800	0.001218	0.000590
sub-11090	CONTROL	24	M	0.143600	28	Posterior corona radiata R	3714	0.436209	0.000784	0.001169	0.000591
sub-11090	CONTROL	24	M	0.143600	29	Posterior corona radiata L	3972	0.574819	0.000829	0.001419	0.000535
sub-11090	CONTROL	24	M	0.143600	30	Posterior thalamic radiation (include optic radiation) R	3978	0.548411	0.000973	0.001563	0.000679
sub-11090	CONTROL	24	M	0.143600	31	Posterior thalamic radiation (include optic radiation) L	2228	0.490201	0.000849	0.001332	0.000608
sub-11090	CONTROL	24	M	0.143600	32	Sagittal stratum (include inferior longitidinal fasciculus and inferior fronto-occipital fasciculus) R	2231	0.481559	0.000908	0.001406	0.000659
sub-11090	CONTROL	24	M	0.143600	33	Sagittal stratum (include inferior longitidinal fasciculus and inferior fronto-occipital fasciculus) L	3650	0.365300	0.000734	0.001045	0.000578
sub-11090	CONTROL	24	M	0.143600	34	External capsule R	3650	0.375251	0.000727	0.001046	0.000568
sub-11090	CONTROL	24	M	0.143600	35	External capsule L	2342	0.465440	0.000744	0.001162	0.000534
sub-11090	CONTROL	24	M	0.143600	36	Cingulum (cingulate gyrus) R	2751	0.518869	0.000738	0.001227	0.000494
sub-11090	CONTROL	24	M	0.143600	37	Cingulum (cingulate gyrus) L	1236	0.355841	0.000840	0.001157	0.000681
sub-11090	CONTROL	24	M	0.143600	38	Cingulum (hippocampus) R	1155	0.381589	0.000827	0.001174	0.000654
sub-11090	CONTROL	24	M	0.143600	39	Cingulum (hippocampus) L	1124	0.487179	0.001031	0.001583	0.000755
sub-11090	CONTROL	24	M	0.143600	40	Fornix (cres) / Stria terminalis (can not be resolved with current resolution) R	1125	0.504389	0.000884	0.001409	0.000621
sub-11090	CONTROL	24	M	0.143600	41	Fornix (cres) / Stria terminalis (can not be resolved with current resolution) L	6607	0.456259	0.000732	0.001114	0.000542
sub-11090	CONTROL	24	M	0.143600	42	Superior longitudinal fasciculus R	6605	0.460080	0.000711	0.001085	0.000524
sub-11090	CONTROL	24	M	0.143600	43	Superior longitudinal fasciculus L	507	0.455243	0.000707	0.001093	0.000513
sub-11090	CONTROL	24	M	0.143600	44	Superior fronto-occipital fasciculus (could be a part of anterior internal capsule) R	507	0.446615	0.000714	0.001095	0.000523
sub-11090	CONTROL	24	M	0.143600	45	Superior fronto-occipital fasciculus (could be a part of anterior internal capsule) L	1961	0.416968	0.000769	0.001146	0.000580
sub-11090	CONTROL	24	M	0.143600	46	Inferior fronto-occipital fasciculus R	1937	0.413450	0.000772	0.001150	0.000582
sub-11090	CONTROL	24	M	0.143600	47	Inferior fronto-occipital fasciculus L	380	0.411521	0.000802	0.001200	0.000603
sub-11090	CONTROL	24	M	0.143600	48	Uncinate fasciculus R	376	0.414521	0.000753	0.001118	0.000570
sub-11090	CONTROL	24	M	0.143600	49	Uncinate fasciculus L	596	0.371366	0.001602	0.002165	0.001320
sub-11090	CONTROL	24	M	0.143600	50	Tapetum R	600	0.275757	0.002042	0.002520	0.001803
sub-11097	CONTROL	43	M	0.166600	1	Unclassified	14442	0.452755	0.000837	0.001240	0.000636
sub-11097	CONTROL	43	M	0.166600	2	Middle cerebellar peduncle	1500	0.389373	0.000672	0.000951	0.000533
sub-11097	CONTROL	43	M	0.166600	3	Pontine crossing tract (a part of MCP)	8851	0.522174	0.001191	0.001867	0.000853
sub-11097	CONTROL	43	M	0.166600	4	Genu of corpus callosum	13711	0.594383	0.000942	0.001640	0.000593
sub-11097	CONTROL	43	M	0.166600	5	Body of corpus callosum	12611	0.710431	0.000801	0.001584	0.000409
sub-11097	CONTROL	43	M	0.166600	6	Splenium of corpus callosum	659	0.259606	0.002021	0.002585	0.001739
sub-11097	CONTROL	43	M	0.166600	7	Fornix (column and body of fornix)	1292	0.463893	0.000782	0.001173	0.000586
sub-11097	CONTROL	43	M	0.166600	8	Corticospinal tract R	1298	0.469600	0.000778	0.001182	0.000576
sub-11097	CONTROL	43	M	0.166600	9	Corticospinal tract L	690	0.576593	0.000746	0.001297	0.000470
sub-11097	CONTROL	43	M	0.166600	10	Medial lemniscus R	699	0.571610	0.000724	0.001252	0.000460
sub-11097	CONTROL	43	M	0.166600	11	Medial lemniscus L	701	0.485750	0.000706	0.001148	0.000484
sub-11097	CONTROL	43	M	0.166600	12	Inferior cerebellar peduncle R	750	0.481286	0.000739	0.001186	0.000515
sub-11097	CONTROL	43	M	0.166600	13	Inferior cerebellar peduncle L	992	0.503772	0.001093	0.001693	0.000793
sub-11097	CONTROL	43	M	0.166600	14	Superior cerebellar peduncle R	992	0.496608	0.001157	0.001759	0.000855
sub-11097	CONTROL	43	M	0.166600	15	Superior cerebellar peduncle L	2278	0.635094	0.000776	0.001426	0.000451
sub-11097	CONTROL	43	M	0.166600	16	Cerebral peduncle R	2278	0.628428	0.000745	0.001371	0.000433
sub-11097	CONTROL	43	M	0.166600	17	Cerebral peduncle L	3138	0.514198	0.000701	0.001159	0.000472
sub-11097	CONTROL	43	M	0.166600	18	Anterior limb of internal capsule R	3018	0.513264	0.000698	0.001153	0.000471
sub-11097	CONTROL	43	M	0.166600	19	Anterior limb of internal capsule L	3754	0.599909	0.000669	0.001202	0.000402
sub-11097	CONTROL	43	M	0.166600	20	Posterior limb of internal capsule R	3752	0.592441	0.000691	0.001228	0.000422
sub-11097	CONTROL	43	M	0.166600	21	Posterior limb of internal capsule L	2515	0.562105	0.000730	0.001233	0.000478
sub-11097	CONTROL	43	M	0.166600	22	Retrolenticular part of internal capsule R	2469	0.587506	0.000746	0.001298	0.000470
sub-11097	CONTROL	43	M	0.166600	23	Retrolenticular part of internal capsule L	6849	0.405100	0.000792	0.001158	0.000608
sub-11097	CONTROL	43	M	0.166600	24	Anterior corona radiata R	6852	0.397862	0.000762	0.001105	0.000591
sub-11097	CONTROL	43	M	0.166600	25	Anterior corona radiata L	7500	0.459089	0.000702	0.001070	0.000518
sub-11097	CONTROL	43	M	0.166600	26	Superior corona radiata R	7508	0.458628	0.000702	0.001067	0.000519
sub-11097	CONTROL	43	M	0.166600	27	Superior corona radiata L	3728	0.449665	0.000764	0.001148	0.000571
sub-11097	CONTROL	43	M	0.166600	28	Posterior corona radiata R	3714	0.433768	0.000782	0.001161	0.000592
sub-11097	CONTROL	43	M	0.166600	29	Posterior corona radiata L	3972	0.543408	0.000805	0.001322	0.000546
sub-11097	CONTROL	43	M	0.166600	30	Posterior thalamic radiation (include optic radiation) R	3978	0.548896	0.000913	0.001490	0.000625
sub-11097	CONTROL	43	M	0.166600	31	Posterior thalamic radiation (include optic radiation) L	2228	0.521815	0.000847	0.001365	0.000588
sub-11097	CONTROL	43	M	0.166600	32	Sagittal stratum (include inferior longitidinal fasciculus and inferior fronto-occipital fasciculus) R	2231	0.506565	0.000919	0.001452	0.000653
sub-11097	CONTROL	43	M	0.166600	33	Sagittal stratum (include inferior longitidinal fasciculus and inferior fronto-occipital fasciculus) L	3650	0.352894	0.000726	0.001014	0.000582
sub-11097	CONTROL	43	M	0.166600	34	External capsule R	3650	0.377179	0.000718	0.001032	0.000561
sub-11097	CONTROL	43	M	0.166600	35	External capsule L	2342	0.453426	0.000755	0.001165	0.000550
sub-11097	CONTROL	43	M	0.166600	36	Cingulum (cingulate gyrus) R	2751	0.478157	0.000747	0.001188	0.000527
sub-11097	CONTROL	43	M	0.166600	37	Cingulum (cingulate gyrus) L	1236	0.396673	0.000760	0.001111	0.000585
sub-11097	CONTROL	43	M	0.166600	38	Cingulum (hippocampus) R	1155	0.386129	0.000806	0.001152	0.000633
sub-11097	CONTROL	43	M	0.166600	39	Cingulum (hippocampus) L	1124	0.465041	0.000996	0.001514	0.000738
sub-11097	CONTROL	43	M	0.166600	40	Fornix (cres) / Stria terminalis (can not be resolved with current resolution) R	1125	0.498934	0.000898	0.001417	0.000638
sub-11097	CONTROL	43	M	0.166600	41	Fornix (cres) / Stria terminalis (can not be resolved with current resolution) L	6607	0.449418	0.000710	0.001077	0.000526
sub-11097	CONTROL	43	M	0.166600	42	Superior longitudinal fasciculus R	6605	0.429161	0.000698	0.001034	0.000530
sub-11097	CONTROL	43	M	0.166600	43	Superior longitudinal fasciculus L	507	0.410552	0.000684	0.001013	0.000519
sub-11097	CONTROL	43	M	0.166600	44	Superior fronto-occipital fasciculus (could be a part of anterior internal capsule) R	507	0.380998	0.000695	0.001005	0.000541
sub-11097	CONTROL	43	M	0.166600	45	Superior fronto-occipital fasciculus (could be a part of anterior internal capsule) L	1961	0.402543	0.000768	0.001134	0.000585
sub-11097	CONTROL	43	M	0.166600	46	Inferior fronto-occipital fasciculus R	1937	0.393777	0.000774	0.001131	0.000595
sub-11097	CONTROL	43	M	0.166600	47	Inferior fronto-occipital fasciculus L	380	0.417691	0.000752	0.001123	0.000566
sub-11097	CONTROL	43	M	0.166600	48	Uncinate fasciculus R	376	0.399840	0.000786	0.001153	0.000603
sub-11097	CONTROL	43	M	0.166600	49	Uncinate fasciculus L	596	0.401430	0.001582	0.002193	0.001277
sub-11097	CONTROL	43	M	0.166600	50	Tapetum R	600	0.318353	0.001962	0.002495	0.001696
sub-11098	CONTROL	39	M	0.245500	1	Unclassified	15641	0.462836	0.000867	0.001276	0.000663
sub-11098	CONTROL	39	M	0.245500	2	Middle cerebellar peduncle	1500	0.457128	0.000678	0.001040	0.000497
sub-11098	CONTROL	39	M	0.245500	3	Pontine crossing tract (a part of MCP)	8850	0.567514	0.001101	0.001790	0.000756
sub-11098	CONTROL	39	M	0.245500	4	Genu of corpus callosum	13709	0.636281	0.000859	0.001579	0.000500
sub-11098	CONTROL	39	M	0.245500	5	Body of corpus callosum	12709	0.734672	0.000730	0.001509	0.000341
sub-11098	CONTROL	39	M	0.245500	6	Splenium of corpus callosum	659	0.392113	0.001514	0.002172	0.001185
sub-11098	CONTROL	39	M	0.245500	7	Fornix (column and body of fornix)	1362	0.464807	0.000815	0.001189	0.000628
sub-11098	CONTROL	39	M	0.245500	8	Corticospinal tract R	1370	0.471673	0.000900	0.001310	0.000695
sub-11098	CONTROL	39	M	0.245500	9	Corticospinal tract L	690	0.532431	0.000712	0.001180	0.000479
sub-11098	CONTROL	39	M	0.245500	10	Medial lemniscus R	699	0.499995	0.000749	0.001196	0.000526
sub-11098	CONTROL	39	M	0.245500	11	Medial lemniscus L	902	0.423577	0.000706	0.001062	0.000529
sub-11098	CONTROL	39	M	0.245500	12	Inferior cerebellar peduncle R	904	0.387242	0.000769	0.001109	0.000599
sub-11098	CONTROL	39	M	0.245500	13	Inferior cerebellar peduncle L	992	0.566282	0.000898	0.001502	0.000597
sub-11098	CONTROL	39	M	0.245500	14	Superior cerebellar peduncle R	992	0.526532	0.001035	0.001617	0.000744
sub-11098	CONTROL	39	M	0.245500	15	Superior cerebellar peduncle L	2278	0.638993	0.000742	0.001381	0.000422
sub-11098	CONTROL	39	M	0.245500	16	Cerebral peduncle R	2276	0.618159	0.000761	0.001378	0.000453
sub-11098	CONTROL	39	M	0.245500	17	Cerebral peduncle L	3138	0.533324	0.000686	0.001150	0.000454
sub-11098	CONTROL	39	M	0.245500	18	Anterior limb of internal capsule R	3018	0.546577	0.000676	0.001143	0.000442
sub-11098	CONTROL	39	M	0.245500	19	Anterior limb of internal capsule L	3754	0.590790	0.000661	0.001166	0.000408
sub-11098	CONTROL	39	M	0.245500	20	Posterior limb of internal capsule R	3752	0.600970	0.000655	0.001170	0.000397
sub-11098	CONTROL	39	M	0.245500	21	Posterior limb of internal capsule L	2515	0.549798	0.000717	0.001193	0.000480
sub-11098	CONTROL	39	M	0.245500	22	Retrolenticular part of internal capsule R	2469	0.578231	0.000708	0.001220	0.000452
sub-11098	CONTROL	39	M	0.245500	23	Retrolenticular part of internal capsule L	6849	0.415558	0.000752	0.001118	0.000568
sub-11098	CONTROL	39	M	0.245500	24	Anterior corona radiata R	6852	0.398725	0.000730	0.001058	0.000566
sub-11098	CONTROL	39	M	0.245500	25	Anterior corona radiata L	7500	0.430625	0.000673	0.001002	0.000509
sub-11098	CONTROL	39	M	0.245500	26	Superior corona radiata R	7508	0.444715	0.000672	0.001012	0.000502
sub-11098	CONTROL	39	M	0.245500	27	Superior corona radiata L	3728	0.470347	0.000715	0.001088	0.000528
sub-11098	CONTROL	39	M	0.245500	28	Posterior corona radiata R	3714	0.463682	0.000736	0.001121	0.000543
sub-11098	CONTROL	39	M	0.245500	29	Posterior corona radiata L	3972	0.570892	0.000754	0.001303	0.000479
sub-11098	CONTROL	39	M	0.245500	30	Posterior thalamic radiation (include optic radiation) R	3978	0.546364	0.000773	0.001300	0.000510
sub-11098	CONTROL	39	M	0.245500	31	Posterior thalamic radiation (include optic radiation) L	2228	0.513490	0.000817	0.001306	0.000572
sub-11098	CONTROL	39	M	0.245500	32	Sagittal stratum (include inferior longitidinal fasciculus and inferior fronto-occipital fasciculus) R	2231	0.486427	0.000827	0.001283	0.000599
sub-11098	CONTROL	39	M	0.245500	33	Sagittal stratum (include inferior longitidinal fasciculus and inferior fronto-occipital fasciculus) L	3650	0.385640	0.000706	0.001021	0.000549
sub-11098	CONTROL	39	M	0.245500	34	External capsule R	3650	0.419559	0.000680	0.001017	0.000512
sub-11098	CONTROL	39	M	0.245500	35	External capsule L	2342	0.457731	0.000711	0.001106	0.000513
sub-11098	CONTROL	39	M	0.245500	36	Cingulum (cingulate gyrus) R	2751	0.516484	0.000710	0.001181	0.000475
sub-11098	CONTROL	39	M	0.245500	37	Cingulum (cingulate gyrus) L	1236	0.411227	0.000757	0.001111	0.000579
sub-11098	CONTROL	39	M	0.245500	38	Cingulum (hippocampus) R	1155	0.394653	0.000853	0.001211	0.000675
sub-11098	CONTROL	39	M	0.245500	39	Cingulum (hippocampus) L	1124	0.515285	0.000819	0.001327	0.000565
sub-11098	CONTROL	39	M	0.245500	40	Fornix (cres) / Stria terminalis (can not be resolved with current resolution) R	1125	0.531330	0.000788	0.001286	0.000538
sub-11098	CONTROL	39	M	0.245500	41	Fornix (cres) / Stria terminalis (can not be resolved with current resolution) L	6607	0.435936	0.000691	0.001031	0.000521
sub-11098	CONTROL	39	M	0.245500	42	Superior longitudinal fasciculus R	6605	0.428875	0.000674	0.000997	0.000513
sub-11098	CONTROL	39	M	0.245500	43	Superior longitudinal fasciculus L	507	0.429467	0.000672	0.001009	0.000503
sub-11098	CONTROL	39	M	0.245500	44	Superior fronto-occipital fasciculus (could be a part of anterior internal capsule) R	507	0.424639	0.000664	0.000993	0.000500
sub-11098	CONTROL	39	M	0.245500	45	Superior fronto-occipital fasciculus (could be a part of anterior internal capsule) L	1961	0.429068	0.000769	0.001163	0.000572
sub-11098	CONTROL	39	M	0.245500	46	Inferior fronto-occipital fasciculus R	1937	0.443326	0.000770	0.001179	0.000566
sub-11098	CONTROL	39	M	0.245500	47	Inferior fronto-occipital fasciculus L	380	0.466164	0.000753	0.001184	0.000538
sub-11098	CONTROL	39	M	0.245500	48	Uncinate fasciculus R	376	0.477297	0.000728	0.001157	0.000513
sub-11098	CONTROL	39	M	0.245500	49	Uncinate fasciculus L	596	0.422505	0.001479	0.002079	0.001179
sub-11098	CONTROL	39	M	0.245500	50	Tapetum R	600	0.335052	0.001815	0.002330	0.001557
sub-11104	CONTROL	21	M	0.171700	1	Unclassified	15250	0.471909	0.000872	0.001313	0.000651
sub-11104	CONTROL	21	M	0.171700	2	Middle cerebellar peduncle	1500	0.410800	0.000728	0.001064	0.000560
sub-11104	CONTROL	21	M	0.171700	3	Pontine crossing tract (a part of MCP)	8850	0.547936	0.001070	0.001726	0.000742
sub-11104	CONTROL	21	M	0.171700	4	Genu of corpus callosum	13707	0.623188	0.000855	0.001543	0.000510
sub-11104	CONTROL	21	M	0.171700	5	Body of corpus callosum	12698	0.712108	0.000766	0.001531	0.000384
sub-11104	CONTROL	21	M	0.171700	6	Splenium of corpus callosum	659	0.386033	0.001545	0.002190	0.001222
sub-11104	CONTROL	21	M	0.171700	7	Fornix (column and body of fornix)	1318	0.491977	0.000861	0.001306	0.000639
sub-11104	CONTROL	21	M	0.171700	8	Corticospinal tract R	1318	0.485819	0.000854	0.001311	0.000625
sub-11104	CONTROL	21	M	0.171700	9	Corticospinal tract L	690	0.502377	0.000737	0.001184	0.000513
sub-11104	CONTROL	21	M	0.171700	10	Medial lemniscus R	699	0.489217	0.000817	0.001297	0.000577
sub-11104	CONTROL	21	M	0.171700	11	Medial lemniscus L	802	0.406272	0.000712	0.001048	0.000545
sub-11104	CONTROL	21	M	0.171700	12	Inferior cerebellar peduncle R	798	0.443683	0.000731	0.001113	0.000540
sub-11104	CONTROL	21	M	0.171700	13	Inferior cerebellar peduncle L	992	0.546791	0.001071	0.001721	0.000746
sub-11104	CONTROL	21	M	0.171700	14	Superior cerebellar peduncle R	992	0.510857	0.001224	0.001881	0.000896
sub-11104	CONTROL	21	M	0.171700	15	Superior cerebellar peduncle L	2278	0.609387	0.000866	0.001542	0.000527
sub-11104	CONTROL	21	M	0.171700	16	Cerebral peduncle R	2278	0.642876	0.000757	0.001411	0.000430
sub-11104	CONTROL	21	M	0.171700	17	Cerebral peduncle L	3138	0.522086	0.000733	0.001225	0.000487
sub-11104	CONTROL	21	M	0.171700	18	Anterior limb of internal capsule R	3018	0.517172	0.000702	0.001166	0.000470
sub-11104	CONTROL	21	M	0.171700	19	Anterior limb of internal capsule L	3754	0.597954	0.000714	0.001280	0.000431
sub-11104	CONTROL	21	M	0.171700	20	Posterior limb of internal capsule R	3752	0.598056	0.000701	0.001258	0.000423
sub-11104	CONTROL	21	M	0.171700	21	Posterior limb of internal capsule L	2515	0.518470	0.000776	0.001271	0.000528
sub-11104	CONTROL	21	M	0.171700	22	Retrolenticular part of internal capsule R	2469	0.546933	0.000765	0.001293	0.000501
sub-11104	CONTROL	21	M	0.171700	23	Retrolenticular part of internal capsule L	6849	0.403949	0.000809	0.001186	0.000621
sub-11104	CONTROL	21	M	0.171700	24	Anterior corona radiata R	6852	0.417357	0.000777	0.001144	0.000594
sub-11104	CONTROL	21	M	0.171700	25	Anterior corona radiata L	7500	0.461701	0.000723	0.001108	0.000530
sub-11104	CONTROL	21	M	0.171700	26	Superior corona radiata R	7508	0.475848	0.000722	0.001124	0.000521
sub-11104	CONTROL	21	M	0.171700	27	Superior corona radiata L	3728	0.451745	0.000774	0.001163	0.000579
sub-11104	CONTROL	21	M	0.171700	28	Posterior corona radiata R	3714	0.454867	0.000776	0.001172	0.000578
sub-11104	CONTROL	21	M	0.171700	29	Posterior corona radiata L	3972	0.564081	0.000792	0.001359	0.000508
sub-11104	CONTROL	21	M	0.171700	30	Posterior thalamic radiation (include optic radiation) R	3978	0.545929	0.000841	0.001405	0.000559
sub-11104	CONTROL	21	M	0.171700	31	Posterior thalamic radiation (include optic radiation) L	2228	0.500163	0.000832	0.001323	0.000587
sub-11104	CONTROL	21	M	0.171700	32	Sagittal stratum (include inferior longitidinal fasciculus and inferior fronto-occipital fasciculus) R	2231	0.457458	0.000907	0.001377	0.000672
sub-11104	CONTROL	21	M	0.171700	33	Sagittal stratum (include inferior longitidinal fasciculus and inferior fronto-occipital fasciculus) L	3650	0.356384	0.000746	0.001052	0.000592
sub-11104	CONTROL	21	M	0.171700	34	External capsule R	3650	0.376806	0.000725	0.001043	0.000567
sub-11104	CONTROL	21	M	0.171700	35	External capsule L	2342	0.443664	0.000736	0.001136	0.000535
sub-11104	CONTROL	21	M	0.171700	36	Cingulum (cingulate gyrus) R	2751	0.496809	0.000756	0.001232	0.000517
sub-11104	CONTROL	21	M	0.171700	37	Cingulum (cingulate gyrus) L	1236	0.380826	0.000843	0.001201	0.000664
sub-11104	CONTROL	21	M	0.171700	38	Cingulum (hippocampus) R	1155	0.368578	0.000840	0.001183	0.000669
sub-11104	CONTROL	21	M	0.171700	39	Cingulum (hippocampus) L	1124	0.476262	0.001033	0.001562	0.000769
sub-11104	CONTROL	21	M	0.171700	40	Fornix (cres) / Stria terminalis (can not be resolved with current resolution) R	1125	0.511725	0.000867	0.001389	0.000605
sub-11104	CONTROL	21	M	0.171700	41	Fornix (cres) / Stria terminalis (can not be resolved with current resolution) L	6607	0.436075	0.000728	0.001088	0.000548
sub-11104	CONTROL	21	M	0.171700	42	Superior longitudinal fasciculus R	6605	0.438908	0.000721	0.001088	0.000537
sub-11104	CONTROL	21	M	0.171700	43	Superior longitudinal fasciculus L	507	0.449361	0.000704	0.001087	0.000512
sub-11104	CONTROL	21	M	0.171700	44	Superior fronto-occipital fasciculus (could be a part of anterior internal capsule) R	507	0.454623	0.000725	0.001127	0.000524
sub-11104	CONTROL	21	M	0.171700	45	Superior fronto-occipital fasciculus (could be a part of anterior internal capsule) L	1961	0.426172	0.000790	0.001199	0.000586
sub-11104	CONTROL	21	M	0.171700	46	Inferior fronto-occipital fasciculus R	1937	0.438418	0.000780	0.001201	0.000569
sub-11104	CONTROL	21	M	0.171700	47	Inferior fronto-occipital fasciculus L	380	0.441486	0.000791	0.001218	0.000577
sub-11104	CONTROL	21	M	0.171700	48	Uncinate fasciculus R	376	0.449441	0.000769	0.001183	0.000562
sub-11104	CONTROL	21	M	0.171700	49	Uncinate fasciculus L	596	0.405132	0.001504	0.002071	0.001220
sub-11104	CONTROL	21	M	0.171700	50	Tapetum R	600	0.315054	0.001961	0.002490	0.001696
sub-11106	CONTROL	27	M	0.197300	1	Unclassified	15638	0.473508	0.000778	0.001190	0.000571
sub-11106	CONTROL	27	M	0.197300	2	Middle cerebellar peduncle	1500	0.379855	0.000678	0.000952	0.000541
sub-11106	CONTROL	27	M	0.197300	3	Pontine crossing tract (a part of MCP)	8850	0.557575	0.000969	0.001636	0.000636
sub-11106	CONTROL	27	M	0.197300	4	Genu of corpus callosum	13711	0.642329	0.000872	0.001625	0.000496
sub-11106	CONTROL	27	M	0.197300	5	Body of corpus callosum	12694	0.727353	0.000745	0.001520	0.000357
sub-11106	CONTROL	27	M	0.197300	6	Splenium of corpus callosum	659	0.453891	0.001367	0.002073	0.001015
sub-11106	CONTROL	27	M	0.197300	7	Fornix (column and body of fornix)	1257	0.501293	0.000722	0.001151	0.000508
sub-11106	CONTROL	27	M	0.197300	8	Corticospinal tract R	1268	0.488934	0.000700	0.001090	0.000505
sub-11106	CONTROL	27	M	0.197300	9	Corticospinal tract L	690	0.557558	0.000724	0.001240	0.000467
sub-11106	CONTROL	27	M	0.197300	10	Medial lemniscus R	699	0.548406	0.000736	0.001246	0.000481
sub-11106	CONTROL	27	M	0.197300	11	Medial lemniscus L	699	0.491225	0.000670	0.001107	0.000451
sub-11106	CONTROL	27	M	0.197300	12	Inferior cerebellar peduncle R	731	0.458781	0.000715	0.001136	0.000505
sub-11106	CONTROL	27	M	0.197300	13	Inferior cerebellar peduncle L	992	0.551495	0.000899	0.001484	0.000606
sub-11106	CONTROL	27	M	0.197300	14	Superior cerebellar peduncle R	992	0.533618	0.001026	0.001632	0.000723
sub-11106	CONTROL	27	M	0.197300	15	Superior cerebellar peduncle L	2278	0.639554	0.000783	0.001451	0.000448
sub-11106	CONTROL	27	M	0.197300	16	Cerebral peduncle R	2278	0.650359	0.000782	0.001470	0.000438
sub-11106	CONTROL	27	M	0.197300	17	Cerebral peduncle L	3138	0.538305	0.000695	0.001176	0.000454
sub-11106	CONTROL	27	M	0.197300	18	Anterior limb of internal capsule R	3018	0.526793	0.000703	0.001172	0.000469
sub-11106	CONTROL	27	M	0.197300	19	Anterior limb of internal capsule L	3754	0.602860	0.000699	0.001254	0.000421
sub-11106	CONTROL	27	M	0.197300	20	Posterior limb of internal capsule R	3752	0.605461	0.000690	0.001241	0.000414
sub-11106	CONTROL	27	M	0.197300	21	Posterior limb of internal capsule L	2515	0.572139	0.000735	0.001268	0.000469
sub-11106	CONTROL	27	M	0.197300	22	Retrolenticular part of internal capsule R	2469	0.600804	0.000726	0.001299	0.000440
sub-11106	CONTROL	27	M	0.197300	23	Retrolenticular part of internal capsule L	6849	0.435484	0.000770	0.001169	0.000571
sub-11106	CONTROL	27	M	0.197300	24	Anterior corona radiata R	6852	0.437016	0.000754	0.001138	0.000562
sub-11106	CONTROL	27	M	0.197300	25	Anterior corona radiata L	7500	0.484120	0.000725	0.001140	0.000517
sub-11106	CONTROL	27	M	0.197300	26	Superior corona radiata R	7508	0.495126	0.000721	0.001146	0.000509
sub-11106	CONTROL	27	M	0.197300	27	Superior corona radiata L	3728	0.475080	0.000777	0.001205	0.000563
sub-11106	CONTROL	27	M	0.197300	28	Posterior corona radiata R	3714	0.469036	0.000774	0.001199	0.000561
sub-11106	CONTROL	27	M	0.197300	29	Posterior corona radiata L	3972	0.552210	0.000783	0.001332	0.000508
sub-11106	CONTROL	27	M	0.197300	30	Posterior thalamic radiation (include optic radiation) R	3978	0.541736	0.000851	0.001415	0.000569
sub-11106	CONTROL	27	M	0.197300	31	Posterior thalamic radiation (include optic radiation) L	2228	0.515780	0.000821	0.001332	0.000565
sub-11106	CONTROL	27	M	0.197300	32	Sagittal stratum (include inferior longitidinal fasciculus and inferior fronto-occipital fasciculus) R	2231	0.478100	0.000868	0.001351	0.000627
sub-11106	CONTROL	27	M	0.197300	33	Sagittal stratum (include inferior longitidinal fasciculus and inferior fronto-occipital fasciculus) L	3650	0.368849	0.000741	0.001054	0.000585
sub-11106	CONTROL	27	M	0.197300	34	External capsule R	3650	0.384194	0.000736	0.001063	0.000572
sub-11106	CONTROL	27	M	0.197300	35	External capsule L	2342	0.488704	0.000746	0.001209	0.000515
sub-11106	CONTROL	27	M	0.197300	36	Cingulum (cingulate gyrus) R	2751	0.531533	0.000743	0.001260	0.000485
sub-11106	CONTROL	27	M	0.197300	37	Cingulum (cingulate gyrus) L	1236	0.413851	0.000771	0.001148	0.000582
sub-11106	CONTROL	27	M	0.197300	38	Cingulum (hippocampus) R	1155	0.419730	0.000763	0.001132	0.000578
sub-11106	CONTROL	27	M	0.197300	39	Cingulum (hippocampus) L	1124	0.489884	0.000933	0.001452	0.000673
sub-11106	CONTROL	27	M	0.197300	40	Fornix (cres) / Stria terminalis (can not be resolved with current resolution) R	1125	0.493082	0.000887	0.001404	0.000628
sub-11106	CONTROL	27	M	0.197300	41	Fornix (cres) / Stria terminalis (can not be resolved with current resolution) L	6607	0.449825	0.000734	0.001123	0.000539
sub-11106	CONTROL	27	M	0.197300	42	Superior longitudinal fasciculus R	6605	0.471143	0.000722	0.001135	0.000516
sub-11106	CONTROL	27	M	0.197300	43	Superior longitudinal fasciculus L	507	0.477318	0.000709	0.001121	0.000502
sub-11106	CONTROL	27	M	0.197300	44	Superior fronto-occipital fasciculus (could be a part of anterior internal capsule) R	507	0.471922	0.000691	0.001075	0.000499
sub-11106	CONTROL	27	M	0.197300	45	Superior fronto-occipital fasciculus (could be a part of anterior internal capsule) L	1961	0.412096	0.000787	0.001170	0.000596
sub-11106	CONTROL	27	M	0.197300	46	Inferior fronto-occipital fasciculus R	1937	0.420652	0.000773	0.001166	0.000576
sub-11106	CONTROL	27	M	0.197300	47	Inferior fronto-occipital fasciculus L	380	0.435566	0.000741	0.001122	0.000550
sub-11106	CONTROL	27	M	0.197300	48	Uncinate fasciculus R	376	0.420013	0.000761	0.001136	0.000573
sub-11106	CONTROL	27	M	0.197300	49	Uncinate fasciculus L	596	0.430906	0.001320	0.001867	0.001046
sub-11106	CONTROL	27	M	0.197300	50	Tapetum R	600	0.326320	0.001750	0.002219	0.001515
sub-11112	CONTROL	29	M	0.154800	1	Unclassified	11540	0.439254	0.000931	0.001352	0.000721
sub-11112	CONTROL	29	M	0.154800	2	Middle cerebellar peduncle	1500	0.388056	0.000757	0.001071	0.000600
sub-11112	CONTROL	29	M	0.154800	3	Pontine crossing tract (a part of MCP)	8851	0.525813	0.001178	0.001849	0.000843
sub-11112	CONTROL	29	M	0.154800	4	Genu of corpus callosum	13705	0.578101	0.000916	0.001575	0.000586
sub-11112	CONTROL	29	M	0.154800	5	Body of corpus callosum	12539	0.694349	0.000760	0.001478	0.000402
sub-11112	CONTROL	29	M	0.154800	6	Splenium of corpus callosum	659	0.302146	0.001870	0.002423	0.001594
sub-11112	CONTROL	29	M	0.154800	7	Fornix (column and body of fornix)	1267	0.453789	0.000797	0.001185	0.000603
sub-11112	CONTROL	29	M	0.154800	8	Corticospinal tract R	1266	0.476474	0.000717	0.001096	0.000527
sub-11112	CONTROL	29	M	0.154800	9	Corticospinal tract L	686	0.499791	0.000732	0.001180	0.000509
sub-11112	CONTROL	29	M	0.154800	10	Medial lemniscus R	697	0.528720	0.000754	0.001255	0.000504
sub-11112	CONTROL	29	M	0.154800	11	Medial lemniscus L	580	0.454585	0.000652	0.001048	0.000454
sub-11112	CONTROL	29	M	0.154800	12	Inferior cerebellar peduncle R	605	0.459024	0.000705	0.001125	0.000495
sub-11112	CONTROL	29	M	0.154800	13	Inferior cerebellar peduncle L	989	0.518840	0.001026	0.001644	0.000718
sub-11112	CONTROL	29	M	0.154800	14	Superior cerebellar peduncle R	992	0.494477	0.001143	0.001747	0.000841
sub-11112	CONTROL	29	M	0.154800	15	Superior cerebellar peduncle L	2273	0.608128	0.000768	0.001374	0.000465
sub-11112	CONTROL	29	M	0.154800	16	Cerebral peduncle R	2276	0.622990	0.000776	0.001417	0.000455
sub-11112	CONTROL	29	M	0.154800	17	Cerebral peduncle L	3138	0.507155	0.000695	0.001151	0.000467
sub-11112	CONTROL	29	M	0.154800	18	Anterior limb of internal capsule R	3018	0.503890	0.000702	0.001152	0.000477
sub-11112	CONTROL	29	M	0.154800	19	Anterior limb of internal capsule L	3754	0.606252	0.000684	0.001242	0.000406
sub-11112	CONTROL	29	M	0.154800	20	Posterior limb of internal capsule R	3752	0.601759	0.000698	0.001257	0.000419
sub-11112	CONTROL	29	M	0.154800	21	Posterior limb of internal capsule L	2515	0.535126	0.000762	0.001255	0.000516
sub-11112	CONTROL	29	M	0.154800	22	Retrolenticular part of internal capsule R	2469	0.560527	0.000740	0.001259	0.000481
sub-11112	CONTROL	29	M	0.154800	23	Retrolenticular part of internal capsule L	6849	0.372525	0.000787	0.001113	0.000625
sub-11112	CONTROL	29	M	0.154800	24	Anterior corona radiata R	6852	0.375547	0.000779	0.001099	0.000619
sub-11112	CONTROL	29	M	0.154800	25	Anterior corona radiata L	7500	0.462290	0.000722	0.001110	0.000527
sub-11112	CONTROL	29	M	0.154800	26	Superior corona radiata R	7508	0.465888	0.000735	0.001128	0.000539
sub-11112	CONTROL	29	M	0.154800	27	Superior corona radiata L	3728	0.468285	0.000810	0.001249	0.000591
sub-11112	CONTROL	29	M	0.154800	28	Posterior corona radiata R	3714	0.457028	0.000841	0.001279	0.000621
sub-11112	CONTROL	29	M	0.154800	29	Posterior corona radiata L	3972	0.523032	0.000886	0.001443	0.000607
sub-11112	CONTROL	29	M	0.154800	30	Posterior thalamic radiation (include optic radiation) R	3978	0.531769	0.000864	0.001414	0.000589
sub-11112	CONTROL	29	M	0.154800	31	Posterior thalamic radiation (include optic radiation) L	2228	0.483493	0.000869	0.001357	0.000624
sub-11112	CONTROL	29	M	0.154800	32	Sagittal stratum (include inferior longitidinal fasciculus and inferior fronto-occipital fasciculus) R	2231	0.476287	0.000884	0.001365	0.000643
sub-11112	CONTROL	29	M	0.154800	33	Sagittal stratum (include inferior longitidinal fasciculus and inferior fronto-occipital fasciculus) L	3650	0.368182	0.000722	0.001031	0.000568
sub-11112	CONTROL	29	M	0.154800	34	External capsule R	3650	0.388610	0.000714	0.001040	0.000551
sub-11112	CONTROL	29	M	0.154800	35	External capsule L	2342	0.431028	0.000770	0.001164	0.000572
sub-11112	CONTROL	29	M	0.154800	36	Cingulum (cingulate gyrus) R	2751	0.477688	0.000771	0.001232	0.000541
sub-11112	CONTROL	29	M	0.154800	37	Cingulum (cingulate gyrus) L	1236	0.386348	0.000797	0.001156	0.000617
sub-11112	CONTROL	29	M	0.154800	38	Cingulum (hippocampus) R	1155	0.385812	0.000810	0.001153	0.000638
sub-11112	CONTROL	29	M	0.154800	39	Cingulum (hippocampus) L	1124	0.464637	0.001017	0.001529	0.000761
sub-11112	CONTROL	29	M	0.154800	40	Fornix (cres) / Stria terminalis (can not be resolved with current resolution) R	1125	0.491120	0.000924	0.001433	0.000669
sub-11112	CONTROL	29	M	0.154800	41	Fornix (cres) / Stria terminalis (can not be resolved with current resolution) L	6607	0.443089	0.000743	0.001125	0.000552
sub-11112	CONTROL	29	M	0.154800	42	Superior longitudinal fasciculus R	6605	0.431321	0.000722	0.001083	0.000541
sub-11112	CONTROL	29	M	0.154800	43	Superior longitudinal fasciculus L	507	0.424276	0.000690	0.001044	0.000513
sub-11112	CONTROL	29	M	0.154800	44	Superior fronto-occipital fasciculus (could be a part of anterior internal capsule) R	507	0.378369	0.000684	0.000976	0.000538
sub-11112	CONTROL	29	M	0.154800	45	Superior fronto-occipital fasciculus (could be a part of anterior internal capsule) L	1961	0.389835	0.000793	0.001154	0.000613
sub-11112	CONTROL	29	M	0.154800	46	Inferior fronto-occipital fasciculus R	1937	0.401796	0.000775	0.001142	0.000591
sub-11112	CONTROL	29	M	0.154800	47	Inferior fronto-occipital fasciculus L	380	0.410726	0.000791	0.001177	0.000598
sub-11112	CONTROL	29	M	0.154800	48	Uncinate fasciculus R	376	0.417501	0.000756	0.001128	0.000570
sub-11112	CONTROL	29	M	0.154800	49	Uncinate fasciculus L	596	0.385263	0.001639	0.002238	0.001340
sub-11112	CONTROL	29	M	0.154800	50	Tapetum R	600	0.309806	0.001945	0.002462	0.001687
sub-11122	CONTROL	40	F	0.125500	1	Unclassified	15639	0.442483	0.000854	0.001232	0.000665
sub-11122	CONTROL	40	F	0.125500	2	Middle cerebellar peduncle	1500	0.359508	0.000718	0.000995	0.000580
sub-11122	CONTROL	40	F	0.125500	3	Pontine crossing tract (a part of MCP)	8839	0.534879	0.001064	0.001655	0.000768
sub-11122	CONTROL	40	F	0.125500	4	Genu of corpus callosum	13708	0.596289	0.000890	0.001547	0.000561
sub-11122	CONTROL	40	F	0.125500	5	Body of corpus callosum	12553	0.701219	0.000767	0.001509	0.000396
sub-11122	CONTROL	40	F	0.125500	6	Splenium of corpus callosum	659	0.280658	0.001787	0.002307	0.001527
sub-11122	CONTROL	40	F	0.125500	7	Fornix (column and body of fornix)	1362	0.424472	0.000880	0.001245	0.000698
sub-11122	CONTROL	40	F	0.125500	8	Corticospinal tract R	1370	0.433001	0.000923	0.001333	0.000718
sub-11122	CONTROL	40	F	0.125500	9	Corticospinal tract L	690	0.522221	0.000707	0.001149	0.000485
sub-11122	CONTROL	40	F	0.125500	10	Medial lemniscus R	699	0.547859	0.000683	0.001137	0.000456
sub-11122	CONTROL	40	F	0.125500	11	Medial lemniscus L	968	0.402439	0.000873	0.001244	0.000687
sub-11122	CONTROL	40	F	0.125500	12	Inferior cerebellar peduncle R	968	0.405002	0.000951	0.001354	0.000749
sub-11122	CONTROL	40	F	0.125500	13	Inferior cerebellar peduncle L	992	0.481168	0.001126	0.001733	0.000822
sub-11122	CONTROL	40	F	0.125500	14	Superior cerebellar peduncle R	992	0.476447	0.001192	0.001785	0.000895
sub-11122	CONTROL	40	F	0.125500	15	Superior cerebellar peduncle L	2276	0.595731	0.000773	0.001348	0.000485
sub-11122	CONTROL	40	F	0.125500	16	Cerebral peduncle R	2278	0.575318	0.000819	0.001420	0.000518
sub-11122	CONTROL	40	F	0.125500	17	Cerebral peduncle L	3138	0.495127	0.000684	0.001102	0.000474
sub-11122	CONTROL	40	F	0.125500	18	Anterior limb of internal capsule R	3018	0.487429	0.000678	0.001089	0.000473
sub-11122	CONTROL	40	F	0.125500	19	Anterior limb of internal capsule L	3754	0.585966	0.000673	0.001190	0.000415
sub-11122	CONTROL	40	F	0.125500	20	Posterior limb of internal capsule R	3752	0.597760	0.000665	0.001196	0.000399
sub-11122	CONTROL	40	F	0.125500	21	Posterior limb of internal capsule L	2515	0.544941	0.000721	0.001203	0.000480
sub-11122	CONTROL	40	F	0.125500	22	Retrolenticular part of internal capsule R	2469	0.568927	0.000713	0.001223	0.000457
sub-11122	CONTROL	40	F	0.125500	23	Retrolenticular part of internal capsule L	6849	0.404240	0.000721	0.001055	0.000554
sub-11122	CONTROL	40	F	0.125500	24	Anterior corona radiata R	6851	0.424790	0.000684	0.001018	0.000516
sub-11122	CONTROL	40	F	0.125500	25	Anterior corona radiata L	7500	0.456623	0.000673	0.001022	0.000498
sub-11122	CONTROL	40	F	0.125500	26	Superior corona radiata R	7508	0.464660	0.000691	0.001055	0.000509
sub-11122	CONTROL	40	F	0.125500	27	Superior corona radiata L	3728	0.472769	0.000745	0.001153	0.000541
sub-11122	CONTROL	40	F	0.125500	28	Posterior corona radiata R	3714	0.462549	0.000773	0.001183	0.000569
sub-11122	CONTROL	40	F	0.125500	29	Posterior corona radiata L	3972	0.527739	0.000758	0.001241	0.000516
sub-11122	CONTROL	40	F	0.125500	30	Posterior thalamic radiation (include optic radiation) R	3978	0.534136	0.000793	0.001300	0.000540
sub-11122	CONTROL	40	F	0.125500	31	Posterior thalamic radiation (include optic radiation) L	2228	0.469473	0.000799	0.001209	0.000593
sub-11122	CONTROL	40	F	0.125500	32	Sagittal stratum (include inferior longitidinal fasciculus and inferior fronto-occipital fasciculus) R	2231	0.457271	0.000832	0.001246	0.000625
sub-11122	CONTROL	40	F	0.125500	33	Sagittal stratum (include inferior longitidinal fasciculus and inferior fronto-occipital fasciculus) L	3650	0.353671	0.000699	0.000976	0.000560
sub-11122	CONTROL	40	F	0.125500	34	External capsule R	3650	0.373867	0.000695	0.000994	0.000545
sub-11122	CONTROL	40	F	0.125500	35	External capsule L	2342	0.459387	0.000708	0.001096	0.000514
sub-11122	CONTROL	40	F	0.125500	36	Cingulum (cingulate gyrus) R	2751	0.497438	0.000713	0.001158	0.000490
sub-11122	CONTROL	40	F	0.125500	37	Cingulum (cingulate gyrus) L	1236	0.314987	0.000788	0.001032	0.000666
sub-11122	CONTROL	40	F	0.125500	38	Cingulum (hippocampus) R	1155	0.357109	0.000848	0.001137	0.000704
sub-11122	CONTROL	40	F	0.125500	39	Cingulum (hippocampus) L	1124	0.435544	0.000908	0.001334	0.000695
sub-11122	CONTROL	40	F	0.125500	40	Fornix (cres) / Stria terminalis (can not be resolved with current resolution) R	1125	0.474189	0.000901	0.001371	0.000666
sub-11122	CONTROL	40	F	0.125500	41	Fornix (cres) / Stria terminalis (can not be resolved with current resolution) L	6607	0.461213	0.000696	0.001069	0.000509
sub-11122	CONTROL	40	F	0.125500	42	Superior longitudinal fasciculus R	6605	0.461907	0.000678	0.001046	0.000494
sub-11122	CONTROL	40	F	0.125500	43	Superior longitudinal fasciculus L	507	0.414402	0.000668	0.000987	0.000508
sub-11122	CONTROL	40	F	0.125500	44	Superior fronto-occipital fasciculus (could be a part of anterior internal capsule) R	507	0.406092	0.000670	0.000986	0.000511
sub-11122	CONTROL	40	F	0.125500	45	Superior fronto-occipital fasciculus (could be a part of anterior internal capsule) L	1961	0.377623	0.000771	0.001101	0.000606
sub-11122	CONTROL	40	F	0.125500	46	Inferior fronto-occipital fasciculus R	1937	0.378206	0.000762	0.001095	0.000596
sub-11122	CONTROL	40	F	0.125500	47	Inferior fronto-occipital fasciculus L	380	0.453679	0.000745	0.001142	0.000546
sub-11122	CONTROL	40	F	0.125500	48	Uncinate fasciculus R	376	0.438620	0.000755	0.001155	0.000555
sub-11122	CONTROL	40	F	0.125500	49	Uncinate fasciculus L	596	0.387192	0.001530	0.002083	0.001253
sub-11122	CONTROL	40	F	0.125500	50	Tapetum R	600	0.316187	0.001963	0.002509	0.001690
sub-11128	CONTROL	28	F	0.201900	1	Unclassified	15641	0.484367	0.000840	0.001289	0.000616
sub-11128	CONTROL	28	F	0.201900	2	Middle cerebellar peduncle	1500	0.417668	0.000771	0.001122	0.000595
sub-11128	CONTROL	28	F	0.201900	3	Pontine crossing tract (a part of MCP)	8842	0.579810	0.000973	0.001653	0.000633
sub-11128	CONTROL	28	F	0.201900	4	Genu of corpus callosum	13711	0.659293	0.000874	0.001651	0.000486
sub-11128	CONTROL	28	F	0.201900	5	Body of corpus callosum	12674	0.739633	0.000815	0.001696	0.000375
sub-11128	CONTROL	28	F	0.201900	6	Splenium of corpus callosum	659	0.391942	0.001476	0.002119	0.001155
sub-11128	CONTROL	28	F	0.201900	7	Fornix (column and body of fornix)	1362	0.371958	0.001093	0.001470	0.000904
sub-11128	CONTROL	28	F	0.201900	8	Corticospinal tract R	1370	0.404362	0.001120	0.001549	0.000906
sub-11128	CONTROL	28	F	0.201900	9	Corticospinal tract L	690	0.582957	0.000742	0.001305	0.000460
sub-11128	CONTROL	28	F	0.201900	10	Medial lemniscus R	699	0.566898	0.000732	0.001264	0.000466
sub-11128	CONTROL	28	F	0.201900	11	Medial lemniscus L	968	0.425837	0.000992	0.001422	0.000778
sub-11128	CONTROL	28	F	0.201900	12	Inferior cerebellar peduncle R	968	0.428654	0.000878	0.001282	0.000675
sub-11128	CONTROL	28	F	0.201900	13	Inferior cerebellar peduncle L	992	0.490685	0.001185	0.001828	0.000864
sub-11128	CONTROL	28	F	0.201900	14	Superior cerebellar peduncle R	992	0.475968	0.001233	0.001857	0.000921
sub-11128	CONTROL	28	F	0.201900	15	Superior cerebellar peduncle L	2276	0.624414	0.000809	0.001460	0.000483
sub-11128	CONTROL	28	F	0.201900	16	Cerebral peduncle R	2278	0.627532	0.000818	0.001499	0.000477
sub-11128	CONTROL	28	F	0.201900	17	Cerebral peduncle L	3138	0.538945	0.000714	0.001215	0.000464
sub-11128	CONTROL	28	F	0.201900	18	Anterior limb of internal capsule R	3018	0.535215	0.000724	0.001218	0.000478
sub-11128	CONTROL	28	F	0.201900	19	Anterior limb of internal capsule L	3754	0.609356	0.000705	0.001280	0.000418
sub-11128	CONTROL	28	F	0.201900	20	Posterior limb of internal capsule R	3752	0.582350	0.000713	0.001252	0.000443
sub-11128	CONTROL	28	F	0.201900	21	Posterior limb of internal capsule L	2515	0.561239	0.000765	0.001307	0.000494
sub-11128	CONTROL	28	F	0.201900	22	Retrolenticular part of internal capsule R	2469	0.577000	0.000746	0.001296	0.000471
sub-11128	CONTROL	28	F	0.201900	23	Retrolenticular part of internal capsule L	6849	0.465855	0.000758	0.001187	0.000544
sub-11128	CONTROL	28	F	0.201900	24	Anterior corona radiata R	6852	0.476487	0.000724	0.001142	0.000515
sub-11128	CONTROL	28	F	0.201900	25	Anterior corona radiata L	7500	0.484782	0.000705	0.001117	0.000499
sub-11128	CONTROL	28	F	0.201900	26	Superior corona radiata R	7508	0.468794	0.000696	0.001086	0.000501
sub-11128	CONTROL	28	F	0.201900	27	Superior corona radiata L	3728	0.490079	0.000788	0.001247	0.000558
sub-11128	CONTROL	28	F	0.201900	28	Posterior corona radiata R	3714	0.490071	0.000771	0.001225	0.000545
sub-11128	CONTROL	28	F	0.201900	29	Posterior corona radiata L	3972	0.557333	0.000776	0.001317	0.000505
sub-11128	CONTROL	28	F	0.201900	30	Posterior thalamic radiation (include optic radiation) R	3978	0.579398	0.000856	0.001469	0.000549
sub-11128	CONTROL	28	F	0.201900	31	Posterior thalamic radiation (include optic radiation) L	2228	0.537702	0.000839	0.001392	0.000563
sub-11128	CONTROL	28	F	0.201900	32	Sagittal stratum (include inferior longitidinal fasciculus and inferior fronto-occipital fasciculus) R	2231	0.481095	0.000815	0.001275	0.000585
sub-11128	CONTROL	28	F	0.201900	33	Sagittal stratum (include inferior longitidinal fasciculus and inferior fronto-occipital fasciculus) L	3650	0.361020	0.000726	0.001027	0.000576
sub-11128	CONTROL	28	F	0.201900	34	External capsule R	3650	0.374619	0.000738	0.001057	0.000579
sub-11128	CONTROL	28	F	0.201900	35	External capsule L	2342	0.467207	0.000740	0.001164	0.000528
sub-11128	CONTROL	28	F	0.201900	36	Cingulum (cingulate gyrus) R	2751	0.531425	0.000731	0.001235	0.000479
sub-11128	CONTROL	28	F	0.201900	37	Cingulum (cingulate gyrus) L	1236	0.408142	0.000810	0.001188	0.000621
sub-11128	CONTROL	28	F	0.201900	38	Cingulum (hippocampus) R	1155	0.393038	0.000806	0.001152	0.000633
sub-11128	CONTROL	28	F	0.201900	39	Cingulum (hippocampus) L	1124	0.460172	0.001035	0.001570	0.000768
sub-11128	CONTROL	28	F	0.201900	40	Fornix (cres) / Stria terminalis (can not be resolved with current resolution) R	1125	0.481728	0.000894	0.001388	0.000647
sub-11128	CONTROL	28	F	0.201900	41	Fornix (cres) / Stria terminalis (can not be resolved with current resolution) L	6607	0.478999	0.000733	0.001144	0.000527
sub-11128	CONTROL	28	F	0.201900	42	Superior longitudinal fasciculus R	6605	0.457029	0.000718	0.001097	0.000529
sub-11128	CONTROL	28	F	0.201900	43	Superior longitudinal fasciculus L	507	0.482008	0.000670	0.001072	0.000469
sub-11128	CONTROL	28	F	0.201900	44	Superior fronto-occipital fasciculus (could be a part of anterior internal capsule) R	507	0.449842	0.000687	0.001048	0.000506
sub-11128	CONTROL	28	F	0.201900	45	Superior fronto-occipital fasciculus (could be a part of anterior internal capsule) L	1961	0.404600	0.000782	0.001153	0.000597
sub-11128	CONTROL	28	F	0.201900	46	Inferior fronto-occipital fasciculus R	1937	0.431549	0.000773	0.001180	0.000570
sub-11128	CONTROL	28	F	0.201900	47	Inferior fronto-occipital fasciculus L	380	0.362505	0.000729	0.001036	0.000575
sub-11128	CONTROL	28	F	0.201900	48	Uncinate fasciculus R	376	0.387311	0.000742	0.001071	0.000578
sub-11128	CONTROL	28	F	0.201900	49	Uncinate fasciculus L	596	0.432315	0.001249	0.001780	0.000984
sub-11128	CONTROL	28	F	0.201900	50	Tapetum R	600	0.333187	0.001688	0.002199	0.001432
sub-11131	CONTROL	38	F	0.156400	1	Unclassified	15644	0.483303	0.000845	0.001296	0.000619
sub-11131	CONTROL	38	F	0.156400	2	Middle cerebellar peduncle	1500	0.435638	0.000676	0.001004	0.000512
sub-11131	CONTROL	38	F	0.156400	3	Pontine crossing tract (a part of MCP)	8851	0.554028	0.000970	0.001610	0.000649
sub-11131	CONTROL	38	F	0.156400	4	Genu of corpus callosum	13711	0.613358	0.000867	0.001560	0.000520
sub-11131	CONTROL	38	F	0.156400	5	Body of corpus callosum	12713	0.698598	0.000737	0.001446	0.000382
sub-11131	CONTROL	38	F	0.156400	6	Splenium of corpus callosum	659	0.436563	0.001399	0.002109	0.001044
sub-11131	CONTROL	38	F	0.156400	7	Fornix (column and body of fornix)	1362	0.482868	0.000953	0.001408	0.000725
sub-11131	CONTROL	38	F	0.156400	8	Corticospinal tract R	1370	0.471480	0.000944	0.001378	0.000727
sub-11131	CONTROL	38	F	0.156400	9	Corticospinal tract L	690	0.553233	0.000727	0.001236	0.000472
sub-11131	CONTROL	38	F	0.156400	10	Medial lemniscus R	699	0.553846	0.000721	0.001224	0.000469
sub-11131	CONTROL	38	F	0.156400	11	Medial lemniscus L	968	0.430563	0.000943	0.001390	0.000719
sub-11131	CONTROL	38	F	0.156400	12	Inferior cerebellar peduncle R	968	0.425384	0.000973	0.001405	0.000757
sub-11131	CONTROL	38	F	0.156400	13	Inferior cerebellar peduncle L	992	0.522340	0.001180	0.001884	0.000829
sub-11131	CONTROL	38	F	0.156400	14	Superior cerebellar peduncle R	992	0.503642	0.001287	0.001985	0.000938
sub-11131	CONTROL	38	F	0.156400	15	Superior cerebellar peduncle L	2278	0.628484	0.000873	0.001582	0.000518
sub-11131	CONTROL	38	F	0.156400	16	Cerebral peduncle R	2278	0.611310	0.000891	0.001587	0.000544
sub-11131	CONTROL	38	F	0.156400	17	Cerebral peduncle L	3138	0.531404	0.000698	0.001167	0.000464
sub-11131	CONTROL	38	F	0.156400	18	Anterior limb of internal capsule R	3018	0.532692	0.000693	0.001159	0.000459
sub-11131	CONTROL	38	F	0.156400	19	Anterior limb of internal capsule L	3754	0.606621	0.000692	0.001252	0.000412
sub-11131	CONTROL	38	F	0.156400	20	Posterior limb of internal capsule R	3752	0.606148	0.000697	0.001258	0.000417
sub-11131	CONTROL	38	F	0.156400	21	Posterior limb of internal capsule L	2515	0.562060	0.000732	0.001234	0.000480
sub-11131	CONTROL	38	F	0.156400	22	Retrolenticular part of internal capsule R	2469	0.578247	0.000754	0.001305	0.000479
sub-11131	CONTROL	38	F	0.156400	23	Retrolenticular part of internal capsule L	6849	0.445643	0.000737	0.001129	0.000541
sub-11131	CONTROL	38	F	0.156400	24	Anterior corona radiata R	6852	0.455637	0.000718	0.001107	0.000523
sub-11131	CONTROL	38	F	0.156400	25	Anterior corona radiata L	7500	0.481868	0.000688	0.001083	0.000490
sub-11131	CONTROL	38	F	0.156400	26	Superior corona radiata R	7508	0.475014	0.000683	0.001065	0.000492
sub-11131	CONTROL	38	F	0.156400	27	Superior corona radiata L	3728	0.485581	0.000767	0.001203	0.000549
sub-11131	CONTROL	38	F	0.156400	28	Posterior corona radiata R	3714	0.469078	0.000777	0.001198	0.000566
sub-11131	CONTROL	38	F	0.156400	29	Posterior corona radiata L	3971	0.569418	0.000800	0.001350	0.000525
sub-11131	CONTROL	38	F	0.156400	30	Posterior thalamic radiation (include optic radiation) R	3978	0.552287	0.000836	0.001402	0.000553
sub-11131	CONTROL	38	F	0.156400	31	Posterior thalamic radiation (include optic radiation) L	2228	0.571784	0.000779	0.001327	0.000506
sub-11131	CONTROL	38	F	0.156400	32	Sagittal stratum (include inferior longitidinal fasciculus and inferior fronto-occipital fasciculus) R	2231	0.513130	0.000847	0.001361	0.000590
sub-11131	CONTROL	38	F	0.156400	33	Sagittal stratum (include inferior longitidinal fasciculus and inferior fronto-occipital fasciculus) L	3650	0.386425	0.000696	0.001000	0.000544
sub-11131	CONTROL	38	F	0.156400	34	External capsule R	3650	0.396370	0.000700	0.001023	0.000538
sub-11131	CONTROL	38	F	0.156400	35	External capsule L	2342	0.466976	0.000730	0.001155	0.000518
sub-11131	CONTROL	38	F	0.156400	36	Cingulum (cingulate gyrus) R	2751	0.510800	0.000723	0.001195	0.000487
sub-11131	CONTROL	38	F	0.156400	37	Cingulum (cingulate gyrus) L	1236	0.420072	0.000729	0.001069	0.000559
sub-11131	CONTROL	38	F	0.156400	38	Cingulum (hippocampus) R	1154	0.383596	0.000814	0.001146	0.000648
sub-11131	CONTROL	38	F	0.156400	39	Cingulum (hippocampus) L	1124	0.476961	0.000870	0.001355	0.000628
sub-11131	CONTROL	38	F	0.156400	40	Fornix (cres) / Stria terminalis (can not be resolved with current resolution) R	1125	0.510331	0.000816	0.001309	0.000570
sub-11131	CONTROL	38	F	0.156400	41	Fornix (cres) / Stria terminalis (can not be resolved with current resolution) L	6607	0.470043	0.000701	0.001086	0.000509
sub-11131	CONTROL	38	F	0.156400	42	Superior longitudinal fasciculus R	6605	0.457740	0.000696	0.001067	0.000510
sub-11131	CONTROL	38	F	0.156400	43	Superior longitudinal fasciculus L	507	0.461643	0.000681	0.001065	0.000489
sub-11131	CONTROL	38	F	0.156400	44	Superior fronto-occipital fasciculus (could be a part of anterior internal capsule) R	507	0.455743	0.000665	0.001024	0.000485
sub-11131	CONTROL	38	F	0.156400	45	Superior fronto-occipital fasciculus (could be a part of anterior internal capsule) L	1961	0.449219	0.000759	0.001168	0.000554
sub-11131	CONTROL	38	F	0.156400	46	Inferior fronto-occipital fasciculus R	1937	0.454928	0.000764	0.001196	0.000549
sub-11131	CONTROL	38	F	0.156400	47	Inferior fronto-occipital fasciculus L	380	0.423318	0.000738	0.001106	0.000554
sub-11131	CONTROL	38	F	0.156400	48	Uncinate fasciculus R	376	0.424705	0.000740	0.001120	0.000551
sub-11131	CONTROL	38	F	0.156400	49	Uncinate fasciculus L	596	0.434302	0.001448	0.002045	0.001149
sub-11131	CONTROL	38	F	0.156400	50	Tapetum R	600	0.333309	0.001829	0.002323	0.001583
sub-11142	CONTROL	24	M	0.117800	1	Unclassified	15047	0.479681	0.000806	0.001253	0.000583
sub-11142	CONTROL	24	M	0.117800	2	Middle cerebellar peduncle	1500	0.435597	0.000695	0.001035	0.000525
sub-11142	CONTROL	24	M	0.117800	3	Pontine crossing tract (a part of MCP)	8845	0.570944	0.001010	0.001694	0.000669
sub-11142	CONTROL	24	M	0.117800	4	Genu of corpus callosum	13711	0.639774	0.000869	0.001607	0.000500
sub-11142	CONTROL	24	M	0.117800	5	Body of corpus callosum	12721	0.717784	0.000808	0.001636	0.000394
sub-11142	CONTROL	24	M	0.117800	6	Splenium of corpus callosum	659	0.458698	0.001357	0.002073	0.000999
sub-11142	CONTROL	24	M	0.117800	7	Fornix (column and body of fornix)	1249	0.476367	0.000738	0.001148	0.000533
sub-11142	CONTROL	24	M	0.117800	8	Corticospinal tract R	1260	0.487421	0.000749	0.001161	0.000543
sub-11142	CONTROL	24	M	0.117800	9	Corticospinal tract L	690	0.518361	0.000695	0.001142	0.000472
sub-11142	CONTROL	24	M	0.117800	10	Medial lemniscus R	699	0.512487	0.000736	0.001198	0.000504
sub-11142	CONTROL	24	M	0.117800	11	Medial lemniscus L	654	0.482288	0.000672	0.001087	0.000465
sub-11142	CONTROL	24	M	0.117800	12	Inferior cerebellar peduncle R	693	0.462711	0.000690	0.001092	0.000488
sub-11142	CONTROL	24	M	0.117800	13	Inferior cerebellar peduncle L	992	0.568874	0.000934	0.001562	0.000619
sub-11142	CONTROL	24	M	0.117800	14	Superior cerebellar peduncle R	992	0.535905	0.001046	0.001657	0.000741
sub-11142	CONTROL	24	M	0.117800	15	Superior cerebellar peduncle L	2276	0.645112	0.000756	0.001415	0.000427
sub-11142	CONTROL	24	M	0.117800	16	Cerebral peduncle R	2278	0.622560	0.000842	0.001521	0.000503
sub-11142	CONTROL	24	M	0.117800	17	Cerebral peduncle L	3138	0.520162	0.000717	0.001184	0.000484
sub-11142	CONTROL	24	M	0.117800	18	Anterior limb of internal capsule R	3018	0.520465	0.000703	0.001164	0.000473
sub-11142	CONTROL	24	M	0.117800	19	Anterior limb of internal capsule L	3754	0.602489	0.000701	0.001256	0.000424
sub-11142	CONTROL	24	M	0.117800	20	Posterior limb of internal capsule R	3752	0.606661	0.000686	0.001232	0.000413
sub-11142	CONTROL	24	M	0.117800	21	Posterior limb of internal capsule L	2515	0.588787	0.000743	0.001293	0.000468
sub-11142	CONTROL	24	M	0.117800	22	Retrolenticular part of internal capsule R	2469	0.586017	0.000728	0.001272	0.000456
sub-11142	CONTROL	24	M	0.117800	23	Retrolenticular part of internal capsule L	6849	0.438690	0.000740	0.001131	0.000545
sub-11142	CONTROL	24	M	0.117800	24	Anterior corona radiata R	6852	0.437707	0.000723	0.001092	0.000538
sub-11142	CONTROL	24	M	0.117800	25	Anterior corona radiata L	7500	0.459926	0.000682	0.001048	0.000499
sub-11142	CONTROL	24	M	0.117800	26	Superior corona radiata R	7508	0.458058	0.000682	0.001042	0.000503
sub-11142	CONTROL	24	M	0.117800	27	Superior corona radiata L	3728	0.472179	0.000751	0.001157	0.000548
sub-11142	CONTROL	24	M	0.117800	28	Posterior corona radiata R	3714	0.481371	0.000731	0.001141	0.000526
sub-11142	CONTROL	24	M	0.117800	29	Posterior corona radiata L	3972	0.598691	0.000898	0.001553	0.000571
sub-11142	CONTROL	24	M	0.117800	30	Posterior thalamic radiation (include optic radiation) R	3978	0.587881	0.000883	0.001504	0.000573
sub-11142	CONTROL	24	M	0.117800	31	Posterior thalamic radiation (include optic radiation) L	2228	0.558152	0.000834	0.001412	0.000545
sub-11142	CONTROL	24	M	0.117800	32	Sagittal stratum (include inferior longitidinal fasciculus and inferior fronto-occipital fasciculus) R	2231	0.512962	0.000847	0.001354	0.000593
sub-11142	CONTROL	24	M	0.117800	33	Sagittal stratum (include inferior longitidinal fasciculus and inferior fronto-occipital fasciculus) L	3650	0.376803	0.000730	0.001045	0.000572
sub-11142	CONTROL	24	M	0.117800	34	External capsule R	3650	0.378869	0.000705	0.001017	0.000549
sub-11142	CONTROL	24	M	0.117800	35	External capsule L	2342	0.485760	0.000734	0.001177	0.000513
sub-11142	CONTROL	24	M	0.117800	36	Cingulum (cingulate gyrus) R	2751	0.529935	0.000715	0.001206	0.000470
sub-11142	CONTROL	24	M	0.117800	37	Cingulum (cingulate gyrus) L	1236	0.384125	0.000758	0.001089	0.000593
sub-11142	CONTROL	24	M	0.117800	38	Cingulum (hippocampus) R	1155	0.390781	0.000775	0.001120	0.000602
sub-11142	CONTROL	24	M	0.117800	39	Cingulum (hippocampus) L	1124	0.467020	0.000977	0.001496	0.000717
sub-11142	CONTROL	24	M	0.117800	40	Fornix (cres) / Stria terminalis (can not be resolved with current resolution) R	1125	0.500088	0.000866	0.001372	0.000613
sub-11142	CONTROL	24	M	0.117800	41	Fornix (cres) / Stria terminalis (can not be resolved with current resolution) L	6607	0.482020	0.000695	0.001098	0.000493
sub-11142	CONTROL	24	M	0.117800	42	Superior longitudinal fasciculus R	6605	0.483714	0.000676	0.001064	0.000482
sub-11142	CONTROL	24	M	0.117800	43	Superior longitudinal fasciculus L	507	0.430072	0.000677	0.001015	0.000509
sub-11142	CONTROL	24	M	0.117800	44	Superior fronto-occipital fasciculus (could be a part of anterior internal capsule) R	507	0.427152	0.000671	0.000995	0.000509
sub-11142	CONTROL	24	M	0.117800	45	Superior fronto-occipital fasciculus (could be a part of anterior internal capsule) L	1961	0.431105	0.000793	0.001206	0.000586
sub-11142	CONTROL	24	M	0.117800	46	Inferior fronto-occipital fasciculus R	1937	0.442804	0.000744	0.001153	0.000539
sub-11142	CONTROL	24	M	0.117800	47	Inferior fronto-occipital fasciculus L	380	0.452455	0.000781	0.001216	0.000564
sub-11142	CONTROL	24	M	0.117800	48	Uncinate fasciculus R	376	0.445575	0.000746	0.001154	0.000542
sub-11142	CONTROL	24	M	0.117800	49	Uncinate fasciculus L	596	0.353018	0.001625	0.002167	0.001354
sub-11142	CONTROL	24	M	0.117800	50	Tapetum R	600	0.284586	0.001825	0.002297	0.001589
sub-11143	CONTROL	28	M	0.159900	1	Unclassified	15619	0.471561	0.000771	0.001167	0.000573
sub-11143	CONTROL	28	M	0.159900	2	Middle cerebellar peduncle	1500	0.418572	0.000724	0.001055	0.000559
sub-11143	CONTROL	28	M	0.159900	3	Pontine crossing tract (a part of MCP)	8851	0.547886	0.001131	0.001828	0.000783
sub-11143	CONTROL	28	M	0.159900	4	Genu of corpus callosum	13711	0.575246	0.000954	0.001632	0.000615
sub-11143	CONTROL	28	M	0.159900	5	Body of corpus callosum	12729	0.601735	0.000946	0.001682	0.000578
sub-11143	CONTROL	28	M	0.159900	6	Splenium of corpus callosum	659	0.428228	0.001370	0.002043	0.001033
sub-11143	CONTROL	28	M	0.159900	7	Fornix (column and body of fornix)	1228	0.439693	0.000770	0.001155	0.000577
sub-11143	CONTROL	28	M	0.159900	8	Corticospinal tract R	1236	0.422245	0.000919	0.001355	0.000701
sub-11143	CONTROL	28	M	0.159900	9	Corticospinal tract L	690	0.586517	0.000659	0.001158	0.000410
sub-11143	CONTROL	28	M	0.159900	10	Medial lemniscus R	699	0.570456	0.000725	0.001258	0.000458
sub-11143	CONTROL	28	M	0.159900	11	Medial lemniscus L	727	0.508215	0.000606	0.001002	0.000408
sub-11143	CONTROL	28	M	0.159900	12	Inferior cerebellar peduncle R	737	0.491412	0.000737	0.001188	0.000511
sub-11143	CONTROL	28	M	0.159900	13	Inferior cerebellar peduncle L	992	0.549614	0.000954	0.001524	0.000668
sub-11143	CONTROL	28	M	0.159900	14	Superior cerebellar peduncle R	992	0.422951	0.001400	0.001982	0.001109
sub-11143	CONTROL	28	M	0.159900	15	Superior cerebellar peduncle L	2278	0.640174	0.000674	0.001230	0.000397
sub-11143	CONTROL	28	M	0.159900	16	Cerebral peduncle R	2277	0.597442	0.000755	0.001324	0.000470
sub-11143	CONTROL	28	M	0.159900	17	Cerebral peduncle L	3138	0.506984	0.000689	0.001123	0.000472
sub-11143	CONTROL	28	M	0.159900	18	Anterior limb of internal capsule R	3018	0.507834	0.000697	0.001135	0.000477
sub-11143	CONTROL	28	M	0.159900	19	Anterior limb of internal capsule L	3754	0.587173	0.000645	0.001138	0.000398
sub-11143	CONTROL	28	M	0.159900	20	Posterior limb of internal capsule R	3752	0.563690	0.000698	0.001203	0.000446
sub-11143	CONTROL	28	M	0.159900	21	Posterior limb of internal capsule L	2515	0.580295	0.000732	0.001270	0.000462
sub-11143	CONTROL	28	M	0.159900	22	Retrolenticular part of internal capsule R	2469	0.604239	0.000778	0.001387	0.000473
sub-11143	CONTROL	28	M	0.159900	23	Retrolenticular part of internal capsule L	6849	0.418169	0.000813	0.001215	0.000612
sub-11143	CONTROL	28	M	0.159900	24	Anterior corona radiata R	6852	0.431879	0.000788	0.001189	0.000588
sub-11143	CONTROL	28	M	0.159900	25	Anterior corona radiata L	7500	0.439984	0.000731	0.001106	0.000544
sub-11143	CONTROL	28	M	0.159900	26	Superior corona radiata R	7508	0.447490	0.000748	0.001139	0.000552
sub-11143	CONTROL	28	M	0.159900	27	Superior corona radiata L	3728	0.449818	0.000829	0.001259	0.000614
sub-11143	CONTROL	28	M	0.159900	28	Posterior corona radiata R	3714	0.397556	0.000914	0.001313	0.000714
sub-11143	CONTROL	28	M	0.159900	29	Posterior corona radiata L	3972	0.560063	0.000894	0.001492	0.000595
sub-11143	CONTROL	28	M	0.159900	30	Posterior thalamic radiation (include optic radiation) R	3978	0.496872	0.001040	0.001600	0.000760
sub-11143	CONTROL	28	M	0.159900	31	Posterior thalamic radiation (include optic radiation) L	2228	0.536007	0.000763	0.001261	0.000514
sub-11143	CONTROL	28	M	0.159900	32	Sagittal stratum (include inferior longitidinal fasciculus and inferior fronto-occipital fasciculus) R	2231	0.479550	0.000943	0.001467	0.000681
sub-11143	CONTROL	28	M	0.159900	33	Sagittal stratum (include inferior longitidinal fasciculus and inferior fronto-occipital fasciculus) L	3650	0.368648	0.000701	0.000992	0.000556
sub-11143	CONTROL	28	M	0.159900	34	External capsule R	3650	0.376123	0.000726	0.001039	0.000570
sub-11143	CONTROL	28	M	0.159900	35	External capsule L	2342	0.474414	0.000738	0.001173	0.000520
sub-11143	CONTROL	28	M	0.159900	36	Cingulum (cingulate gyrus) R	2751	0.526063	0.000746	0.001270	0.000484
sub-11143	CONTROL	28	M	0.159900	37	Cingulum (cingulate gyrus) L	1236	0.411558	0.000696	0.001023	0.000532
sub-11143	CONTROL	28	M	0.159900	38	Cingulum (hippocampus) R	1155	0.361975	0.000812	0.001139	0.000648
sub-11143	CONTROL	28	M	0.159900	39	Cingulum (hippocampus) L	1124	0.454893	0.000892	0.001359	0.000658
sub-11143	CONTROL	28	M	0.159900	40	Fornix (cres) / Stria terminalis (can not be resolved with current resolution) R	1125	0.452643	0.000919	0.001394	0.000681
sub-11143	CONTROL	28	M	0.159900	41	Fornix (cres) / Stria terminalis (can not be resolved with current resolution) L	6607	0.485766	0.000710	0.001129	0.000501
sub-11143	CONTROL	28	M	0.159900	42	Superior longitudinal fasciculus R	6605	0.464223	0.000745	0.001162	0.000536
sub-11143	CONTROL	28	M	0.159900	43	Superior longitudinal fasciculus L	507	0.445345	0.000688	0.001050	0.000507
sub-11143	CONTROL	28	M	0.159900	44	Superior fronto-occipital fasciculus (could be a part of anterior internal capsule) R	507	0.412756	0.000709	0.001036	0.000546
sub-11143	CONTROL	28	M	0.159900	45	Superior fronto-occipital fasciculus (could be a part of anterior internal capsule) L	1961	0.461710	0.000745	0.001164	0.000535
sub-11143	CONTROL	28	M	0.159900	46	Inferior fronto-occipital fasciculus R	1937	0.456647	0.000786	0.001226	0.000565
sub-11143	CONTROL	28	M	0.159900	47	Inferior fronto-occipital fasciculus L	380	0.507618	0.000694	0.001139	0.000472
sub-11143	CONTROL	28	M	0.159900	48	Uncinate fasciculus R	376	0.480448	0.000757	0.001198	0.000536
sub-11143	CONTROL	28	M	0.159900	49	Uncinate fasciculus L	596	0.365040	0.001414	0.001892	0.001175
sub-11143	CONTROL	28	M	0.159900	50	Tapetum R	600	0.186822	0.002315	0.002699	0.002123
sub-11149	CONTROL	32	M	0.145500	1	Unclassified	12948	0.451666	0.000843	0.001252	0.000638
sub-11149	CONTROL	32	M	0.145500	2	Middle cerebellar peduncle	1500	0.400991	0.000696	0.001011	0.000538
sub-11149	CONTROL	32	M	0.145500	3	Pontine crossing tract (a part of MCP)	8851	0.535820	0.001251	0.001975	0.000890
sub-11149	CONTROL	32	M	0.145500	4	Genu of corpus callosum	13708	0.590655	0.000950	0.001650	0.000601
sub-11149	CONTROL	32	M	0.145500	5	Body of corpus callosum	12623	0.729460	0.000788	0.001600	0.000382
sub-11149	CONTROL	32	M	0.145500	6	Splenium of corpus callosum	659	0.242124	0.002061	0.002510	0.001837
sub-11149	CONTROL	32	M	0.145500	7	Fornix (column and body of fornix)	1233	0.436889	0.000729	0.001086	0.000550
sub-11149	CONTROL	32	M	0.145500	8	Corticospinal tract R	1253	0.472032	0.000750	0.001146	0.000552
sub-11149	CONTROL	32	M	0.145500	9	Corticospinal tract L	687	0.554113	0.000745	0.001278	0.000478
sub-11149	CONTROL	32	M	0.145500	10	Medial lemniscus R	697	0.546288	0.000749	0.001264	0.000492
sub-11149	CONTROL	32	M	0.145500	11	Medial lemniscus L	621	0.480823	0.000661	0.001065	0.000459
sub-11149	CONTROL	32	M	0.145500	12	Inferior cerebellar peduncle R	651	0.485352	0.000697	0.001127	0.000482
sub-11149	CONTROL	32	M	0.145500	13	Inferior cerebellar peduncle L	992	0.551721	0.001019	0.001661	0.000698
sub-11149	CONTROL	32	M	0.145500	14	Superior cerebellar peduncle R	992	0.506978	0.001212	0.001860	0.000888
sub-11149	CONTROL	32	M	0.145500	15	Superior cerebellar peduncle L	2278	0.635890	0.000799	0.001462	0.000467
sub-11149	CONTROL	32	M	0.145500	16	Cerebral peduncle R	2278	0.637954	0.000772	0.001428	0.000444
sub-11149	CONTROL	32	M	0.145500	17	Cerebral peduncle L	3138	0.532785	0.000704	0.001189	0.000462
sub-11149	CONTROL	32	M	0.145500	18	Anterior limb of internal capsule R	3018	0.530502	0.000693	0.001167	0.000456
sub-11149	CONTROL	32	M	0.145500	19	Anterior limb of internal capsule L	3754	0.616455	0.000697	0.001276	0.000408
sub-11149	CONTROL	32	M	0.145500	20	Posterior limb of internal capsule R	3752	0.619777	0.000686	0.001261	0.000399
sub-11149	CONTROL	32	M	0.145500	21	Posterior limb of internal capsule L	2515	0.574351	0.000772	0.001322	0.000498
sub-11149	CONTROL	32	M	0.145500	22	Retrolenticular part of internal capsule R	2469	0.580726	0.000760	0.001314	0.000483
sub-11149	CONTROL	32	M	0.145500	23	Retrolenticular part of internal capsule L	6849	0.427503	0.000808	0.001200	0.000611
sub-11149	CONTROL	32	M	0.145500	24	Anterior corona radiata R	6851	0.432418	0.000785	0.001175	0.000591
sub-11149	CONTROL	32	M	0.145500	25	Anterior corona radiata L	7500	0.471735	0.000726	0.001136	0.000521
sub-11149	CONTROL	32	M	0.145500	26	Superior corona radiata R	7508	0.467037	0.000728	0.001128	0.000528
sub-11149	CONTROL	32	M	0.145500	27	Superior corona radiata L	3728	0.434551	0.000822	0.001224	0.000622
sub-11149	CONTROL	32	M	0.145500	28	Posterior corona radiata R	3714	0.429865	0.000807	0.001191	0.000615
sub-11149	CONTROL	32	M	0.145500	29	Posterior corona radiata L	3972	0.584374	0.000832	0.001444	0.000526
sub-11149	CONTROL	32	M	0.145500	30	Posterior thalamic radiation (include optic radiation) R	3978	0.577513	0.000874	0.001483	0.000569
sub-11149	CONTROL	32	M	0.145500	31	Posterior thalamic radiation (include optic radiation) L	2228	0.537339	0.000860	0.001408	0.000586
sub-11149	CONTROL	32	M	0.145500	32	Sagittal stratum (include inferior longitidinal fasciculus and inferior fronto-occipital fasciculus) R	2231	0.501113	0.000910	0.001439	0.000646
sub-11149	CONTROL	32	M	0.145500	33	Sagittal stratum (include inferior longitidinal fasciculus and inferior fronto-occipital fasciculus) L	3650	0.380672	0.000727	0.001047	0.000566
sub-11149	CONTROL	32	M	0.145500	34	External capsule R	3650	0.415806	0.000719	0.001077	0.000539
sub-11149	CONTROL	32	M	0.145500	35	External capsule L	2342	0.494112	0.000741	0.001194	0.000514
sub-11149	CONTROL	32	M	0.145500	36	Cingulum (cingulate gyrus) R	2751	0.516294	0.000753	0.001246	0.000506
sub-11149	CONTROL	32	M	0.145500	37	Cingulum (cingulate gyrus) L	1236	0.366175	0.000836	0.001175	0.000666
sub-11149	CONTROL	32	M	0.145500	38	Cingulum (hippocampus) R	1155	0.379207	0.000869	0.001219	0.000694
sub-11149	CONTROL	32	M	0.145500	39	Cingulum (hippocampus) L	1124	0.463695	0.001177	0.001729	0.000901
sub-11149	CONTROL	32	M	0.145500	40	Fornix (cres) / Stria terminalis (can not be resolved with current resolution) R	1125	0.503561	0.000970	0.001520	0.000695
sub-11149	CONTROL	32	M	0.145500	41	Fornix (cres) / Stria terminalis (can not be resolved with current resolution) L	6607	0.453816	0.000733	0.001117	0.000540
sub-11149	CONTROL	32	M	0.145500	42	Superior longitudinal fasciculus R	6605	0.469565	0.000711	0.001093	0.000520
sub-11149	CONTROL	32	M	0.145500	43	Superior longitudinal fasciculus L	507	0.470501	0.000683	0.001083	0.000483
sub-11149	CONTROL	32	M	0.145500	44	Superior fronto-occipital fasciculus (could be a part of anterior internal capsule) R	507	0.440396	0.000683	0.001046	0.000501
sub-11149	CONTROL	32	M	0.145500	45	Superior fronto-occipital fasciculus (could be a part of anterior internal capsule) L	1961	0.442029	0.000780	0.001206	0.000567
sub-11149	CONTROL	32	M	0.145500	46	Inferior fronto-occipital fasciculus R	1937	0.432053	0.000790	0.001199	0.000586
sub-11149	CONTROL	32	M	0.145500	47	Inferior fronto-occipital fasciculus L	380	0.478393	0.000789	0.001263	0.000552
sub-11149	CONTROL	32	M	0.145500	48	Uncinate fasciculus R	376	0.476907	0.000769	0.001219	0.000544
sub-11149	CONTROL	32	M	0.145500	49	Uncinate fasciculus L	596	0.347526	0.001628	0.002145	0.001369
sub-11149	CONTROL	32	M	0.145500	50	Tapetum R	600	0.275525	0.002036	0.002533	0.001788
sub-50004	SCHZ	37	M	0.238800	1	Unclassified	15588	0.480514	0.000829	0.001230	0.000629
sub-50004	SCHZ	37	M	0.238800	2	Middle cerebellar peduncle	1500	0.406643	0.000672	0.000959	0.000528
sub-50004	SCHZ	37	M	0.238800	3	Pontine crossing tract (a part of MCP)	8839	0.561364	0.001098	0.001785	0.000755
sub-50004	SCHZ	37	M	0.238800	4	Genu of corpus callosum	13700	0.615622	0.000935	0.001671	0.000567
sub-50004	SCHZ	37	M	0.238800	5	Body of corpus callosum	12479	0.730337	0.000739	0.001510	0.000353
sub-50004	SCHZ	37	M	0.238800	6	Splenium of corpus callosum	659	0.347739	0.001666	0.002251	0.001373
sub-50004	SCHZ	37	M	0.238800	7	Fornix (column and body of fornix)	1338	0.430734	0.000835	0.001180	0.000662
sub-50004	SCHZ	37	M	0.238800	8	Corticospinal tract R	1345	0.473470	0.000794	0.001163	0.000609
sub-50004	SCHZ	37	M	0.238800	9	Corticospinal tract L	690	0.514457	0.000736	0.001198	0.000506
sub-50004	SCHZ	37	M	0.238800	10	Medial lemniscus R	699	0.520169	0.000733	0.001205	0.000498
sub-50004	SCHZ	37	M	0.238800	11	Medial lemniscus L	848	0.487347	0.000663	0.001061	0.000463
sub-50004	SCHZ	37	M	0.238800	12	Inferior cerebellar peduncle R	846	0.448013	0.000707	0.001092	0.000514
sub-50004	SCHZ	37	M	0.238800	13	Inferior cerebellar peduncle L	992	0.522302	0.001015	0.001609	0.000718
sub-50004	SCHZ	37	M	0.238800	14	Superior cerebellar peduncle R	992	0.526369	0.001129	0.001748	0.000820
sub-50004	SCHZ	37	M	0.238800	15	Superior cerebellar peduncle L	2268	0.628625	0.000766	0.001389	0.000454
sub-50004	SCHZ	37	M	0.238800	16	Cerebral peduncle R	2271	0.640503	0.000752	0.001379	0.000438
sub-50004	SCHZ	37	M	0.238800	17	Cerebral peduncle L	3138	0.562720	0.000678	0.001177	0.000428
sub-50004	SCHZ	37	M	0.238800	18	Anterior limb of internal capsule R	3018	0.554550	0.000680	0.001167	0.000437
sub-50004	SCHZ	37	M	0.238800	19	Anterior limb of internal capsule L	3754	0.603676	0.000691	0.001244	0.000415
sub-50004	SCHZ	37	M	0.238800	20	Posterior limb of internal capsule R	3752	0.593986	0.000693	0.001236	0.000422
sub-50004	SCHZ	37	M	0.238800	21	Posterior limb of internal capsule L	2515	0.578007	0.000743	0.001282	0.000473
sub-50004	SCHZ	37	M	0.238800	22	Retrolenticular part of internal capsule R	2469	0.581026	0.000770	0.001327	0.000491
sub-50004	SCHZ	37	M	0.238800	23	Retrolenticular part of internal capsule L	6849	0.444471	0.000734	0.001111	0.000545
sub-50004	SCHZ	37	M	0.238800	24	Anterior corona radiata R	6852	0.430626	0.000733	0.001090	0.000555
sub-50004	SCHZ	37	M	0.238800	25	Anterior corona radiata L	7500	0.437709	0.000741	0.001112	0.000556
sub-50004	SCHZ	37	M	0.238800	26	Superior corona radiata R	7508	0.445745	0.000754	0.001126	0.000567
sub-50004	SCHZ	37	M	0.238800	27	Superior corona radiata L	3728	0.455192	0.000783	0.001179	0.000585
sub-50004	SCHZ	37	M	0.238800	28	Posterior corona radiata R	3714	0.436038	0.000805	0.001193	0.000611
sub-50004	SCHZ	37	M	0.238800	29	Posterior corona radiata L	3972	0.541584	0.000784	0.001315	0.000518
sub-50004	SCHZ	37	M	0.238800	30	Posterior thalamic radiation (include optic radiation) R	3978	0.532659	0.000877	0.001446	0.000592
sub-50004	SCHZ	37	M	0.238800	31	Posterior thalamic radiation (include optic radiation) L	2228	0.490614	0.000803	0.001239	0.000584
sub-50004	SCHZ	37	M	0.238800	32	Sagittal stratum (include inferior longitidinal fasciculus and inferior fronto-occipital fasciculus) R	2231	0.451680	0.000916	0.001360	0.000694
sub-50004	SCHZ	37	M	0.238800	33	Sagittal stratum (include inferior longitidinal fasciculus and inferior fronto-occipital fasciculus) L	3650	0.350901	0.000709	0.000991	0.000568
sub-50004	SCHZ	37	M	0.238800	34	External capsule R	3650	0.362323	0.000715	0.001005	0.000570
sub-50004	SCHZ	37	M	0.238800	35	External capsule L	2342	0.449793	0.000754	0.001157	0.000553
sub-50004	SCHZ	37	M	0.238800	36	Cingulum (cingulate gyrus) R	2751	0.477118	0.000767	0.001209	0.000546
sub-50004	SCHZ	37	M	0.238800	37	Cingulum (cingulate gyrus) L	1236	0.413904	0.000727	0.001069	0.000556
sub-50004	SCHZ	37	M	0.238800	38	Cingulum (hippocampus) R	1155	0.402978	0.000814	0.001152	0.000646
sub-50004	SCHZ	37	M	0.238800	39	Cingulum (hippocampus) L	1124	0.450909	0.000991	0.001478	0.000747
sub-50004	SCHZ	37	M	0.238800	40	Fornix (cres) / Stria terminalis (can not be resolved with current resolution) R	1125	0.465299	0.000938	0.001432	0.000691
sub-50004	SCHZ	37	M	0.238800	41	Fornix (cres) / Stria terminalis (can not be resolved with current resolution) L	6607	0.445073	0.000730	0.001105	0.000542
sub-50004	SCHZ	37	M	0.238800	42	Superior longitudinal fasciculus R	6605	0.440356	0.000747	0.001122	0.000559
sub-50004	SCHZ	37	M	0.238800	43	Superior longitudinal fasciculus L	507	0.449102	0.000721	0.001113	0.000525
sub-50004	SCHZ	37	M	0.238800	44	Superior fronto-occipital fasciculus (could be a part of anterior internal capsule) R	507	0.437453	0.000718	0.001084	0.000535
sub-50004	SCHZ	37	M	0.238800	45	Superior fronto-occipital fasciculus (could be a part of anterior internal capsule) L	1961	0.415818	0.000742	0.001112	0.000557
sub-50004	SCHZ	37	M	0.238800	46	Inferior fronto-occipital fasciculus R	1937	0.423311	0.000753	0.001132	0.000563
sub-50004	SCHZ	37	M	0.238800	47	Inferior fronto-occipital fasciculus L	380	0.379709	0.000735	0.001063	0.000571
sub-50004	SCHZ	37	M	0.238800	48	Uncinate fasciculus R	376	0.400293	0.000716	0.001049	0.000550
sub-50004	SCHZ	37	M	0.238800	49	Uncinate fasciculus L	596	0.403284	0.001261	0.001757	0.001013
sub-50004	SCHZ	37	M	0.238800	50	Tapetum R	600	0.322288	0.001786	0.002274	0.001542
sub-50006	SCHZ	44	F	0.412800	1	Unclassified	15528	0.444077	0.000778	0.001141	0.000597
sub-50006	SCHZ	44	F	0.412800	2	Middle cerebellar peduncle	1500	0.411607	0.000663	0.000975	0.000507
sub-50006	SCHZ	44	F	0.412800	3	Pontine crossing tract (a part of MCP)	8851	0.500770	0.001108	0.001728	0.000798
sub-50006	SCHZ	44	F	0.412800	4	Genu of corpus callosum	13706	0.573765	0.000893	0.001534	0.000573
sub-50006	SCHZ	44	F	0.412800	5	Body of corpus callosum	12456	0.704328	0.000744	0.001461	0.000386
sub-50006	SCHZ	44	F	0.412800	6	Splenium of corpus callosum	659	0.399597	0.001431	0.002043	0.001125
sub-50006	SCHZ	44	F	0.412800	7	Fornix (column and body of fornix)	1229	0.426837	0.000771	0.001131	0.000592
sub-50006	SCHZ	44	F	0.412800	8	Corticospinal tract R	1245	0.440729	0.000772	0.001148	0.000584
sub-50006	SCHZ	44	F	0.412800	9	Corticospinal tract L	690	0.532788	0.000694	0.001157	0.000462
sub-50006	SCHZ	44	F	0.412800	10	Medial lemniscus R	699	0.544179	0.000721	0.001223	0.000470
sub-50006	SCHZ	44	F	0.412800	11	Medial lemniscus L	706	0.474924	0.000668	0.001065	0.000469
sub-50006	SCHZ	44	F	0.412800	12	Inferior cerebellar peduncle R	736	0.465753	0.000696	0.001093	0.000498
sub-50006	SCHZ	44	F	0.412800	13	Inferior cerebellar peduncle L	992	0.475552	0.001101	0.001675	0.000814
sub-50006	SCHZ	44	F	0.412800	14	Superior cerebellar peduncle R	992	0.469149	0.001178	0.001766	0.000884
sub-50006	SCHZ	44	F	0.412800	15	Superior cerebellar peduncle L	2276	0.612907	0.000704	0.001260	0.000426
sub-50006	SCHZ	44	F	0.412800	16	Cerebral peduncle R	2268	0.607067	0.000689	0.001231	0.000418
sub-50006	SCHZ	44	F	0.412800	17	Cerebral peduncle L	3138	0.498643	0.000663	0.001071	0.000458
sub-50006	SCHZ	44	F	0.412800	18	Anterior limb of internal capsule R	3016	0.487356	0.000670	0.001065	0.000473
sub-50006	SCHZ	44	F	0.412800	19	Anterior limb of internal capsule L	3754	0.596868	0.000664	0.001189	0.000401
sub-50006	SCHZ	44	F	0.412800	20	Posterior limb of internal capsule R	3752	0.580832	0.000681	0.001200	0.000421
sub-50006	SCHZ	44	F	0.412800	21	Posterior limb of internal capsule L	2515	0.539930	0.000748	0.001241	0.000502
sub-50006	SCHZ	44	F	0.412800	22	Retrolenticular part of internal capsule R	2469	0.556569	0.000769	0.001300	0.000504
sub-50006	SCHZ	44	F	0.412800	23	Retrolenticular part of internal capsule L	6849	0.388918	0.000755	0.001094	0.000586
sub-50006	SCHZ	44	F	0.412800	24	Anterior corona radiata R	6852	0.379295	0.000761	0.001083	0.000599
sub-50006	SCHZ	44	F	0.412800	25	Anterior corona radiata L	7500	0.444222	0.000712	0.001084	0.000526
sub-50006	SCHZ	44	F	0.412800	26	Superior corona radiata R	7508	0.447399	0.000731	0.001111	0.000540
sub-50006	SCHZ	44	F	0.412800	27	Superior corona radiata L	3728	0.457876	0.000779	0.001185	0.000576
sub-50006	SCHZ	44	F	0.412800	28	Posterior corona radiata R	3714	0.421591	0.000817	0.001205	0.000623
sub-50006	SCHZ	44	F	0.412800	29	Posterior corona radiata L	3970	0.513734	0.000815	0.001332	0.000556
sub-50006	SCHZ	44	F	0.412800	30	Posterior thalamic radiation (include optic radiation) R	3978	0.473051	0.000873	0.001373	0.000624
sub-50006	SCHZ	44	F	0.412800	31	Posterior thalamic radiation (include optic radiation) L	2228	0.494060	0.000797	0.001266	0.000563
sub-50006	SCHZ	44	F	0.412800	32	Sagittal stratum (include inferior longitidinal fasciculus and inferior fronto-occipital fasciculus) R	2231	0.442694	0.000836	0.001267	0.000621
sub-50006	SCHZ	44	F	0.412800	33	Sagittal stratum (include inferior longitidinal fasciculus and inferior fronto-occipital fasciculus) L	3650	0.368743	0.000708	0.001016	0.000554
sub-50006	SCHZ	44	F	0.412800	34	External capsule R	3650	0.388580	0.000713	0.001037	0.000551
sub-50006	SCHZ	44	F	0.412800	35	External capsule L	2342	0.447971	0.000750	0.001162	0.000544
sub-50006	SCHZ	44	F	0.412800	36	Cingulum (cingulate gyrus) R	2751	0.489036	0.000744	0.001201	0.000515
sub-50006	SCHZ	44	F	0.412800	37	Cingulum (cingulate gyrus) L	1236	0.456431	0.000710	0.001082	0.000524
sub-50006	SCHZ	44	F	0.412800	38	Cingulum (hippocampus) R	1155	0.418370	0.000769	0.001126	0.000590
sub-50006	SCHZ	44	F	0.412800	39	Cingulum (hippocampus) L	1124	0.468083	0.000943	0.001450	0.000689
sub-50006	SCHZ	44	F	0.412800	40	Fornix (cres) / Stria terminalis (can not be resolved with current resolution) R	1125	0.482186	0.000896	0.001396	0.000646
sub-50006	SCHZ	44	F	0.412800	41	Fornix (cres) / Stria terminalis (can not be resolved with current resolution) L	6607	0.443761	0.000723	0.001093	0.000537
sub-50006	SCHZ	44	F	0.412800	42	Superior longitudinal fasciculus R	6605	0.431280	0.000747	0.001124	0.000559
sub-50006	SCHZ	44	F	0.412800	43	Superior longitudinal fasciculus L	507	0.403436	0.000671	0.000984	0.000515
sub-50006	SCHZ	44	F	0.412800	44	Superior fronto-occipital fasciculus (could be a part of anterior internal capsule) R	507	0.389661	0.000684	0.000987	0.000533
sub-50006	SCHZ	44	F	0.412800	45	Superior fronto-occipital fasciculus (could be a part of anterior internal capsule) L	1961	0.426288	0.000769	0.001155	0.000577
sub-50006	SCHZ	44	F	0.412800	46	Inferior fronto-occipital fasciculus R	1937	0.448772	0.000734	0.001134	0.000534
sub-50006	SCHZ	44	F	0.412800	47	Inferior fronto-occipital fasciculus L	380	0.463149	0.000670	0.001046	0.000482
sub-50006	SCHZ	44	F	0.412800	48	Uncinate fasciculus R	376	0.424584	0.000707	0.001060	0.000531
sub-50006	SCHZ	44	F	0.412800	49	Uncinate fasciculus L	596	0.395071	0.001389	0.001918	0.001125
sub-50006	SCHZ	44	F	0.412800	50	Tapetum R	600	0.316494	0.001806	0.002342	0.001538
sub-50007	SCHZ	47	F	0.193300	1	Unclassified	15538	0.475166	0.000805	0.001186	0.000614
sub-50007	SCHZ	47	F	0.193300	2	Middle cerebellar peduncle	1500	0.403092	0.000671	0.000963	0.000525
sub-50007	SCHZ	47	F	0.193300	3	Pontine crossing tract (a part of MCP)	8761	0.570258	0.001174	0.001864	0.000828
sub-50007	SCHZ	47	F	0.193300	4	Genu of corpus callosum	13481	0.646752	0.000845	0.001536	0.000500
sub-50007	SCHZ	47	F	0.193300	5	Body of corpus callosum	10924	0.732474	0.000702	0.001416	0.000346
sub-50007	SCHZ	47	F	0.193300	6	Splenium of corpus callosum	659	0.280045	0.001855	0.002342	0.001611
sub-50007	SCHZ	47	F	0.193300	7	Fornix (column and body of fornix)	1362	0.484647	0.000868	0.001256	0.000674
sub-50007	SCHZ	47	F	0.193300	8	Corticospinal tract R	1370	0.499738	0.000876	0.001299	0.000665
sub-50007	SCHZ	47	F	0.193300	9	Corticospinal tract L	690	0.559326	0.000750	0.001281	0.000484
sub-50007	SCHZ	47	F	0.193300	10	Medial lemniscus R	699	0.546744	0.000761	0.001289	0.000497
sub-50007	SCHZ	47	F	0.193300	11	Medial lemniscus L	968	0.459929	0.000850	0.001236	0.000657
sub-50007	SCHZ	47	F	0.193300	12	Inferior cerebellar peduncle R	968	0.440257	0.000887	0.001282	0.000690
sub-50007	SCHZ	47	F	0.193300	13	Inferior cerebellar peduncle L	992	0.551735	0.000915	0.001500	0.000622
sub-50007	SCHZ	47	F	0.193300	14	Superior cerebellar peduncle R	992	0.508278	0.001008	0.001564	0.000730
sub-50007	SCHZ	47	F	0.193300	15	Superior cerebellar peduncle L	2254	0.657295	0.000700	0.001316	0.000391
sub-50007	SCHZ	47	F	0.193300	16	Cerebral peduncle R	2243	0.641382	0.000693	0.001284	0.000397
sub-50007	SCHZ	47	F	0.193300	17	Cerebral peduncle L	3138	0.545173	0.000655	0.001114	0.000426
sub-50007	SCHZ	47	F	0.193300	18	Anterior limb of internal capsule R	3018	0.544331	0.000657	0.001116	0.000428
sub-50007	SCHZ	47	F	0.193300	19	Anterior limb of internal capsule L	3754	0.630166	0.000665	0.001235	0.000380
sub-50007	SCHZ	47	F	0.193300	20	Posterior limb of internal capsule R	3752	0.636166	0.000635	0.001187	0.000360
sub-50007	SCHZ	47	F	0.193300	21	Posterior limb of internal capsule L	2515	0.615436	0.000725	0.001298	0.000438
sub-50007	SCHZ	47	F	0.193300	22	Retrolenticular part of internal capsule R	2468	0.656036	0.000685	0.001260	0.000397
sub-50007	SCHZ	47	F	0.193300	23	Retrolenticular part of internal capsule L	6849	0.445218	0.000725	0.001085	0.000545
sub-50007	SCHZ	47	F	0.193300	24	Anterior corona radiata R	6852	0.435993	0.000723	0.001072	0.000548
sub-50007	SCHZ	47	F	0.193300	25	Anterior corona radiata L	7500	0.501712	0.000657	0.001036	0.000468
sub-50007	SCHZ	47	F	0.193300	26	Superior corona radiata R	7508	0.517114	0.000678	0.001082	0.000476
sub-50007	SCHZ	47	F	0.193300	27	Superior corona radiata L	3728	0.508531	0.000711	0.001122	0.000506
sub-50007	SCHZ	47	F	0.193300	28	Posterior corona radiata R	3714	0.492189	0.000734	0.001129	0.000537
sub-50007	SCHZ	47	F	0.193300	29	Posterior corona radiata L	3971	0.595140	0.000695	0.001225	0.000430
sub-50007	SCHZ	47	F	0.193300	30	Posterior thalamic radiation (include optic radiation) R	3974	0.559967	0.000824	0.001326	0.000573
sub-50007	SCHZ	47	F	0.193300	31	Posterior thalamic radiation (include optic radiation) L	2228	0.544940	0.000719	0.001192	0.000482
sub-50007	SCHZ	47	F	0.193300	32	Sagittal stratum (include inferior longitidinal fasciculus and inferior fronto-occipital fasciculus) R	2231	0.508648	0.000826	0.001296	0.000591
sub-50007	SCHZ	47	F	0.193300	33	Sagittal stratum (include inferior longitidinal fasciculus and inferior fronto-occipital fasciculus) L	3650	0.369102	0.000695	0.000988	0.000549
sub-50007	SCHZ	47	F	0.193300	34	External capsule R	3650	0.410963	0.000663	0.000980	0.000504
sub-50007	SCHZ	47	F	0.193300	35	External capsule L	2342	0.484590	0.000694	0.001099	0.000492
sub-50007	SCHZ	47	F	0.193300	36	Cingulum (cingulate gyrus) R	2751	0.502093	0.000710	0.001152	0.000489
sub-50007	SCHZ	47	F	0.193300	37	Cingulum (cingulate gyrus) L	1236	0.423334	0.000730	0.001060	0.000566
sub-50007	SCHZ	47	F	0.193300	38	Cingulum (hippocampus) R	1155	0.430751	0.000766	0.001105	0.000596
sub-50007	SCHZ	47	F	0.193300	39	Cingulum (hippocampus) L	1124	0.496550	0.000874	0.001383	0.000619
sub-50007	SCHZ	47	F	0.193300	40	Fornix (cres) / Stria terminalis (can not be resolved with current resolution) R	1125	0.549596	0.000784	0.001303	0.000524
sub-50007	SCHZ	47	F	0.193300	41	Fornix (cres) / Stria terminalis (can not be resolved with current resolution) L	6607	0.479632	0.000665	0.001027	0.000484
sub-50007	SCHZ	47	F	0.193300	42	Superior longitudinal fasciculus R	6605	0.494390	0.000664	0.001045	0.000474
sub-50007	SCHZ	47	F	0.193300	43	Superior longitudinal fasciculus L	507	0.454766	0.000623	0.000958	0.000456
sub-50007	SCHZ	47	F	0.193300	44	Superior fronto-occipital fasciculus (could be a part of anterior internal capsule) R	507	0.457475	0.000675	0.001036	0.000495
sub-50007	SCHZ	47	F	0.193300	45	Superior fronto-occipital fasciculus (could be a part of anterior internal capsule) L	1961	0.465495	0.000719	0.001128	0.000515
sub-50007	SCHZ	47	F	0.193300	46	Inferior fronto-occipital fasciculus R	1937	0.458183	0.000729	0.001130	0.000528
sub-50007	SCHZ	47	F	0.193300	47	Inferior fronto-occipital fasciculus L	379	0.522727	0.000680	0.001089	0.000475
sub-50007	SCHZ	47	F	0.193300	48	Uncinate fasciculus R	376	0.457814	0.000726	0.001095	0.000542
sub-50007	SCHZ	47	F	0.193300	49	Uncinate fasciculus L	596	0.398735	0.001583	0.002133	0.001308
sub-50007	SCHZ	47	F	0.193300	50	Tapetum R	600	0.286256	0.002002	0.002473	0.001767
sub-50008	SCHZ	48	M	0.317400	1	Unclassified	14223	0.445736	0.000874	0.001273	0.000674
sub-50008	SCHZ	48	M	0.317400	2	Middle cerebellar peduncle	1500	0.401209	0.000701	0.001003	0.000550
sub-50008	SCHZ	48	M	0.317400	3	Pontine crossing tract (a part of MCP)	8851	0.517007	0.001111	0.001778	0.000777
sub-50008	SCHZ	48	M	0.317400	4	Genu of corpus callosum	13704	0.569060	0.000953	0.001622	0.000619
sub-50008	SCHZ	48	M	0.317400	5	Body of corpus callosum	12504	0.691708	0.000774	0.001489	0.000417
sub-50008	SCHZ	48	M	0.317400	6	Splenium of corpus callosum	659	0.223629	0.002044	0.002471	0.001830
sub-50008	SCHZ	48	M	0.317400	7	Fornix (column and body of fornix)	1294	0.456259	0.000799	0.001164	0.000616
sub-50008	SCHZ	48	M	0.317400	8	Corticospinal tract R	1292	0.475198	0.000752	0.001125	0.000566
sub-50008	SCHZ	48	M	0.317400	9	Corticospinal tract L	690	0.489340	0.000768	0.001208	0.000548
sub-50008	SCHZ	48	M	0.317400	10	Medial lemniscus R	699	0.486607	0.000762	0.001201	0.000542
sub-50008	SCHZ	48	M	0.317400	11	Medial lemniscus L	725	0.447281	0.000721	0.001126	0.000518
sub-50008	SCHZ	48	M	0.317400	12	Inferior cerebellar peduncle R	703	0.435335	0.000677	0.001049	0.000491
sub-50008	SCHZ	48	M	0.317400	13	Inferior cerebellar peduncle L	992	0.526405	0.000906	0.001474	0.000622
sub-50008	SCHZ	48	M	0.317400	14	Superior cerebellar peduncle R	992	0.502879	0.001007	0.001579	0.000722
sub-50008	SCHZ	48	M	0.317400	15	Superior cerebellar peduncle L	2267	0.610863	0.000782	0.001374	0.000486
sub-50008	SCHZ	48	M	0.317400	16	Cerebral peduncle R	2261	0.621606	0.000694	0.001253	0.000415
sub-50008	SCHZ	48	M	0.317400	17	Cerebral peduncle L	3138	0.511167	0.000717	0.001175	0.000489
sub-50008	SCHZ	48	M	0.317400	18	Anterior limb of internal capsule R	3018	0.484391	0.000705	0.001122	0.000496
sub-50008	SCHZ	48	M	0.317400	19	Anterior limb of internal capsule L	3754	0.599367	0.000680	0.001223	0.000409
sub-50008	SCHZ	48	M	0.317400	20	Posterior limb of internal capsule R	3752	0.590517	0.000680	0.001210	0.000414
sub-50008	SCHZ	48	M	0.317400	21	Posterior limb of internal capsule L	2515	0.487680	0.000780	0.001220	0.000560
sub-50008	SCHZ	48	M	0.317400	22	Retrolenticular part of internal capsule R	2469	0.536980	0.000747	0.001235	0.000503
sub-50008	SCHZ	48	M	0.317400	23	Retrolenticular part of internal capsule L	6849	0.390871	0.000791	0.001146	0.000613
sub-50008	SCHZ	48	M	0.317400	24	Anterior corona radiata R	6852	0.377619	0.000780	0.001109	0.000615
sub-50008	SCHZ	48	M	0.317400	25	Anterior corona radiata L	7500	0.463299	0.000757	0.001165	0.000553
sub-50008	SCHZ	48	M	0.317400	26	Superior corona radiata R	7508	0.458669	0.000755	0.001146	0.000560
sub-50008	SCHZ	48	M	0.317400	27	Superior corona radiata L	3728	0.429408	0.000827	0.001223	0.000629
sub-50008	SCHZ	48	M	0.317400	28	Posterior corona radiata R	3714	0.399376	0.000854	0.001223	0.000669
sub-50008	SCHZ	48	M	0.317400	29	Posterior corona radiata L	3972	0.445220	0.000869	0.001325	0.000641
sub-50008	SCHZ	48	M	0.317400	30	Posterior thalamic radiation (include optic radiation) R	3978	0.430873	0.000922	0.001363	0.000701
sub-50008	SCHZ	48	M	0.317400	31	Posterior thalamic radiation (include optic radiation) L	2228	0.427618	0.000936	0.001386	0.000710
sub-50008	SCHZ	48	M	0.317400	32	Sagittal stratum (include inferior longitidinal fasciculus and inferior fronto-occipital fasciculus) R	2231	0.380246	0.000991	0.001410	0.000782
sub-50008	SCHZ	48	M	0.317400	33	Sagittal stratum (include inferior longitidinal fasciculus and inferior fronto-occipital fasciculus) L	3650	0.350728	0.000706	0.000993	0.000563
sub-50008	SCHZ	48	M	0.317400	34	External capsule R	3650	0.361833	0.000711	0.001010	0.000562
sub-50008	SCHZ	48	M	0.317400	35	External capsule L	2342	0.461077	0.000748	0.001158	0.000543
sub-50008	SCHZ	48	M	0.317400	36	Cingulum (cingulate gyrus) R	2751	0.481181	0.000742	0.001185	0.000521
sub-50008	SCHZ	48	M	0.317400	37	Cingulum (cingulate gyrus) L	1236	0.364369	0.000792	0.001100	0.000637
sub-50008	SCHZ	48	M	0.317400	38	Cingulum (hippocampus) R	1155	0.353360	0.000788	0.001086	0.000639
sub-50008	SCHZ	48	M	0.317400	39	Cingulum (hippocampus) L	1124	0.461394	0.001006	0.001515	0.000751
sub-50008	SCHZ	48	M	0.317400	40	Fornix (cres) / Stria terminalis (can not be resolved with current resolution) R	1125	0.456494	0.000874	0.001315	0.000654
sub-50008	SCHZ	48	M	0.317400	41	Fornix (cres) / Stria terminalis (can not be resolved with current resolution) L	6607	0.430601	0.000753	0.001127	0.000566
sub-50008	SCHZ	48	M	0.317400	42	Superior longitudinal fasciculus R	6605	0.421086	0.000762	0.001117	0.000585
sub-50008	SCHZ	48	M	0.317400	43	Superior longitudinal fasciculus L	507	0.397094	0.000696	0.001013	0.000538
sub-50008	SCHZ	48	M	0.317400	44	Superior fronto-occipital fasciculus (could be a part of anterior internal capsule) R	507	0.374776	0.000733	0.001045	0.000576
sub-50008	SCHZ	48	M	0.317400	45	Superior fronto-occipital fasciculus (could be a part of anterior internal capsule) L	1961	0.395064	0.000764	0.001112	0.000590
sub-50008	SCHZ	48	M	0.317400	46	Inferior fronto-occipital fasciculus R	1937	0.386212	0.000766	0.001106	0.000596
sub-50008	SCHZ	48	M	0.317400	47	Inferior fronto-occipital fasciculus L	380	0.400510	0.000715	0.001050	0.000547
sub-50008	SCHZ	48	M	0.317400	48	Uncinate fasciculus R	376	0.355524	0.000732	0.001025	0.000586
sub-50008	SCHZ	48	M	0.317400	49	Uncinate fasciculus L	596	0.368022	0.001700	0.002318	0.001391
sub-50008	SCHZ	48	M	0.317400	50	Tapetum R	600	0.276162	0.002058	0.002580	0.001796
sub-50010	SCHZ	41	M	0.260400	1	Unclassified	15403	0.476267	0.000866	0.001289	0.000655
sub-50010	SCHZ	41	M	0.260400	2	Middle cerebellar peduncle	1500	0.442141	0.000677	0.001024	0.000504
sub-50010	SCHZ	41	M	0.260400	3	Pontine crossing tract (a part of MCP)	8851	0.562097	0.001143	0.001864	0.000783
sub-50010	SCHZ	41	M	0.260400	4	Genu of corpus callosum	13683	0.639360	0.000956	0.001737	0.000566
sub-50010	SCHZ	41	M	0.260400	5	Body of corpus callosum	12177	0.728197	0.000759	0.001534	0.000372
sub-50010	SCHZ	41	M	0.260400	6	Splenium of corpus callosum	659	0.378765	0.001737	0.002372	0.001419
sub-50010	SCHZ	41	M	0.260400	7	Fornix (column and body of fornix)	1294	0.487663	0.000768	0.001147	0.000578
sub-50010	SCHZ	41	M	0.260400	8	Corticospinal tract R	1284	0.521556	0.000752	0.001164	0.000546
sub-50010	SCHZ	41	M	0.260400	9	Corticospinal tract L	690	0.547714	0.000730	0.001235	0.000477
sub-50010	SCHZ	41	M	0.260400	10	Medial lemniscus R	699	0.565844	0.000733	0.001273	0.000463
sub-50010	SCHZ	41	M	0.260400	11	Medial lemniscus L	766	0.449044	0.000704	0.001083	0.000514
sub-50010	SCHZ	41	M	0.260400	12	Inferior cerebellar peduncle R	755	0.459391	0.000692	0.001083	0.000496
sub-50010	SCHZ	41	M	0.260400	13	Inferior cerebellar peduncle L	992	0.567570	0.000965	0.001613	0.000641
sub-50010	SCHZ	41	M	0.260400	14	Superior cerebellar peduncle R	992	0.543959	0.001043	0.001680	0.000724
sub-50010	SCHZ	41	M	0.260400	15	Superior cerebellar peduncle L	2245	0.593034	0.000781	0.001341	0.000501
sub-50010	SCHZ	41	M	0.260400	16	Cerebral peduncle R	2255	0.648342	0.000747	0.001388	0.000426
sub-50010	SCHZ	41	M	0.260400	17	Cerebral peduncle L	3138	0.538215	0.000684	0.001155	0.000449
sub-50010	SCHZ	41	M	0.260400	18	Anterior limb of internal capsule R	3018	0.545760	0.000669	0.001130	0.000438
sub-50010	SCHZ	41	M	0.260400	19	Anterior limb of internal capsule L	3754	0.594308	0.000689	0.001226	0.000421
sub-50010	SCHZ	41	M	0.260400	20	Posterior limb of internal capsule R	3752	0.605718	0.000686	0.001235	0.000411
sub-50010	SCHZ	41	M	0.260400	21	Posterior limb of internal capsule L	2515	0.608299	0.000722	0.001282	0.000441
sub-50010	SCHZ	41	M	0.260400	22	Retrolenticular part of internal capsule R	2469	0.594528	0.000759	0.001337	0.000470
sub-50010	SCHZ	41	M	0.260400	23	Retrolenticular part of internal capsule L	6849	0.437311	0.000733	0.001108	0.000546
sub-50010	SCHZ	41	M	0.260400	24	Anterior corona radiata R	6852	0.453478	0.000709	0.001079	0.000525
sub-50010	SCHZ	41	M	0.260400	25	Anterior corona radiata L	7500	0.459980	0.000707	0.001082	0.000519
sub-50010	SCHZ	41	M	0.260400	26	Superior corona radiata R	7508	0.468552	0.000713	0.001100	0.000520
sub-50010	SCHZ	41	M	0.260400	27	Superior corona radiata L	3728	0.475831	0.000761	0.001180	0.000552
sub-50010	SCHZ	41	M	0.260400	28	Posterior corona radiata R	3714	0.438642	0.000818	0.001221	0.000616
sub-50010	SCHZ	41	M	0.260400	29	Posterior corona radiata L	3972	0.568879	0.000759	0.001308	0.000485
sub-50010	SCHZ	41	M	0.260400	30	Posterior thalamic radiation (include optic radiation) R	3978	0.525558	0.000831	0.001380	0.000557
sub-50010	SCHZ	41	M	0.260400	31	Posterior thalamic radiation (include optic radiation) L	2228	0.521684	0.000827	0.001344	0.000568
sub-50010	SCHZ	41	M	0.260400	32	Sagittal stratum (include inferior longitidinal fasciculus and inferior fronto-occipital fasciculus) R	2231	0.488004	0.000884	0.001386	0.000632
sub-50010	SCHZ	41	M	0.260400	33	Sagittal stratum (include inferior longitidinal fasciculus and inferior fronto-occipital fasciculus) L	3650	0.341456	0.000697	0.000970	0.000560
sub-50010	SCHZ	41	M	0.260400	34	External capsule R	3650	0.398340	0.000678	0.000995	0.000520
sub-50010	SCHZ	41	M	0.260400	35	External capsule L	2342	0.501775	0.000727	0.001178	0.000501
sub-50010	SCHZ	41	M	0.260400	36	Cingulum (cingulate gyrus) R	2751	0.545919	0.000727	0.001236	0.000472
sub-50010	SCHZ	41	M	0.260400	37	Cingulum (cingulate gyrus) L	1236	0.423286	0.000814	0.001170	0.000636
sub-50010	SCHZ	41	M	0.260400	38	Cingulum (hippocampus) R	1155	0.408778	0.000832	0.001201	0.000647
sub-50010	SCHZ	41	M	0.260400	39	Cingulum (hippocampus) L	1124	0.463652	0.000957	0.001433	0.000719
sub-50010	SCHZ	41	M	0.260400	40	Fornix (cres) / Stria terminalis (can not be resolved with current resolution) R	1125	0.473297	0.000945	0.001441	0.000697
sub-50010	SCHZ	41	M	0.260400	41	Fornix (cres) / Stria terminalis (can not be resolved with current resolution) L	6607	0.490298	0.000697	0.001111	0.000491
sub-50010	SCHZ	41	M	0.260400	42	Superior longitudinal fasciculus R	6605	0.472278	0.000722	0.001130	0.000518
sub-50010	SCHZ	41	M	0.260400	43	Superior longitudinal fasciculus L	507	0.459478	0.000691	0.001066	0.000503
sub-50010	SCHZ	41	M	0.260400	44	Superior fronto-occipital fasciculus (could be a part of anterior internal capsule) R	507	0.440107	0.000684	0.001038	0.000506
sub-50010	SCHZ	41	M	0.260400	45	Superior fronto-occipital fasciculus (could be a part of anterior internal capsule) L	1961	0.455108	0.000740	0.001147	0.000537
sub-50010	SCHZ	41	M	0.260400	46	Inferior fronto-occipital fasciculus R	1937	0.471103	0.000736	0.001162	0.000523
sub-50010	SCHZ	41	M	0.260400	47	Inferior fronto-occipital fasciculus L	380	0.468568	0.000697	0.001095	0.000499
sub-50010	SCHZ	41	M	0.260400	48	Uncinate fasciculus R	376	0.478573	0.000729	0.001162	0.000512
sub-50010	SCHZ	41	M	0.260400	49	Uncinate fasciculus L	596	0.388593	0.001407	0.001915	0.001152
sub-50010	SCHZ	41	M	0.260400	50	Tapetum R	600	0.313752	0.001786	0.002280	0.001539
sub-50013	SCHZ	30	M	0.211600	1	Unclassified	9407	0.459093	0.000704	0.001104	0.000504
sub-50013	SCHZ	30	M	0.211600	2	Middle cerebellar peduncle	1500	0.385907	0.000651	0.000932	0.000511
sub-50013	SCHZ	30	M	0.211600	3	Pontine crossing tract (a part of MCP)	8844	0.558814	0.001068	0.001732	0.000735
sub-50013	SCHZ	30	M	0.211600	4	Genu of corpus callosum	13491	0.632632	0.000850	0.001523	0.000513
sub-50013	SCHZ	30	M	0.211600	5	Body of corpus callosum	12127	0.730232	0.000727	0.001464	0.000358
sub-50013	SCHZ	30	M	0.211600	6	Splenium of corpus callosum	659	0.337954	0.001626	0.002175	0.001352
sub-50013	SCHZ	30	M	0.211600	7	Fornix (column and body of fornix)	1080	0.499885	0.000626	0.001001	0.000438
sub-50013	SCHZ	30	M	0.211600	8	Corticospinal tract R	1091	0.507826	0.000630	0.001024	0.000433
sub-50013	SCHZ	30	M	0.211600	9	Corticospinal tract L	575	0.517668	0.000645	0.001108	0.000414
sub-50013	SCHZ	30	M	0.211600	10	Medial lemniscus R	580	0.546568	0.000671	0.001188	0.000412
sub-50013	SCHZ	30	M	0.211600	11	Medial lemniscus L	505	0.459150	0.000597	0.000949	0.000421
sub-50013	SCHZ	30	M	0.211600	12	Inferior cerebellar peduncle R	483	0.445840	0.000613	0.000989	0.000424
sub-50013	SCHZ	30	M	0.211600	13	Inferior cerebellar peduncle L	989	0.569576	0.000955	0.001592	0.000637
sub-50013	SCHZ	30	M	0.211600	14	Superior cerebellar peduncle R	974	0.540559	0.001033	0.001680	0.000709
sub-50013	SCHZ	30	M	0.211600	15	Superior cerebellar peduncle L	2276	0.631613	0.000773	0.001395	0.000462
sub-50013	SCHZ	30	M	0.211600	16	Cerebral peduncle R	2255	0.667168	0.000687	0.001312	0.000375
sub-50013	SCHZ	30	M	0.211600	17	Cerebral peduncle L	3138	0.551754	0.000647	0.001112	0.000415
sub-50013	SCHZ	30	M	0.211600	18	Anterior limb of internal capsule R	3018	0.543873	0.000635	0.001077	0.000414
sub-50013	SCHZ	30	M	0.211600	19	Anterior limb of internal capsule L	3754	0.623375	0.000649	0.001194	0.000376
sub-50013	SCHZ	30	M	0.211600	20	Posterior limb of internal capsule R	3752	0.616947	0.000668	0.001223	0.000391
sub-50013	SCHZ	30	M	0.211600	21	Posterior limb of internal capsule L	2515	0.574748	0.000705	0.001207	0.000453
sub-50013	SCHZ	30	M	0.211600	22	Retrolenticular part of internal capsule R	2469	0.576708	0.000737	0.001270	0.000471
sub-50013	SCHZ	30	M	0.211600	23	Retrolenticular part of internal capsule L	6849	0.427874	0.000740	0.001103	0.000558
sub-50013	SCHZ	30	M	0.211600	24	Anterior corona radiata R	6852	0.442953	0.000711	0.001073	0.000529
sub-50013	SCHZ	30	M	0.211600	25	Anterior corona radiata L	7500	0.489564	0.000677	0.001070	0.000481
sub-50013	SCHZ	30	M	0.211600	26	Superior corona radiata R	7508	0.498961	0.000684	0.001089	0.000482
sub-50013	SCHZ	30	M	0.211600	27	Superior corona radiata L	3728	0.462815	0.000727	0.001100	0.000540
sub-50013	SCHZ	30	M	0.211600	28	Posterior corona radiata R	3714	0.466401	0.000757	0.001155	0.000558
sub-50013	SCHZ	30	M	0.211600	29	Posterior corona radiata L	3972	0.550836	0.000716	0.001211	0.000469
sub-50013	SCHZ	30	M	0.211600	30	Posterior thalamic radiation (include optic radiation) R	3978	0.520937	0.000822	0.001332	0.000567
sub-50013	SCHZ	30	M	0.211600	31	Posterior thalamic radiation (include optic radiation) L	2227	0.535729	0.000769	0.001257	0.000525
sub-50013	SCHZ	30	M	0.211600	32	Sagittal stratum (include inferior longitidinal fasciculus and inferior fronto-occipital fasciculus) R	2231	0.473227	0.000865	0.001335	0.000630
sub-50013	SCHZ	30	M	0.211600	33	Sagittal stratum (include inferior longitidinal fasciculus and inferior fronto-occipital fasciculus) L	3650	0.381076	0.000686	0.000994	0.000533
sub-50013	SCHZ	30	M	0.211600	34	External capsule R	3650	0.420687	0.000676	0.001019	0.000505
sub-50013	SCHZ	30	M	0.211600	35	External capsule L	2342	0.517589	0.000726	0.001206	0.000486
sub-50013	SCHZ	30	M	0.211600	36	Cingulum (cingulate gyrus) R	2751	0.573244	0.000720	0.001268	0.000446
sub-50013	SCHZ	30	M	0.211600	37	Cingulum (cingulate gyrus) L	1236	0.387897	0.000722	0.001022	0.000572
sub-50013	SCHZ	30	M	0.211600	38	Cingulum (hippocampus) R	1155	0.398928	0.000771	0.001105	0.000604
sub-50013	SCHZ	30	M	0.211600	39	Cingulum (hippocampus) L	1123	0.510830	0.000901	0.001431	0.000636
sub-50013	SCHZ	30	M	0.211600	40	Fornix (cres) / Stria terminalis (can not be resolved with current resolution) R	1125	0.516819	0.000901	0.001454	0.000625
sub-50013	SCHZ	30	M	0.211600	41	Fornix (cres) / Stria terminalis (can not be resolved with current resolution) L	6607	0.462536	0.000683	0.001049	0.000501
sub-50013	SCHZ	30	M	0.211600	42	Superior longitudinal fasciculus R	6605	0.442780	0.000691	0.001030	0.000521
sub-50013	SCHZ	30	M	0.211600	43	Superior longitudinal fasciculus L	507	0.465645	0.000643	0.001002	0.000464
sub-50013	SCHZ	30	M	0.211600	44	Superior fronto-occipital fasciculus (could be a part of anterior internal capsule) R	507	0.445429	0.000668	0.001022	0.000492
sub-50013	SCHZ	30	M	0.211600	45	Superior fronto-occipital fasciculus (could be a part of anterior internal capsule) L	1961	0.469902	0.000733	0.001153	0.000523
sub-50013	SCHZ	30	M	0.211600	46	Inferior fronto-occipital fasciculus R	1937	0.470582	0.000736	0.001159	0.000525
sub-50013	SCHZ	30	M	0.211600	47	Inferior fronto-occipital fasciculus L	380	0.424969	0.000749	0.001135	0.000556
sub-50013	SCHZ	30	M	0.211600	48	Uncinate fasciculus R	376	0.478042	0.000677	0.001071	0.000480
sub-50013	SCHZ	30	M	0.211600	49	Uncinate fasciculus L	596	0.397654	0.001407	0.001920	0.001150
sub-50013	SCHZ	30	M	0.211600	50	Tapetum R	599	0.333985	0.001841	0.002326	0.001599
sub-50014	SCHZ	22	M	0.140600	1	Unclassified	14300	0.484092	0.000844	0.001276	0.000629
sub-50014	SCHZ	22	M	0.140600	2	Middle cerebellar peduncle	1499	0.405249	0.000710	0.001020	0.000555
sub-50014	SCHZ	22	M	0.140600	3	Pontine crossing tract (a part of MCP)	8783	0.578072	0.000928	0.001570	0.000608
sub-50014	SCHZ	22	M	0.140600	4	Genu of corpus callosum	13604	0.635571	0.000792	0.001443	0.000466
sub-50014	SCHZ	22	M	0.140600	5	Body of corpus callosum	11905	0.735637	0.000712	0.001447	0.000345
sub-50014	SCHZ	22	M	0.140600	6	Splenium of corpus callosum	659	0.424051	0.001361	0.001970	0.001056
sub-50014	SCHZ	22	M	0.140600	7	Fornix (column and body of fornix)	1249	0.459445	0.000782	0.001160	0.000593
sub-50014	SCHZ	22	M	0.140600	8	Corticospinal tract R	1248	0.520388	0.000715	0.001144	0.000500
sub-50014	SCHZ	22	M	0.140600	9	Corticospinal tract L	688	0.507362	0.000743	0.001202	0.000513
sub-50014	SCHZ	22	M	0.140600	10	Medial lemniscus R	697	0.522121	0.000755	0.001243	0.000511
sub-50014	SCHZ	22	M	0.140600	11	Medial lemniscus L	649	0.505319	0.000649	0.001084	0.000432
sub-50014	SCHZ	22	M	0.140600	12	Inferior cerebellar peduncle R	657	0.488332	0.000716	0.001163	0.000493
sub-50014	SCHZ	22	M	0.140600	13	Inferior cerebellar peduncle L	992	0.487989	0.001018	0.001548	0.000753
sub-50014	SCHZ	22	M	0.140600	14	Superior cerebellar peduncle R	992	0.466466	0.001228	0.001781	0.000952
sub-50014	SCHZ	22	M	0.140600	15	Superior cerebellar peduncle L	2265	0.656365	0.000693	0.001293	0.000393
sub-50014	SCHZ	22	M	0.140600	16	Cerebral peduncle R	2277	0.661635	0.000681	0.001293	0.000375
sub-50014	SCHZ	22	M	0.140600	17	Cerebral peduncle L	3138	0.564425	0.000639	0.001112	0.000403
sub-50014	SCHZ	22	M	0.140600	18	Anterior limb of internal capsule R	3018	0.545417	0.000632	0.001072	0.000412
sub-50014	SCHZ	22	M	0.140600	19	Anterior limb of internal capsule L	3754	0.623011	0.000640	0.001175	0.000373
sub-50014	SCHZ	22	M	0.140600	20	Posterior limb of internal capsule R	3752	0.623297	0.000654	0.001206	0.000378
sub-50014	SCHZ	22	M	0.140600	21	Posterior limb of internal capsule L	2515	0.576633	0.000713	0.001234	0.000453
sub-50014	SCHZ	22	M	0.140600	22	Retrolenticular part of internal capsule R	2469	0.575079	0.000754	0.001310	0.000477
sub-50014	SCHZ	22	M	0.140600	23	Retrolenticular part of internal capsule L	6849	0.460107	0.000711	0.001099	0.000516
sub-50014	SCHZ	22	M	0.140600	24	Anterior corona radiata R	6851	0.466003	0.000699	0.001083	0.000507
sub-50014	SCHZ	22	M	0.140600	25	Anterior corona radiata L	7500	0.490442	0.000663	0.001058	0.000466
sub-50014	SCHZ	22	M	0.140600	26	Superior corona radiata R	7508	0.475563	0.000669	0.001049	0.000480
sub-50014	SCHZ	22	M	0.140600	27	Superior corona radiata L	3728	0.480960	0.000743	0.001159	0.000535
sub-50014	SCHZ	22	M	0.140600	28	Posterior corona radiata R	3714	0.449615	0.000771	0.001166	0.000573
sub-50014	SCHZ	22	M	0.140600	29	Posterior corona radiata L	3972	0.587519	0.000720	0.001261	0.000450
sub-50014	SCHZ	22	M	0.140600	30	Posterior thalamic radiation (include optic radiation) R	3969	0.543515	0.000795	0.001321	0.000532
sub-50014	SCHZ	22	M	0.140600	31	Posterior thalamic radiation (include optic radiation) L	2228	0.539219	0.000821	0.001370	0.000547
sub-50014	SCHZ	22	M	0.140600	32	Sagittal stratum (include inferior longitidinal fasciculus and inferior fronto-occipital fasciculus) R	2231	0.484543	0.000858	0.001342	0.000616
sub-50014	SCHZ	22	M	0.140600	33	Sagittal stratum (include inferior longitidinal fasciculus and inferior fronto-occipital fasciculus) L	3650	0.380801	0.000685	0.000988	0.000534
sub-50014	SCHZ	22	M	0.140600	34	External capsule R	3650	0.394117	0.000676	0.000987	0.000521
sub-50014	SCHZ	22	M	0.140600	35	External capsule L	2342	0.477291	0.000697	0.001108	0.000491
sub-50014	SCHZ	22	M	0.140600	36	Cingulum (cingulate gyrus) R	2751	0.517769	0.000679	0.001125	0.000456
sub-50014	SCHZ	22	M	0.140600	37	Cingulum (cingulate gyrus) L	1236	0.421398	0.000725	0.001085	0.000545
sub-50014	SCHZ	22	M	0.140600	38	Cingulum (hippocampus) R	1155	0.403437	0.000746	0.001087	0.000576
sub-50014	SCHZ	22	M	0.140600	39	Cingulum (hippocampus) L	1124	0.458286	0.000975	0.001470	0.000728
sub-50014	SCHZ	22	M	0.140600	40	Fornix (cres) / Stria terminalis (can not be resolved with current resolution) R	1125	0.490073	0.000839	0.001314	0.000602
sub-50014	SCHZ	22	M	0.140600	41	Fornix (cres) / Stria terminalis (can not be resolved with current resolution) L	6607	0.469448	0.000678	0.001049	0.000492
sub-50014	SCHZ	22	M	0.140600	42	Superior longitudinal fasciculus R	6605	0.453510	0.000686	0.001049	0.000505
sub-50014	SCHZ	22	M	0.140600	43	Superior longitudinal fasciculus L	507	0.505340	0.000634	0.001032	0.000435
sub-50014	SCHZ	22	M	0.140600	44	Superior fronto-occipital fasciculus (could be a part of anterior internal capsule) R	507	0.490648	0.000657	0.001055	0.000459
sub-50014	SCHZ	22	M	0.140600	45	Superior fronto-occipital fasciculus (could be a part of anterior internal capsule) L	1961	0.425984	0.000722	0.001093	0.000537
sub-50014	SCHZ	22	M	0.140600	46	Inferior fronto-occipital fasciculus R	1937	0.436686	0.000709	0.001086	0.000521
sub-50014	SCHZ	22	M	0.140600	47	Inferior fronto-occipital fasciculus L	380	0.472835	0.000666	0.001043	0.000477
sub-50014	SCHZ	22	M	0.140600	48	Uncinate fasciculus R	376	0.457607	0.000693	0.001076	0.000502
sub-50014	SCHZ	22	M	0.140600	49	Uncinate fasciculus L	596	0.416691	0.001392	0.001905	0.001136
sub-50014	SCHZ	22	M	0.140600	50	Tapetum R	600	0.309322	0.001782	0.002230	0.001558
sub-50015	SCHZ	23	M	0.207000	1	Unclassified	15443	0.481045	0.000843	0.001280	0.000625
sub-50015	SCHZ	23	M	0.207000	2	Middle cerebellar peduncle	1500	0.404499	0.000677	0.000986	0.000523
sub-50015	SCHZ	23	M	0.207000	3	Pontine crossing tract (a part of MCP)	8838	0.574985	0.001169	0.001942	0.000783
sub-50015	SCHZ	23	M	0.207000	4	Genu of corpus callosum	13707	0.632549	0.000929	0.001687	0.000550
sub-50015	SCHZ	23	M	0.207000	5	Body of corpus callosum	12261	0.723839	0.000756	0.001527	0.000371
sub-50015	SCHZ	23	M	0.207000	6	Splenium of corpus callosum	659	0.446810	0.001396	0.002070	0.001059
sub-50015	SCHZ	23	M	0.207000	7	Fornix (column and body of fornix)	1225	0.467358	0.000762	0.001142	0.000572
sub-50015	SCHZ	23	M	0.207000	8	Corticospinal tract R	1222	0.508559	0.000726	0.001130	0.000525
sub-50015	SCHZ	23	M	0.207000	9	Corticospinal tract L	683	0.515491	0.000727	0.001201	0.000490
sub-50015	SCHZ	23	M	0.207000	10	Medial lemniscus R	693	0.508128	0.000741	0.001214	0.000504
sub-50015	SCHZ	23	M	0.207000	11	Medial lemniscus L	648	0.492736	0.000662	0.001082	0.000453
sub-50015	SCHZ	23	M	0.207000	12	Inferior cerebellar peduncle R	659	0.471766	0.000725	0.001146	0.000514
sub-50015	SCHZ	23	M	0.207000	13	Inferior cerebellar peduncle L	992	0.546259	0.001068	0.001719	0.000742
sub-50015	SCHZ	23	M	0.207000	14	Superior cerebellar peduncle R	992	0.504177	0.001222	0.001846	0.000910
sub-50015	SCHZ	23	M	0.207000	15	Superior cerebellar peduncle L	2276	0.634599	0.000785	0.001419	0.000469
sub-50015	SCHZ	23	M	0.207000	16	Cerebral peduncle R	2265	0.667325	0.000707	0.001344	0.000388
sub-50015	SCHZ	23	M	0.207000	17	Cerebral peduncle L	3138	0.531596	0.000723	0.001214	0.000478
sub-50015	SCHZ	23	M	0.207000	18	Anterior limb of internal capsule R	3018	0.512848	0.000710	0.001161	0.000485
sub-50015	SCHZ	23	M	0.207000	19	Anterior limb of internal capsule L	3754	0.596289	0.000691	0.001229	0.000422
sub-50015	SCHZ	23	M	0.207000	20	Posterior limb of internal capsule R	3752	0.602135	0.000676	0.001213	0.000408
sub-50015	SCHZ	23	M	0.207000	21	Posterior limb of internal capsule L	2515	0.545163	0.000732	0.001221	0.000487
sub-50015	SCHZ	23	M	0.207000	22	Retrolenticular part of internal capsule R	2469	0.542850	0.000822	0.001371	0.000547
sub-50015	SCHZ	23	M	0.207000	23	Retrolenticular part of internal capsule L	6849	0.402657	0.000802	0.001175	0.000616
sub-50015	SCHZ	23	M	0.207000	24	Anterior corona radiata R	6852	0.410265	0.000774	0.001135	0.000593
sub-50015	SCHZ	23	M	0.207000	25	Anterior corona radiata L	7500	0.444003	0.000719	0.001073	0.000542
sub-50015	SCHZ	23	M	0.207000	26	Superior corona radiata R	7508	0.462961	0.000723	0.001103	0.000533
sub-50015	SCHZ	23	M	0.207000	27	Superior corona radiata L	3728	0.458332	0.000764	0.001154	0.000569
sub-50015	SCHZ	23	M	0.207000	28	Posterior corona radiata R	3714	0.428325	0.000786	0.001159	0.000599
sub-50015	SCHZ	23	M	0.207000	29	Posterior corona radiata L	3972	0.562027	0.000762	0.001309	0.000489
sub-50015	SCHZ	23	M	0.207000	30	Posterior thalamic radiation (include optic radiation) R	3978	0.508560	0.000895	0.001428	0.000628
sub-50015	SCHZ	23	M	0.207000	31	Posterior thalamic radiation (include optic radiation) L	2228	0.496462	0.000838	0.001334	0.000591
sub-50015	SCHZ	23	M	0.207000	32	Sagittal stratum (include inferior longitidinal fasciculus and inferior fronto-occipital fasciculus) R	2231	0.480168	0.000885	0.001367	0.000645
sub-50015	SCHZ	23	M	0.207000	33	Sagittal stratum (include inferior longitidinal fasciculus and inferior fronto-occipital fasciculus) L	3650	0.338220	0.000732	0.001018	0.000589
sub-50015	SCHZ	23	M	0.207000	34	External capsule R	3650	0.351947	0.000729	0.001022	0.000582
sub-50015	SCHZ	23	M	0.207000	35	External capsule L	2342	0.449311	0.000768	0.001180	0.000561
sub-50015	SCHZ	23	M	0.207000	36	Cingulum (cingulate gyrus) R	2751	0.519478	0.000750	0.001252	0.000499
sub-50015	SCHZ	23	M	0.207000	37	Cingulum (cingulate gyrus) L	1236	0.414304	0.000757	0.001113	0.000579
sub-50015	SCHZ	23	M	0.207000	38	Cingulum (hippocampus) R	1155	0.400007	0.000771	0.001119	0.000596
sub-50015	SCHZ	23	M	0.207000	39	Cingulum (hippocampus) L	1124	0.492972	0.000953	0.001512	0.000674
sub-50015	SCHZ	23	M	0.207000	40	Fornix (cres) / Stria terminalis (can not be resolved with current resolution) R	1125	0.497975	0.000877	0.001403	0.000614
sub-50015	SCHZ	23	M	0.207000	41	Fornix (cres) / Stria terminalis (can not be resolved with current resolution) L	6607	0.455958	0.000720	0.001099	0.000531
sub-50015	SCHZ	23	M	0.207000	42	Superior longitudinal fasciculus R	6605	0.436222	0.000726	0.001092	0.000543
sub-50015	SCHZ	23	M	0.207000	43	Superior longitudinal fasciculus L	507	0.457379	0.000703	0.001083	0.000514
sub-50015	SCHZ	23	M	0.207000	44	Superior fronto-occipital fasciculus (could be a part of anterior internal capsule) R	507	0.425673	0.000705	0.001054	0.000531
sub-50015	SCHZ	23	M	0.207000	45	Superior fronto-occipital fasciculus (could be a part of anterior internal capsule) L	1961	0.406163	0.000767	0.001137	0.000581
sub-50015	SCHZ	23	M	0.207000	46	Inferior fronto-occipital fasciculus R	1937	0.418436	0.000747	0.001124	0.000559
sub-50015	SCHZ	23	M	0.207000	47	Inferior fronto-occipital fasciculus L	380	0.343660	0.000797	0.001107	0.000641
sub-50015	SCHZ	23	M	0.207000	48	Uncinate fasciculus R	376	0.369604	0.000737	0.001054	0.000579
sub-50015	SCHZ	23	M	0.207000	49	Uncinate fasciculus L	596	0.435055	0.001328	0.001898	0.001043
sub-50015	SCHZ	23	M	0.207000	50	Tapetum R	600	0.338715	0.001805	0.002307	0.001555
sub-50016	SCHZ	49	M	0.549400	1	Unclassified	15607	0.479231	0.000854	0.001272	0.000645
sub-50016	SCHZ	49	M	0.549400	2	Middle cerebellar peduncle	1500	0.367668	0.000687	0.000951	0.000555
sub-50016	SCHZ	49	M	0.549400	3	Pontine crossing tract (a part of MCP)	8848	0.571635	0.001022	0.001699	0.000683
sub-50016	SCHZ	49	M	0.549400	4	Genu of corpus callosum	13302	0.652844	0.000820	0.001512	0.000475
sub-50016	SCHZ	49	M	0.549400	5	Body of corpus callosum	12067	0.731056	0.000718	0.001447	0.000353
sub-50016	SCHZ	49	M	0.549400	6	Splenium of corpus callosum	659	0.343188	0.001654	0.002193	0.001385
sub-50016	SCHZ	49	M	0.549400	7	Fornix (column and body of fornix)	1307	0.502072	0.000721	0.001118	0.000523
sub-50016	SCHZ	49	M	0.549400	8	Corticospinal tract R	1303	0.476644	0.000741	0.001120	0.000552
sub-50016	SCHZ	49	M	0.549400	9	Corticospinal tract L	690	0.535783	0.000744	0.001237	0.000497
sub-50016	SCHZ	49	M	0.549400	10	Medial lemniscus R	699	0.529923	0.000743	0.001234	0.000497
sub-50016	SCHZ	49	M	0.549400	11	Medial lemniscus L	744	0.474437	0.000697	0.001103	0.000494
sub-50016	SCHZ	49	M	0.549400	12	Inferior cerebellar peduncle R	763	0.462924	0.000684	0.001080	0.000486
sub-50016	SCHZ	49	M	0.549400	13	Inferior cerebellar peduncle L	992	0.567384	0.000973	0.001618	0.000650
sub-50016	SCHZ	49	M	0.549400	14	Superior cerebellar peduncle R	992	0.554310	0.001049	0.001677	0.000735
sub-50016	SCHZ	49	M	0.549400	15	Superior cerebellar peduncle L	2277	0.642501	0.000760	0.001394	0.000443
sub-50016	SCHZ	49	M	0.549400	16	Cerebral peduncle R	2258	0.646630	0.000662	0.001230	0.000379
sub-50016	SCHZ	49	M	0.549400	17	Cerebral peduncle L	3138	0.552919	0.000659	0.001127	0.000425
sub-50016	SCHZ	49	M	0.549400	18	Anterior limb of internal capsule R	3018	0.552950	0.000652	0.001110	0.000423
sub-50016	SCHZ	49	M	0.549400	19	Anterior limb of internal capsule L	3754	0.621763	0.000648	0.001181	0.000381
sub-50016	SCHZ	49	M	0.549400	20	Posterior limb of internal capsule R	3752	0.621412	0.000652	0.001192	0.000382
sub-50016	SCHZ	49	M	0.549400	21	Posterior limb of internal capsule L	2515	0.550947	0.000727	0.001220	0.000481
sub-50016	SCHZ	49	M	0.549400	22	Retrolenticular part of internal capsule R	2469	0.560892	0.000717	0.001218	0.000467
sub-50016	SCHZ	49	M	0.549400	23	Retrolenticular part of internal capsule L	6849	0.432413	0.000730	0.001099	0.000546
sub-50016	SCHZ	49	M	0.549400	24	Anterior corona radiata R	6852	0.430729	0.000722	0.001081	0.000542
sub-50016	SCHZ	49	M	0.549400	25	Anterior corona radiata L	7500	0.482613	0.000654	0.001031	0.000466
sub-50016	SCHZ	49	M	0.549400	26	Superior corona radiata R	7508	0.480088	0.000674	0.001055	0.000484
sub-50016	SCHZ	49	M	0.549400	27	Superior corona radiata L	3728	0.475951	0.000728	0.001127	0.000528
sub-50016	SCHZ	49	M	0.549400	28	Posterior corona radiata R	3714	0.457985	0.000739	0.001121	0.000548
sub-50016	SCHZ	49	M	0.549400	29	Posterior corona radiata L	3972	0.568122	0.000758	0.001297	0.000488
sub-50016	SCHZ	49	M	0.549400	30	Posterior thalamic radiation (include optic radiation) R	3972	0.555038	0.000795	0.001342	0.000522
sub-50016	SCHZ	49	M	0.549400	31	Posterior thalamic radiation (include optic radiation) L	2228	0.514925	0.000817	0.001328	0.000561
sub-50016	SCHZ	49	M	0.549400	32	Sagittal stratum (include inferior longitidinal fasciculus and inferior fronto-occipital fasciculus) R	2231	0.473288	0.000868	0.001347	0.000628
sub-50016	SCHZ	49	M	0.549400	33	Sagittal stratum (include inferior longitidinal fasciculus and inferior fronto-occipital fasciculus) L	3650	0.369300	0.000685	0.000966	0.000544
sub-50016	SCHZ	49	M	0.549400	34	External capsule R	3650	0.394607	0.000682	0.000991	0.000528
sub-50016	SCHZ	49	M	0.549400	35	External capsule L	2342	0.513254	0.000704	0.001160	0.000476
sub-50016	SCHZ	49	M	0.549400	36	Cingulum (cingulate gyrus) R	2751	0.564539	0.000700	0.001224	0.000438
sub-50016	SCHZ	49	M	0.549400	37	Cingulum (cingulate gyrus) L	1236	0.384370	0.000755	0.001074	0.000596
sub-50016	SCHZ	49	M	0.549400	38	Cingulum (hippocampus) R	1155	0.378776	0.000776	0.001104	0.000613
sub-50016	SCHZ	49	M	0.549400	39	Cingulum (hippocampus) L	1124	0.482611	0.000903	0.001405	0.000652
sub-50016	SCHZ	49	M	0.549400	40	Fornix (cres) / Stria terminalis (can not be resolved with current resolution) R	1125	0.489429	0.000910	0.001432	0.000649
sub-50016	SCHZ	49	M	0.549400	41	Fornix (cres) / Stria terminalis (can not be resolved with current resolution) L	6607	0.461865	0.000689	0.001058	0.000505
sub-50016	SCHZ	49	M	0.549400	42	Superior longitudinal fasciculus R	6605	0.456081	0.000682	0.001045	0.000500
sub-50016	SCHZ	49	M	0.549400	43	Superior longitudinal fasciculus L	507	0.474481	0.000657	0.001034	0.000468
sub-50016	SCHZ	49	M	0.549400	44	Superior fronto-occipital fasciculus (could be a part of anterior internal capsule) R	507	0.471650	0.000655	0.001021	0.000471
sub-50016	SCHZ	49	M	0.549400	45	Superior fronto-occipital fasciculus (could be a part of anterior internal capsule) L	1961	0.438106	0.000743	0.001136	0.000547
sub-50016	SCHZ	49	M	0.549400	46	Inferior fronto-occipital fasciculus R	1937	0.438505	0.000718	0.001102	0.000526
sub-50016	SCHZ	49	M	0.549400	47	Inferior fronto-occipital fasciculus L	380	0.475551	0.000685	0.001085	0.000486
sub-50016	SCHZ	49	M	0.549400	48	Uncinate fasciculus R	376	0.469977	0.000691	0.001096	0.000489
sub-50016	SCHZ	49	M	0.549400	49	Uncinate fasciculus L	596	0.434669	0.001307	0.001850	0.001035
sub-50016	SCHZ	49	M	0.549400	50	Tapetum R	600	0.321328	0.001601	0.001999	0.001402
sub-50020	SCHZ	25	M	0.234500	1	Unclassified	15553	0.467007	0.000884	0.001309	0.000671
sub-50020	SCHZ	25	M	0.234500	2	Middle cerebellar peduncle	1500	0.405894	0.000716	0.001030	0.000560
sub-50020	SCHZ	25	M	0.234500	3	Pontine crossing tract (a part of MCP)	8836	0.561033	0.001087	0.001759	0.000751
sub-50020	SCHZ	25	M	0.234500	4	Genu of corpus callosum	13617	0.625053	0.000898	0.001608	0.000543
sub-50020	SCHZ	25	M	0.234500	5	Body of corpus callosum	11884	0.705015	0.000758	0.001479	0.000397
sub-50020	SCHZ	25	M	0.234500	6	Splenium of corpus callosum	658	0.338616	0.001834	0.002421	0.001541
sub-50020	SCHZ	25	M	0.234500	7	Fornix (column and body of fornix)	1362	0.420559	0.000862	0.001196	0.000695
sub-50020	SCHZ	25	M	0.234500	8	Corticospinal tract R	1370	0.428160	0.000900	0.001250	0.000725
sub-50020	SCHZ	25	M	0.234500	9	Corticospinal tract L	690	0.514546	0.000796	0.001300	0.000545
sub-50020	SCHZ	25	M	0.234500	10	Medial lemniscus R	699	0.523361	0.000809	0.001334	0.000547
sub-50020	SCHZ	25	M	0.234500	11	Medial lemniscus L	916	0.382536	0.000929	0.001309	0.000739
sub-50020	SCHZ	25	M	0.234500	12	Inferior cerebellar peduncle R	921	0.414875	0.000743	0.001103	0.000563
sub-50020	SCHZ	25	M	0.234500	13	Inferior cerebellar peduncle L	992	0.519123	0.001040	0.001651	0.000735
sub-50020	SCHZ	25	M	0.234500	14	Superior cerebellar peduncle R	992	0.498409	0.001183	0.001807	0.000871
sub-50020	SCHZ	25	M	0.234500	15	Superior cerebellar peduncle L	2278	0.567007	0.000813	0.001389	0.000525
sub-50020	SCHZ	25	M	0.234500	16	Cerebral peduncle R	2276	0.636555	0.000713	0.001321	0.000409
sub-50020	SCHZ	25	M	0.234500	17	Cerebral peduncle L	3138	0.533832	0.000688	0.001160	0.000452
sub-50020	SCHZ	25	M	0.234500	18	Anterior limb of internal capsule R	3018	0.526229	0.000688	0.001150	0.000458
sub-50020	SCHZ	25	M	0.234500	19	Anterior limb of internal capsule L	3754	0.596467	0.000676	0.001212	0.000408
sub-50020	SCHZ	25	M	0.234500	20	Posterior limb of internal capsule R	3752	0.596601	0.000691	0.001239	0.000417
sub-50020	SCHZ	25	M	0.234500	21	Posterior limb of internal capsule L	2515	0.569587	0.000732	0.001243	0.000476
sub-50020	SCHZ	25	M	0.234500	22	Retrolenticular part of internal capsule R	2469	0.555492	0.000799	0.001358	0.000520
sub-50020	SCHZ	25	M	0.234500	23	Retrolenticular part of internal capsule L	6849	0.436176	0.000740	0.001117	0.000551
sub-50020	SCHZ	25	M	0.234500	24	Anterior corona radiata R	6852	0.425035	0.000743	0.001104	0.000563
sub-50020	SCHZ	25	M	0.234500	25	Anterior corona radiata L	7500	0.475655	0.000727	0.001125	0.000528
sub-50020	SCHZ	25	M	0.234500	26	Superior corona radiata R	7508	0.478239	0.000739	0.001149	0.000534
sub-50020	SCHZ	25	M	0.234500	27	Superior corona radiata L	3728	0.440263	0.000818	0.001214	0.000619
sub-50020	SCHZ	25	M	0.234500	28	Posterior corona radiata R	3714	0.436309	0.000832	0.001237	0.000630
sub-50020	SCHZ	25	M	0.234500	29	Posterior corona radiata L	3972	0.576298	0.000768	0.001330	0.000487
sub-50020	SCHZ	25	M	0.234500	30	Posterior thalamic radiation (include optic radiation) R	3978	0.547726	0.000822	0.001377	0.000545
sub-50020	SCHZ	25	M	0.234500	31	Posterior thalamic radiation (include optic radiation) L	2228	0.526151	0.000833	0.001349	0.000575
sub-50020	SCHZ	25	M	0.234500	32	Sagittal stratum (include inferior longitidinal fasciculus and inferior fronto-occipital fasciculus) R	2231	0.477916	0.000894	0.001375	0.000653
sub-50020	SCHZ	25	M	0.234500	33	Sagittal stratum (include inferior longitidinal fasciculus and inferior fronto-occipital fasciculus) L	3650	0.357332	0.000725	0.001021	0.000577
sub-50020	SCHZ	25	M	0.234500	34	External capsule R	3650	0.364072	0.000727	0.001029	0.000576
sub-50020	SCHZ	25	M	0.234500	35	External capsule L	2342	0.437163	0.000756	0.001156	0.000556
sub-50020	SCHZ	25	M	0.234500	36	Cingulum (cingulate gyrus) R	2751	0.484776	0.000771	0.001232	0.000541
sub-50020	SCHZ	25	M	0.234500	37	Cingulum (cingulate gyrus) L	1236	0.379300	0.000774	0.001107	0.000607
sub-50020	SCHZ	25	M	0.234500	38	Cingulum (hippocampus) R	1155	0.352879	0.000846	0.001163	0.000688
sub-50020	SCHZ	25	M	0.234500	39	Cingulum (hippocampus) L	1124	0.476970	0.000917	0.001430	0.000660
sub-50020	SCHZ	25	M	0.234500	40	Fornix (cres) / Stria terminalis (can not be resolved with current resolution) R	1125	0.488158	0.000889	0.001388	0.000639
sub-50020	SCHZ	25	M	0.234500	41	Fornix (cres) / Stria terminalis (can not be resolved with current resolution) L	6607	0.444534	0.000738	0.001118	0.000548
sub-50020	SCHZ	25	M	0.234500	42	Superior longitudinal fasciculus R	6605	0.441752	0.000732	0.001096	0.000551
sub-50020	SCHZ	25	M	0.234500	43	Superior longitudinal fasciculus L	507	0.421348	0.000712	0.001063	0.000536
sub-50020	SCHZ	25	M	0.234500	44	Superior fronto-occipital fasciculus (could be a part of anterior internal capsule) R	507	0.440325	0.000693	0.001048	0.000515
sub-50020	SCHZ	25	M	0.234500	45	Superior fronto-occipital fasciculus (could be a part of anterior internal capsule) L	1961	0.395416	0.000760	0.001114	0.000583
sub-50020	SCHZ	25	M	0.234500	46	Inferior fronto-occipital fasciculus R	1937	0.397420	0.000748	0.001100	0.000572
sub-50020	SCHZ	25	M	0.234500	47	Inferior fronto-occipital fasciculus L	380	0.368463	0.000716	0.001027	0.000560
sub-50020	SCHZ	25	M	0.234500	48	Uncinate fasciculus R	376	0.349136	0.000732	0.001018	0.000590
sub-50020	SCHZ	25	M	0.234500	49	Uncinate fasciculus L	596	0.406035	0.001466	0.002033	0.001182
sub-50020	SCHZ	25	M	0.234500	50	Tapetum R	600	0.310072	0.001795	0.002301	0.001542
sub-50021	SCHZ	41	F	0.139100	1	Unclassified	15624	0.465924	0.000821	0.001238	0.000613
sub-50021	SCHZ	41	F	0.139100	2	Middle cerebellar peduncle	1500	0.493336	0.000745	0.001182	0.000526
sub-50021	SCHZ	41	F	0.139100	3	Pontine crossing tract (a part of MCP)	8850	0.561566	0.001088	0.001791	0.000737
sub-50021	SCHZ	41	F	0.139100	4	Genu of corpus callosum	13705	0.619401	0.000930	0.001670	0.000559
sub-50021	SCHZ	41	F	0.139100	5	Body of corpus callosum	12546	0.732376	0.000759	0.001548	0.000365
sub-50021	SCHZ	41	F	0.139100	6	Splenium of corpus callosum	659	0.428661	0.001435	0.002094	0.001105
sub-50021	SCHZ	41	F	0.139100	7	Fornix (column and body of fornix)	1361	0.436726	0.000980	0.001360	0.000791
sub-50021	SCHZ	41	F	0.139100	8	Corticospinal tract R	1370	0.485804	0.000934	0.001367	0.000717
sub-50021	SCHZ	41	F	0.139100	9	Corticospinal tract L	690	0.554502	0.000769	0.001309	0.000499
sub-50021	SCHZ	41	F	0.139100	10	Medial lemniscus R	699	0.564883	0.000753	0.001301	0.000480
sub-50021	SCHZ	41	F	0.139100	11	Medial lemniscus L	968	0.441339	0.000824	0.001232	0.000620
sub-50021	SCHZ	41	F	0.139100	12	Inferior cerebellar peduncle R	968	0.441368	0.000875	0.001307	0.000659
sub-50021	SCHZ	41	F	0.139100	13	Inferior cerebellar peduncle L	992	0.551038	0.001024	0.001680	0.000697
sub-50021	SCHZ	41	F	0.139100	14	Superior cerebellar peduncle R	992	0.519785	0.001144	0.001787	0.000822
sub-50021	SCHZ	41	F	0.139100	15	Superior cerebellar peduncle L	2278	0.595622	0.000832	0.001456	0.000520
sub-50021	SCHZ	41	F	0.139100	16	Cerebral peduncle R	2278	0.623334	0.000812	0.001470	0.000483
sub-50021	SCHZ	41	F	0.139100	17	Cerebral peduncle L	3138	0.543866	0.000698	0.001179	0.000457
sub-50021	SCHZ	41	F	0.139100	18	Anterior limb of internal capsule R	3018	0.544494	0.000685	0.001154	0.000450
sub-50021	SCHZ	41	F	0.139100	19	Anterior limb of internal capsule L	3754	0.593460	0.000727	0.001292	0.000444
sub-50021	SCHZ	41	F	0.139100	20	Posterior limb of internal capsule R	3752	0.600119	0.000710	0.001267	0.000432
sub-50021	SCHZ	41	F	0.139100	21	Posterior limb of internal capsule L	2515	0.554029	0.000772	0.001304	0.000506
sub-50021	SCHZ	41	F	0.139100	22	Retrolenticular part of internal capsule R	2469	0.571948	0.000782	0.001349	0.000498
sub-50021	SCHZ	41	F	0.139100	23	Retrolenticular part of internal capsule L	6849	0.436865	0.000719	0.001089	0.000533
sub-50021	SCHZ	41	F	0.139100	24	Anterior corona radiata R	6852	0.472202	0.000718	0.001123	0.000516
sub-50021	SCHZ	41	F	0.139100	25	Anterior corona radiata L	7500	0.471847	0.000724	0.001123	0.000525
sub-50021	SCHZ	41	F	0.139100	26	Superior corona radiata R	7508	0.477502	0.000725	0.001135	0.000520
sub-50021	SCHZ	41	F	0.139100	27	Superior corona radiata L	3728	0.466209	0.000791	0.001209	0.000583
sub-50021	SCHZ	41	F	0.139100	28	Posterior corona radiata R	3714	0.446909	0.000790	0.001183	0.000593
sub-50021	SCHZ	41	F	0.139100	29	Posterior corona radiata L	3972	0.535751	0.000786	0.001308	0.000525
sub-50021	SCHZ	41	F	0.139100	30	Posterior thalamic radiation (include optic radiation) R	3978	0.507897	0.000818	0.001323	0.000565
sub-50021	SCHZ	41	F	0.139100	31	Posterior thalamic radiation (include optic radiation) L	2228	0.516459	0.000850	0.001379	0.000585
sub-50021	SCHZ	41	F	0.139100	32	Sagittal stratum (include inferior longitidinal fasciculus and inferior fronto-occipital fasciculus) R	2231	0.455330	0.000918	0.001401	0.000676
sub-50021	SCHZ	41	F	0.139100	33	Sagittal stratum (include inferior longitidinal fasciculus and inferior fronto-occipital fasciculus) L	3650	0.363823	0.000732	0.001043	0.000576
sub-50021	SCHZ	41	F	0.139100	34	External capsule R	3650	0.382449	0.000720	0.001043	0.000559
sub-50021	SCHZ	41	F	0.139100	35	External capsule L	2342	0.496158	0.000759	0.001234	0.000521
sub-50021	SCHZ	41	F	0.139100	36	Cingulum (cingulate gyrus) R	2751	0.521054	0.000753	0.001255	0.000501
sub-50021	SCHZ	41	F	0.139100	37	Cingulum (cingulate gyrus) L	1236	0.385539	0.000806	0.001146	0.000636
sub-50021	SCHZ	41	F	0.139100	38	Cingulum (hippocampus) R	1155	0.360409	0.000823	0.001132	0.000668
sub-50021	SCHZ	41	F	0.139100	39	Cingulum (hippocampus) L	1124	0.474086	0.000984	0.001522	0.000714
sub-50021	SCHZ	41	F	0.139100	40	Fornix (cres) / Stria terminalis (can not be resolved with current resolution) R	1125	0.470687	0.000949	0.001466	0.000691
sub-50021	SCHZ	41	F	0.139100	41	Fornix (cres) / Stria terminalis (can not be resolved with current resolution) L	6607	0.456070	0.000725	0.001104	0.000535
sub-50021	SCHZ	41	F	0.139100	42	Superior longitudinal fasciculus R	6605	0.459662	0.000718	0.001107	0.000524
sub-50021	SCHZ	41	F	0.139100	43	Superior longitudinal fasciculus L	507	0.460877	0.000715	0.001108	0.000518
sub-50021	SCHZ	41	F	0.139100	44	Superior fronto-occipital fasciculus (could be a part of anterior internal capsule) R	507	0.445084	0.000689	0.001045	0.000511
sub-50021	SCHZ	41	F	0.139100	45	Superior fronto-occipital fasciculus (could be a part of anterior internal capsule) L	1961	0.432214	0.000758	0.001154	0.000561
sub-50021	SCHZ	41	F	0.139100	46	Inferior fronto-occipital fasciculus R	1937	0.425305	0.000757	0.001144	0.000564
sub-50021	SCHZ	41	F	0.139100	47	Inferior fronto-occipital fasciculus L	380	0.441844	0.000748	0.001153	0.000546
sub-50021	SCHZ	41	F	0.139100	48	Uncinate fasciculus R	376	0.425876	0.000762	0.001160	0.000563
sub-50021	SCHZ	41	F	0.139100	49	Uncinate fasciculus L	596	0.389958	0.001511	0.002074	0.001229
sub-50021	SCHZ	41	F	0.139100	50	Tapetum R	600	0.341101	0.001741	0.002309	0.001457
sub-50023	SCHZ	49	F	0.201700	1	Unclassified	15630	0.459477	0.000868	0.001263	0.000671
sub-50023	SCHZ	49	F	0.201700	2	Middle cerebellar peduncle	1500	0.430807	0.000687	0.001027	0.000518
sub-50023	SCHZ	49	F	0.201700	3	Pontine crossing tract (a part of MCP)	8801	0.542263	0.001106	0.001758	0.000780
sub-50023	SCHZ	49	F	0.201700	4	Genu of corpus callosum	13619	0.606228	0.000915	0.001605	0.000570
sub-50023	SCHZ	49	F	0.201700	5	Body of corpus callosum	12183	0.715438	0.000711	0.001404	0.000365
sub-50023	SCHZ	49	F	0.201700	6	Splenium of corpus callosum	659	0.233017	0.001992	0.002442	0.001767
sub-50023	SCHZ	49	F	0.201700	7	Fornix (column and body of fornix)	1362	0.478034	0.000825	0.001203	0.000636
sub-50023	SCHZ	49	F	0.201700	8	Corticospinal tract R	1370	0.488990	0.000823	0.001217	0.000626
sub-50023	SCHZ	49	F	0.201700	9	Corticospinal tract L	690	0.518952	0.000731	0.001202	0.000495
sub-50023	SCHZ	49	F	0.201700	10	Medial lemniscus R	699	0.530214	0.000754	0.001257	0.000502
sub-50023	SCHZ	49	F	0.201700	11	Medial lemniscus L	961	0.449522	0.000738	0.001120	0.000547
sub-50023	SCHZ	49	F	0.201700	12	Inferior cerebellar peduncle R	968	0.432184	0.000860	0.001251	0.000665
sub-50023	SCHZ	49	F	0.201700	13	Inferior cerebellar peduncle L	992	0.554963	0.001007	0.001642	0.000689
sub-50023	SCHZ	49	F	0.201700	14	Superior cerebellar peduncle R	992	0.520669	0.001119	0.001729	0.000814
sub-50023	SCHZ	49	F	0.201700	15	Superior cerebellar peduncle L	2271	0.648086	0.000674	0.001262	0.000381
sub-50023	SCHZ	49	F	0.201700	16	Cerebral peduncle R	2278	0.622215	0.000760	0.001373	0.000453
sub-50023	SCHZ	49	F	0.201700	17	Cerebral peduncle L	3138	0.529102	0.000655	0.001097	0.000434
sub-50023	SCHZ	49	F	0.201700	18	Anterior limb of internal capsule R	3018	0.517264	0.000656	0.001079	0.000444
sub-50023	SCHZ	49	F	0.201700	19	Anterior limb of internal capsule L	3754	0.604425	0.000673	0.001215	0.000402
sub-50023	SCHZ	49	F	0.201700	20	Posterior limb of internal capsule R	3752	0.603587	0.000673	0.001214	0.000402
sub-50023	SCHZ	49	F	0.201700	21	Posterior limb of internal capsule L	2515	0.560220	0.000742	0.001251	0.000488
sub-50023	SCHZ	49	F	0.201700	22	Retrolenticular part of internal capsule R	2469	0.564598	0.000760	0.001298	0.000491
sub-50023	SCHZ	49	F	0.201700	23	Retrolenticular part of internal capsule L	6849	0.404921	0.000762	0.001113	0.000586
sub-50023	SCHZ	49	F	0.201700	24	Anterior corona radiata R	6852	0.391713	0.000759	0.001090	0.000594
sub-50023	SCHZ	49	F	0.201700	25	Anterior corona radiata L	7500	0.464384	0.000694	0.001061	0.000511
sub-50023	SCHZ	49	F	0.201700	26	Superior corona radiata R	7508	0.470123	0.000717	0.001102	0.000525
sub-50023	SCHZ	49	F	0.201700	27	Superior corona radiata L	3728	0.483410	0.000757	0.001177	0.000547
sub-50023	SCHZ	49	F	0.201700	28	Posterior corona radiata R	3714	0.441044	0.000789	0.001176	0.000596
sub-50023	SCHZ	49	F	0.201700	29	Posterior corona radiata L	3958	0.549217	0.000732	0.001229	0.000483
sub-50023	SCHZ	49	F	0.201700	30	Posterior thalamic radiation (include optic radiation) R	3978	0.506799	0.000887	0.001399	0.000631
sub-50023	SCHZ	49	F	0.201700	31	Posterior thalamic radiation (include optic radiation) L	2228	0.507557	0.000819	0.001316	0.000571
sub-50023	SCHZ	49	F	0.201700	32	Sagittal stratum (include inferior longitidinal fasciculus and inferior fronto-occipital fasciculus) R	2231	0.466366	0.000902	0.001380	0.000663
sub-50023	SCHZ	49	F	0.201700	33	Sagittal stratum (include inferior longitidinal fasciculus and inferior fronto-occipital fasciculus) L	3650	0.375326	0.000686	0.000978	0.000540
sub-50023	SCHZ	49	F	0.201700	34	External capsule R	3650	0.398071	0.000679	0.000992	0.000522
sub-50023	SCHZ	49	F	0.201700	35	External capsule L	2342	0.434199	0.000732	0.001099	0.000548
sub-50023	SCHZ	49	F	0.201700	36	Cingulum (cingulate gyrus) R	2751	0.480075	0.000734	0.001163	0.000520
sub-50023	SCHZ	49	F	0.201700	37	Cingulum (cingulate gyrus) L	1236	0.413363	0.000751	0.001091	0.000581
sub-50023	SCHZ	49	F	0.201700	38	Cingulum (hippocampus) R	1155	0.426612	0.000770	0.001117	0.000597
sub-50023	SCHZ	49	F	0.201700	39	Cingulum (hippocampus) L	1124	0.461344	0.000944	0.001438	0.000697
sub-50023	SCHZ	49	F	0.201700	40	Fornix (cres) / Stria terminalis (can not be resolved with current resolution) R	1125	0.501981	0.000868	0.001374	0.000615
sub-50023	SCHZ	49	F	0.201700	41	Fornix (cres) / Stria terminalis (can not be resolved with current resolution) L	6607	0.457123	0.000688	0.001044	0.000511
sub-50023	SCHZ	49	F	0.201700	42	Superior longitudinal fasciculus R	6605	0.440979	0.000708	0.001060	0.000533
sub-50023	SCHZ	49	F	0.201700	43	Superior longitudinal fasciculus L	507	0.448800	0.000645	0.000985	0.000475
sub-50023	SCHZ	49	F	0.201700	44	Superior fronto-occipital fasciculus (could be a part of anterior internal capsule) R	507	0.434901	0.000675	0.000996	0.000515
sub-50023	SCHZ	49	F	0.201700	45	Superior fronto-occipital fasciculus (could be a part of anterior internal capsule) L	1961	0.416512	0.000726	0.001089	0.000544
sub-50023	SCHZ	49	F	0.201700	46	Inferior fronto-occipital fasciculus R	1937	0.440768	0.000712	0.001088	0.000523
sub-50023	SCHZ	49	F	0.201700	47	Inferior fronto-occipital fasciculus L	380	0.424131	0.000695	0.001033	0.000526
sub-50023	SCHZ	49	F	0.201700	48	Uncinate fasciculus R	376	0.381317	0.000717	0.001030	0.000561
sub-50023	SCHZ	49	F	0.201700	49	Uncinate fasciculus L	596	0.407738	0.001535	0.002125	0.001239
sub-50023	SCHZ	49	F	0.201700	50	Tapetum R	600	0.314227	0.001942	0.002477	0.001675
sub-50025	SCHZ	48	M	0.225000	1	Unclassified	15402	0.453460	0.000891	0.001289	0.000692
sub-50025	SCHZ	48	M	0.225000	2	Middle cerebellar peduncle	1500	0.409204	0.000764	0.001117	0.000587
sub-50025	SCHZ	48	M	0.225000	3	Pontine crossing tract (a part of MCP)	8843	0.543147	0.001182	0.001900	0.000823
sub-50025	SCHZ	48	M	0.225000	4	Genu of corpus callosum	13693	0.603511	0.000958	0.001690	0.000592
sub-50025	SCHZ	48	M	0.225000	5	Body of corpus callosum	11945	0.717445	0.000783	0.001557	0.000396
sub-50025	SCHZ	48	M	0.225000	6	Splenium of corpus callosum	659	0.370686	0.001733	0.002362	0.001419
sub-50025	SCHZ	48	M	0.225000	7	Fornix (column and body of fornix)	1318	0.476032	0.000817	0.001204	0.000623
sub-50025	SCHZ	48	M	0.225000	8	Corticospinal tract R	1318	0.482557	0.000791	0.001172	0.000600
sub-50025	SCHZ	48	M	0.225000	9	Corticospinal tract L	690	0.509423	0.000770	0.001241	0.000535
sub-50025	SCHZ	48	M	0.225000	10	Medial lemniscus R	699	0.481401	0.000861	0.001360	0.000611
sub-50025	SCHZ	48	M	0.225000	11	Medial lemniscus L	797	0.456838	0.000714	0.001127	0.000508
sub-50025	SCHZ	48	M	0.225000	12	Inferior cerebellar peduncle R	791	0.428567	0.000797	0.001203	0.000594
sub-50025	SCHZ	48	M	0.225000	13	Inferior cerebellar peduncle L	992	0.560845	0.000944	0.001573	0.000629
sub-50025	SCHZ	48	M	0.225000	14	Superior cerebellar peduncle R	992	0.504501	0.001093	0.001688	0.000795
sub-50025	SCHZ	48	M	0.225000	15	Superior cerebellar peduncle L	2277	0.611868	0.000743	0.001323	0.000453
sub-50025	SCHZ	48	M	0.225000	16	Cerebral peduncle R	2269	0.608043	0.000750	0.001328	0.000461
sub-50025	SCHZ	48	M	0.225000	17	Cerebral peduncle L	3137	0.528218	0.000694	0.001153	0.000465
sub-50025	SCHZ	48	M	0.225000	18	Anterior limb of internal capsule R	3018	0.528736	0.000682	0.001130	0.000458
sub-50025	SCHZ	48	M	0.225000	19	Anterior limb of internal capsule L	3754	0.585603	0.000685	0.001209	0.000423
sub-50025	SCHZ	48	M	0.225000	20	Posterior limb of internal capsule R	3752	0.579025	0.000695	0.001218	0.000433
sub-50025	SCHZ	48	M	0.225000	21	Posterior limb of internal capsule L	2515	0.562668	0.000785	0.001320	0.000518
sub-50025	SCHZ	48	M	0.225000	22	Retrolenticular part of internal capsule R	2469	0.564111	0.000809	0.001367	0.000530
sub-50025	SCHZ	48	M	0.225000	23	Retrolenticular part of internal capsule L	6849	0.442485	0.000721	0.001096	0.000534
sub-50025	SCHZ	48	M	0.225000	24	Anterior corona radiata R	6852	0.452345	0.000726	0.001112	0.000532
sub-50025	SCHZ	48	M	0.225000	25	Anterior corona radiata L	7500	0.438262	0.000707	0.001055	0.000532
sub-50025	SCHZ	48	M	0.225000	26	Superior corona radiata R	7508	0.450503	0.000713	0.001076	0.000532
sub-50025	SCHZ	48	M	0.225000	27	Superior corona radiata L	3728	0.424138	0.000829	0.001222	0.000633
sub-50025	SCHZ	48	M	0.225000	28	Posterior corona radiata R	3714	0.423725	0.000832	0.001226	0.000636
sub-50025	SCHZ	48	M	0.225000	29	Posterior corona radiata L	3967	0.528432	0.000798	0.001324	0.000535
sub-50025	SCHZ	48	M	0.225000	30	Posterior thalamic radiation (include optic radiation) R	3973	0.511091	0.000857	0.001367	0.000602
sub-50025	SCHZ	48	M	0.225000	31	Posterior thalamic radiation (include optic radiation) L	2228	0.497398	0.000858	0.001346	0.000614
sub-50025	SCHZ	48	M	0.225000	32	Sagittal stratum (include inferior longitidinal fasciculus and inferior fronto-occipital fasciculus) R	2231	0.483398	0.000909	0.001403	0.000662
sub-50025	SCHZ	48	M	0.225000	33	Sagittal stratum (include inferior longitidinal fasciculus and inferior fronto-occipital fasciculus) L	3650	0.356204	0.000725	0.001011	0.000581
sub-50025	SCHZ	48	M	0.225000	34	External capsule R	3650	0.375633	0.000736	0.001052	0.000577
sub-50025	SCHZ	48	M	0.225000	35	External capsule L	2342	0.445161	0.000767	0.001168	0.000566
sub-50025	SCHZ	48	M	0.225000	36	Cingulum (cingulate gyrus) R	2751	0.493926	0.000767	0.001232	0.000534
sub-50025	SCHZ	48	M	0.225000	37	Cingulum (cingulate gyrus) L	1236	0.376600	0.000824	0.001157	0.000657
sub-50025	SCHZ	48	M	0.225000	38	Cingulum (hippocampus) R	1155	0.383635	0.000866	0.001189	0.000704
sub-50025	SCHZ	48	M	0.225000	39	Cingulum (hippocampus) L	1124	0.452605	0.001064	0.001588	0.000802
sub-50025	SCHZ	48	M	0.225000	40	Fornix (cres) / Stria terminalis (can not be resolved with current resolution) R	1125	0.506980	0.000943	0.001468	0.000680
sub-50025	SCHZ	48	M	0.225000	41	Fornix (cres) / Stria terminalis (can not be resolved with current resolution) L	6607	0.445748	0.000744	0.001123	0.000555
sub-50025	SCHZ	48	M	0.225000	42	Superior longitudinal fasciculus R	6605	0.437949	0.000749	0.001128	0.000560
sub-50025	SCHZ	48	M	0.225000	43	Superior longitudinal fasciculus L	507	0.443002	0.000676	0.001026	0.000501
sub-50025	SCHZ	48	M	0.225000	44	Superior fronto-occipital fasciculus (could be a part of anterior internal capsule) R	507	0.389143	0.000704	0.001011	0.000551
sub-50025	SCHZ	48	M	0.225000	45	Superior fronto-occipital fasciculus (could be a part of anterior internal capsule) L	1961	0.416635	0.000759	0.001128	0.000575
sub-50025	SCHZ	48	M	0.225000	46	Inferior fronto-occipital fasciculus R	1937	0.422543	0.000754	0.001134	0.000565
sub-50025	SCHZ	48	M	0.225000	47	Inferior fronto-occipital fasciculus L	380	0.433965	0.000745	0.001132	0.000552
sub-50025	SCHZ	48	M	0.225000	48	Uncinate fasciculus R	376	0.424877	0.000716	0.001080	0.000534
sub-50025	SCHZ	48	M	0.225000	49	Uncinate fasciculus L	596	0.347943	0.001560	0.002077	0.001302
sub-50025	SCHZ	48	M	0.225000	50	Tapetum R	600	0.328452	0.001946	0.002500	0.001668
sub-50027	SCHZ	30	F	0.181700	1	Unclassified	15627	0.462785	0.000866	0.001279	0.000659
sub-50027	SCHZ	30	F	0.181700	2	Middle cerebellar peduncle	1500	0.375066	0.000869	0.001194	0.000706
sub-50027	SCHZ	30	F	0.181700	3	Pontine crossing tract (a part of MCP)	8845	0.570257	0.000914	0.001528	0.000606
sub-50027	SCHZ	30	F	0.181700	4	Genu of corpus callosum	13709	0.639838	0.000830	0.001537	0.000476
sub-50027	SCHZ	30	F	0.181700	5	Body of corpus callosum	12505	0.721174	0.000696	0.001393	0.000347
sub-50027	SCHZ	30	F	0.181700	6	Splenium of corpus callosum	659	0.401968	0.001439	0.002063	0.001126
sub-50027	SCHZ	30	F	0.181700	7	Fornix (column and body of fornix)	1361	0.457541	0.001025	0.001455	0.000810
sub-50027	SCHZ	30	F	0.181700	8	Corticospinal tract R	1370	0.402295	0.001062	0.001437	0.000875
sub-50027	SCHZ	30	F	0.181700	9	Corticospinal tract L	690	0.550490	0.000807	0.001369	0.000526
sub-50027	SCHZ	30	F	0.181700	10	Medial lemniscus R	699	0.541196	0.000777	0.001308	0.000512
sub-50027	SCHZ	30	F	0.181700	11	Medial lemniscus L	968	0.475164	0.000845	0.001310	0.000613
sub-50027	SCHZ	30	F	0.181700	12	Inferior cerebellar peduncle R	968	0.457317	0.000793	0.001229	0.000574
sub-50027	SCHZ	30	F	0.181700	13	Inferior cerebellar peduncle L	992	0.519242	0.000950	0.001539	0.000656
sub-50027	SCHZ	30	F	0.181700	14	Superior cerebellar peduncle R	992	0.493948	0.001091	0.001673	0.000800
sub-50027	SCHZ	30	F	0.181700	15	Superior cerebellar peduncle L	2270	0.634329	0.000753	0.001380	0.000440
sub-50027	SCHZ	30	F	0.181700	16	Cerebral peduncle R	2276	0.624060	0.000731	0.001334	0.000429
sub-50027	SCHZ	30	F	0.181700	17	Cerebral peduncle L	3138	0.531219	0.000695	0.001161	0.000462
sub-50027	SCHZ	30	F	0.181700	18	Anterior limb of internal capsule R	3018	0.521576	0.000694	0.001143	0.000470
sub-50027	SCHZ	30	F	0.181700	19	Anterior limb of internal capsule L	3754	0.612336	0.000688	0.001248	0.000408
sub-50027	SCHZ	30	F	0.181700	20	Posterior limb of internal capsule R	3752	0.612103	0.000691	0.001247	0.000413
sub-50027	SCHZ	30	F	0.181700	21	Posterior limb of internal capsule L	2515	0.538785	0.000750	0.001227	0.000512
sub-50027	SCHZ	30	F	0.181700	22	Retrolenticular part of internal capsule R	2469	0.568000	0.000732	0.001252	0.000472
sub-50027	SCHZ	30	F	0.181700	23	Retrolenticular part of internal capsule L	6849	0.426086	0.000699	0.001039	0.000530
sub-50027	SCHZ	30	F	0.181700	24	Anterior corona radiata R	6852	0.446611	0.000699	0.001050	0.000524
sub-50027	SCHZ	30	F	0.181700	25	Anterior corona radiata L	7500	0.475314	0.000684	0.001051	0.000501
sub-50027	SCHZ	30	F	0.181700	26	Superior corona radiata R	7508	0.485497	0.000698	0.001082	0.000507
sub-50027	SCHZ	30	F	0.181700	27	Superior corona radiata L	3728	0.491219	0.000740	0.001148	0.000536
sub-50027	SCHZ	30	F	0.181700	28	Posterior corona radiata R	3714	0.480880	0.000737	0.001139	0.000535
sub-50027	SCHZ	30	F	0.181700	29	Posterior corona radiata L	3972	0.529648	0.000752	0.001256	0.000500
sub-50027	SCHZ	30	F	0.181700	30	Posterior thalamic radiation (include optic radiation) R	3978	0.518259	0.000777	0.001285	0.000523
sub-50027	SCHZ	30	F	0.181700	31	Posterior thalamic radiation (include optic radiation) L	2228	0.503053	0.000788	0.001256	0.000553
sub-50027	SCHZ	30	F	0.181700	32	Sagittal stratum (include inferior longitidinal fasciculus and inferior fronto-occipital fasciculus) R	2231	0.471760	0.000794	0.001227	0.000578
sub-50027	SCHZ	30	F	0.181700	33	Sagittal stratum (include inferior longitidinal fasciculus and inferior fronto-occipital fasciculus) L	3650	0.362024	0.000716	0.001016	0.000565
sub-50027	SCHZ	30	F	0.181700	34	External capsule R	3650	0.380144	0.000717	0.001034	0.000558
sub-50027	SCHZ	30	F	0.181700	35	External capsule L	2342	0.478967	0.000725	0.001145	0.000516
sub-50027	SCHZ	30	F	0.181700	36	Cingulum (cingulate gyrus) R	2751	0.525780	0.000700	0.001167	0.000466
sub-50027	SCHZ	30	F	0.181700	37	Cingulum (cingulate gyrus) L	1236	0.408512	0.000762	0.001104	0.000592
sub-50027	SCHZ	30	F	0.181700	38	Cingulum (hippocampus) R	1155	0.371718	0.000775	0.001070	0.000627
sub-50027	SCHZ	30	F	0.181700	39	Cingulum (hippocampus) L	1124	0.486220	0.000874	0.001375	0.000624
sub-50027	SCHZ	30	F	0.181700	40	Fornix (cres) / Stria terminalis (can not be resolved with current resolution) R	1125	0.507945	0.000859	0.001369	0.000603
sub-50027	SCHZ	30	F	0.181700	41	Fornix (cres) / Stria terminalis (can not be resolved with current resolution) L	6607	0.455024	0.000709	0.001076	0.000526
sub-50027	SCHZ	30	F	0.181700	42	Superior longitudinal fasciculus R	6605	0.464580	0.000704	0.001083	0.000515
sub-50027	SCHZ	30	F	0.181700	43	Superior longitudinal fasciculus L	507	0.454506	0.000673	0.001036	0.000491
sub-50027	SCHZ	30	F	0.181700	44	Superior fronto-occipital fasciculus (could be a part of anterior internal capsule) R	507	0.418221	0.000673	0.000988	0.000515
sub-50027	SCHZ	30	F	0.181700	45	Superior fronto-occipital fasciculus (could be a part of anterior internal capsule) L	1961	0.429303	0.000760	0.001148	0.000566
sub-50027	SCHZ	30	F	0.181700	46	Inferior fronto-occipital fasciculus R	1937	0.439273	0.000752	0.001148	0.000554
sub-50027	SCHZ	30	F	0.181700	47	Inferior fronto-occipital fasciculus L	380	0.434979	0.000752	0.001138	0.000559
sub-50027	SCHZ	30	F	0.181700	48	Uncinate fasciculus R	376	0.410745	0.000761	0.001130	0.000577
sub-50027	SCHZ	30	F	0.181700	49	Uncinate fasciculus L	596	0.491171	0.001313	0.001946	0.000996
sub-50027	SCHZ	30	F	0.181700	50	Tapetum R	600	0.391526	0.001617	0.002174	0.001338
sub-50032	SCHZ	28	M	0.585400	1	Unclassified	15491	0.484076	0.000791	0.001187	0.000593
sub-50032	SCHZ	28	M	0.585400	2	Middle cerebellar peduncle	1500	0.423431	0.000698	0.001011	0.000541
sub-50032	SCHZ	28	M	0.585400	3	Pontine crossing tract (a part of MCP)	8834	0.559724	0.001022	0.001655	0.000705
sub-50032	SCHZ	28	M	0.585400	4	Genu of corpus callosum	13670	0.636977	0.000849	0.001548	0.000499
sub-50032	SCHZ	28	M	0.585400	5	Body of corpus callosum	12033	0.743425	0.000654	0.001341	0.000311
sub-50032	SCHZ	28	M	0.585400	6	Splenium of corpus callosum	659	0.385210	0.001311	0.001858	0.001037
sub-50032	SCHZ	28	M	0.585400	7	Fornix (column and body of fornix)	1362	0.412706	0.000917	0.001239	0.000755
sub-50032	SCHZ	28	M	0.585400	8	Corticospinal tract R	1370	0.437995	0.000898	0.001256	0.000720
sub-50032	SCHZ	28	M	0.585400	9	Corticospinal tract L	690	0.467173	0.000747	0.001157	0.000541
sub-50032	SCHZ	28	M	0.585400	10	Medial lemniscus R	699	0.483636	0.000762	0.001200	0.000543
sub-50032	SCHZ	28	M	0.585400	11	Medial lemniscus L	968	0.401309	0.000840	0.001190	0.000665
sub-50032	SCHZ	28	M	0.585400	12	Inferior cerebellar peduncle R	965	0.405468	0.000894	0.001261	0.000710
sub-50032	SCHZ	28	M	0.585400	13	Inferior cerebellar peduncle L	992	0.551473	0.000984	0.001609	0.000672
sub-50032	SCHZ	28	M	0.585400	14	Superior cerebellar peduncle R	992	0.538206	0.001071	0.001709	0.000752
sub-50032	SCHZ	28	M	0.585400	15	Superior cerebellar peduncle L	2273	0.618926	0.000735	0.001311	0.000447
sub-50032	SCHZ	28	M	0.585400	16	Cerebral peduncle R	2274	0.627464	0.000708	0.001295	0.000414
sub-50032	SCHZ	28	M	0.585400	17	Cerebral peduncle L	3138	0.544734	0.000714	0.001198	0.000473
sub-50032	SCHZ	28	M	0.585400	18	Anterior limb of internal capsule R	3018	0.519084	0.000710	0.001159	0.000486
sub-50032	SCHZ	28	M	0.585400	19	Anterior limb of internal capsule L	3754	0.582673	0.000688	0.001201	0.000432
sub-50032	SCHZ	28	M	0.585400	20	Posterior limb of internal capsule R	3752	0.589202	0.000681	0.001202	0.000420
sub-50032	SCHZ	28	M	0.585400	21	Posterior limb of internal capsule L	2515	0.520860	0.000722	0.001165	0.000500
sub-50032	SCHZ	28	M	0.585400	22	Retrolenticular part of internal capsule R	2469	0.557440	0.000773	0.001314	0.000502
sub-50032	SCHZ	28	M	0.585400	23	Retrolenticular part of internal capsule L	6849	0.445444	0.000714	0.001082	0.000530
sub-50032	SCHZ	28	M	0.585400	24	Anterior corona radiata R	6852	0.448862	0.000714	0.001084	0.000528
sub-50032	SCHZ	28	M	0.585400	25	Anterior corona radiata L	7500	0.461638	0.000702	0.001064	0.000521
sub-50032	SCHZ	28	M	0.585400	26	Superior corona radiata R	7508	0.454695	0.000724	0.001091	0.000540
sub-50032	SCHZ	28	M	0.585400	27	Superior corona radiata L	3728	0.469027	0.000706	0.001072	0.000523
sub-50032	SCHZ	28	M	0.585400	28	Posterior corona radiata R	3714	0.453541	0.000725	0.001100	0.000538
sub-50032	SCHZ	28	M	0.585400	29	Posterior corona radiata L	3971	0.581533	0.000730	0.001263	0.000463
sub-50032	SCHZ	28	M	0.585400	30	Posterior thalamic radiation (include optic radiation) R	3976	0.560971	0.000779	0.001314	0.000511
sub-50032	SCHZ	28	M	0.585400	31	Posterior thalamic radiation (include optic radiation) L	2228	0.538250	0.000760	0.001246	0.000517
sub-50032	SCHZ	28	M	0.585400	32	Sagittal stratum (include inferior longitidinal fasciculus and inferior fronto-occipital fasciculus) R	2231	0.471756	0.000851	0.001304	0.000624
sub-50032	SCHZ	28	M	0.585400	33	Sagittal stratum (include inferior longitidinal fasciculus and inferior fronto-occipital fasciculus) L	3650	0.331764	0.000724	0.000995	0.000589
sub-50032	SCHZ	28	M	0.585400	34	External capsule R	3650	0.328962	0.000738	0.001014	0.000601
sub-50032	SCHZ	28	M	0.585400	35	External capsule L	2342	0.460530	0.000696	0.001072	0.000507
sub-50032	SCHZ	28	M	0.585400	36	Cingulum (cingulate gyrus) R	2751	0.492768	0.000742	0.001187	0.000520
sub-50032	SCHZ	28	M	0.585400	37	Cingulum (cingulate gyrus) L	1236	0.362825	0.000736	0.000997	0.000605
sub-50032	SCHZ	28	M	0.585400	38	Cingulum (hippocampus) R	1155	0.365731	0.000823	0.001132	0.000669
sub-50032	SCHZ	28	M	0.585400	39	Cingulum (hippocampus) L	1124	0.468109	0.000887	0.001356	0.000652
sub-50032	SCHZ	28	M	0.585400	40	Fornix (cres) / Stria terminalis (can not be resolved with current resolution) R	1125	0.516771	0.000847	0.001357	0.000592
sub-50032	SCHZ	28	M	0.585400	41	Fornix (cres) / Stria terminalis (can not be resolved with current resolution) L	6607	0.435329	0.000694	0.001026	0.000528
sub-50032	SCHZ	28	M	0.585400	42	Superior longitudinal fasciculus R	6605	0.454418	0.000687	0.001045	0.000508
sub-50032	SCHZ	28	M	0.585400	43	Superior longitudinal fasciculus L	507	0.476502	0.000681	0.001040	0.000501
sub-50032	SCHZ	28	M	0.585400	44	Superior fronto-occipital fasciculus (could be a part of anterior internal capsule) R	507	0.441642	0.000707	0.001048	0.000536
sub-50032	SCHZ	28	M	0.585400	45	Superior fronto-occipital fasciculus (could be a part of anterior internal capsule) L	1961	0.416350	0.000742	0.001105	0.000561
sub-50032	SCHZ	28	M	0.585400	46	Inferior fronto-occipital fasciculus R	1937	0.425388	0.000755	0.001137	0.000563
sub-50032	SCHZ	28	M	0.585400	47	Inferior fronto-occipital fasciculus L	380	0.383564	0.000704	0.001018	0.000547
sub-50032	SCHZ	28	M	0.585400	48	Uncinate fasciculus R	376	0.390751	0.000721	0.001048	0.000558
sub-50032	SCHZ	28	M	0.585400	49	Uncinate fasciculus L	596	0.424810	0.001229	0.001714	0.000986
sub-50032	SCHZ	28	M	0.585400	50	Tapetum R	600	0.338874	0.001665	0.002163	0.001417
sub-50033	SCHZ	43	M	0.170700	1	Unclassified	15625	0.465419	0.000845	0.001243	0.000645
sub-50033	SCHZ	43	M	0.170700	2	Middle cerebellar peduncle	1500	0.416242	0.000690	0.001015	0.000528
sub-50033	SCHZ	43	M	0.170700	3	Pontine crossing tract (a part of MCP)	8851	0.565549	0.001125	0.001833	0.000770
sub-50033	SCHZ	43	M	0.170700	4	Genu of corpus callosum	13710	0.643432	0.000888	0.001632	0.000516
sub-50033	SCHZ	43	M	0.170700	5	Body of corpus callosum	12496	0.718586	0.000743	0.001493	0.000368
sub-50033	SCHZ	43	M	0.170700	6	Splenium of corpus callosum	659	0.413607	0.001536	0.002191	0.001208
sub-50033	SCHZ	43	M	0.170700	7	Fornix (column and body of fornix)	1362	0.484787	0.000883	0.001302	0.000674
sub-50033	SCHZ	43	M	0.170700	8	Corticospinal tract R	1364	0.495920	0.000896	0.001335	0.000676
sub-50033	SCHZ	43	M	0.170700	9	Corticospinal tract L	690	0.581762	0.000727	0.001276	0.000453
sub-50033	SCHZ	43	M	0.170700	10	Medial lemniscus R	699	0.574997	0.000732	0.001282	0.000457
sub-50033	SCHZ	43	M	0.170700	11	Medial lemniscus L	968	0.458722	0.000866	0.001289	0.000655
sub-50033	SCHZ	43	M	0.170700	12	Inferior cerebellar peduncle R	968	0.458335	0.000873	0.001314	0.000652
sub-50033	SCHZ	43	M	0.170700	13	Inferior cerebellar peduncle L	992	0.545606	0.000969	0.001561	0.000673
sub-50033	SCHZ	43	M	0.170700	14	Superior cerebellar peduncle R	992	0.523733	0.001098	0.001714	0.000790
sub-50033	SCHZ	43	M	0.170700	15	Superior cerebellar peduncle L	2278	0.618444	0.000788	0.001418	0.000473
sub-50033	SCHZ	43	M	0.170700	16	Cerebral peduncle R	2272	0.629378	0.000757	0.001372	0.000449
sub-50033	SCHZ	43	M	0.170700	17	Cerebral peduncle L	3138	0.548047	0.000700	0.001185	0.000457
sub-50033	SCHZ	43	M	0.170700	18	Anterior limb of internal capsule R	3018	0.541659	0.000703	0.001177	0.000467
sub-50033	SCHZ	43	M	0.170700	19	Anterior limb of internal capsule L	3754	0.596934	0.000663	0.001181	0.000404
sub-50033	SCHZ	43	M	0.170700	20	Posterior limb of internal capsule R	3752	0.590456	0.000667	0.001178	0.000412
sub-50033	SCHZ	43	M	0.170700	21	Posterior limb of internal capsule L	2515	0.556198	0.000728	0.001218	0.000482
sub-50033	SCHZ	43	M	0.170700	22	Retrolenticular part of internal capsule R	2469	0.575956	0.000727	0.001257	0.000462
sub-50033	SCHZ	43	M	0.170700	23	Retrolenticular part of internal capsule L	6849	0.457790	0.000741	0.001138	0.000542
sub-50033	SCHZ	43	M	0.170700	24	Anterior corona radiata R	6852	0.463089	0.000748	0.001153	0.000546
sub-50033	SCHZ	43	M	0.170700	25	Anterior corona radiata L	7500	0.454204	0.000700	0.001057	0.000521
sub-50033	SCHZ	43	M	0.170700	26	Superior corona radiata R	7508	0.468585	0.000707	0.001090	0.000516
sub-50033	SCHZ	43	M	0.170700	27	Superior corona radiata L	3728	0.461597	0.000735	0.001115	0.000545
sub-50033	SCHZ	43	M	0.170700	28	Posterior corona radiata R	3714	0.468714	0.000753	0.001158	0.000550
sub-50033	SCHZ	43	M	0.170700	29	Posterior corona radiata L	3972	0.558547	0.000772	0.001322	0.000497
sub-50033	SCHZ	43	M	0.170700	30	Posterior thalamic radiation (include optic radiation) R	3978	0.543570	0.000825	0.001381	0.000546
sub-50033	SCHZ	43	M	0.170700	31	Posterior thalamic radiation (include optic radiation) L	2228	0.507675	0.000833	0.001328	0.000586
sub-50033	SCHZ	43	M	0.170700	32	Sagittal stratum (include inferior longitidinal fasciculus and inferior fronto-occipital fasciculus) R	2231	0.461155	0.000909	0.001372	0.000677
sub-50033	SCHZ	43	M	0.170700	33	Sagittal stratum (include inferior longitidinal fasciculus and inferior fronto-occipital fasciculus) L	3650	0.359199	0.000721	0.001021	0.000571
sub-50033	SCHZ	43	M	0.170700	34	External capsule R	3650	0.385293	0.000709	0.001030	0.000549
sub-50033	SCHZ	43	M	0.170700	35	External capsule L	2342	0.475275	0.000721	0.001141	0.000511
sub-50033	SCHZ	43	M	0.170700	36	Cingulum (cingulate gyrus) R	2751	0.530383	0.000731	0.001233	0.000479
sub-50033	SCHZ	43	M	0.170700	37	Cingulum (cingulate gyrus) L	1235	0.370555	0.000853	0.001185	0.000686
sub-50033	SCHZ	43	M	0.170700	38	Cingulum (hippocampus) R	1155	0.344605	0.000896	0.001178	0.000754
sub-50033	SCHZ	43	M	0.170700	39	Cingulum (hippocampus) L	1124	0.498919	0.000947	0.001478	0.000682
sub-50033	SCHZ	43	M	0.170700	40	Fornix (cres) / Stria terminalis (can not be resolved with current resolution) R	1125	0.506251	0.000865	0.001360	0.000617
sub-50033	SCHZ	43	M	0.170700	41	Fornix (cres) / Stria terminalis (can not be resolved with current resolution) L	6607	0.446521	0.000700	0.001061	0.000520
sub-50033	SCHZ	43	M	0.170700	42	Superior longitudinal fasciculus R	6605	0.427702	0.000723	0.001075	0.000548
sub-50033	SCHZ	43	M	0.170700	43	Superior longitudinal fasciculus L	507	0.483439	0.000671	0.001050	0.000482
sub-50033	SCHZ	43	M	0.170700	44	Superior fronto-occipital fasciculus (could be a part of anterior internal capsule) R	507	0.475467	0.000698	0.001081	0.000506
sub-50033	SCHZ	43	M	0.170700	45	Superior fronto-occipital fasciculus (could be a part of anterior internal capsule) L	1961	0.439995	0.000754	0.001147	0.000558
sub-50033	SCHZ	43	M	0.170700	46	Inferior fronto-occipital fasciculus R	1937	0.433921	0.000769	0.001166	0.000570
sub-50033	SCHZ	43	M	0.170700	47	Inferior fronto-occipital fasciculus L	380	0.442376	0.000709	0.001097	0.000516
sub-50033	SCHZ	43	M	0.170700	48	Uncinate fasciculus R	376	0.443163	0.000706	0.001085	0.000517
sub-50033	SCHZ	43	M	0.170700	49	Uncinate fasciculus L	596	0.448042	0.001227	0.001808	0.000937
sub-50033	SCHZ	43	M	0.170700	50	Tapetum R	600	0.337140	0.001619	0.002144	0.001356
sub-50034	SCHZ	43	M	0.160700	1	Unclassified	15582	0.471202	0.000783	0.001181	0.000583
sub-50034	SCHZ	43	M	0.160700	2	Middle cerebellar peduncle	1500	0.438637	0.000702	0.001062	0.000522
sub-50034	SCHZ	43	M	0.160700	3	Pontine crossing tract (a part of MCP)	8843	0.557513	0.001084	0.001780	0.000736
sub-50034	SCHZ	43	M	0.160700	4	Genu of corpus callosum	13693	0.618475	0.000883	0.001584	0.000532
sub-50034	SCHZ	43	M	0.160700	5	Body of corpus callosum	12348	0.712202	0.000743	0.001483	0.000373
sub-50034	SCHZ	43	M	0.160700	6	Splenium of corpus callosum	659	0.403582	0.001510	0.002170	0.001180
sub-50034	SCHZ	43	M	0.160700	7	Fornix (column and body of fornix)	1285	0.481936	0.000774	0.001179	0.000572
sub-50034	SCHZ	43	M	0.160700	8	Corticospinal tract R	1284	0.490556	0.000793	0.001214	0.000582
sub-50034	SCHZ	43	M	0.160700	9	Corticospinal tract L	690	0.542292	0.000769	0.001298	0.000505
sub-50034	SCHZ	43	M	0.160700	10	Medial lemniscus R	699	0.541421	0.000771	0.001298	0.000508
sub-50034	SCHZ	43	M	0.160700	11	Medial lemniscus L	722	0.477092	0.000713	0.001143	0.000497
sub-50034	SCHZ	43	M	0.160700	12	Inferior cerebellar peduncle R	727	0.449013	0.000729	0.001137	0.000524
sub-50034	SCHZ	43	M	0.160700	13	Inferior cerebellar peduncle L	992	0.578287	0.000932	0.001576	0.000610
sub-50034	SCHZ	43	M	0.160700	14	Superior cerebellar peduncle R	992	0.539127	0.001075	0.001734	0.000746
sub-50034	SCHZ	43	M	0.160700	15	Superior cerebellar peduncle L	2248	0.637232	0.000780	0.001432	0.000454
sub-50034	SCHZ	43	M	0.160700	16	Cerebral peduncle R	2265	0.663114	0.000751	0.001418	0.000418
sub-50034	SCHZ	43	M	0.160700	17	Cerebral peduncle L	3138	0.548009	0.000665	0.001131	0.000432
sub-50034	SCHZ	43	M	0.160700	18	Anterior limb of internal capsule R	3018	0.543691	0.000680	0.001147	0.000446
sub-50034	SCHZ	43	M	0.160700	19	Anterior limb of internal capsule L	3754	0.595287	0.000675	0.001200	0.000412
sub-50034	SCHZ	43	M	0.160700	20	Posterior limb of internal capsule R	3752	0.606651	0.000670	0.001210	0.000400
sub-50034	SCHZ	43	M	0.160700	21	Posterior limb of internal capsule L	2515	0.561986	0.000740	0.001261	0.000479
sub-50034	SCHZ	43	M	0.160700	22	Retrolenticular part of internal capsule R	2469	0.537985	0.000750	0.001250	0.000501
sub-50034	SCHZ	43	M	0.160700	23	Retrolenticular part of internal capsule L	6849	0.418324	0.000758	0.001131	0.000571
sub-50034	SCHZ	43	M	0.160700	24	Anterior corona radiata R	6852	0.413590	0.000750	0.001109	0.000571
sub-50034	SCHZ	43	M	0.160700	25	Anterior corona radiata L	7500	0.447992	0.000699	0.001063	0.000516
sub-50034	SCHZ	43	M	0.160700	26	Superior corona radiata R	7508	0.445825	0.000703	0.001065	0.000522
sub-50034	SCHZ	43	M	0.160700	27	Superior corona radiata L	3728	0.410718	0.000783	0.001144	0.000602
sub-50034	SCHZ	43	M	0.160700	28	Posterior corona radiata R	3714	0.400830	0.000817	0.001186	0.000632
sub-50034	SCHZ	43	M	0.160700	29	Posterior corona radiata L	3972	0.506317	0.000786	0.001275	0.000542
sub-50034	SCHZ	43	M	0.160700	30	Posterior thalamic radiation (include optic radiation) R	3978	0.490314	0.000852	0.001358	0.000599
sub-50034	SCHZ	43	M	0.160700	31	Posterior thalamic radiation (include optic radiation) L	2228	0.487553	0.000831	0.001304	0.000595
sub-50034	SCHZ	43	M	0.160700	32	Sagittal stratum (include inferior longitidinal fasciculus and inferior fronto-occipital fasciculus) R	2231	0.452707	0.000915	0.001384	0.000681
sub-50034	SCHZ	43	M	0.160700	33	Sagittal stratum (include inferior longitidinal fasciculus and inferior fronto-occipital fasciculus) L	3650	0.374089	0.000703	0.001010	0.000550
sub-50034	SCHZ	43	M	0.160700	34	External capsule R	3650	0.392618	0.000711	0.001039	0.000546
sub-50034	SCHZ	43	M	0.160700	35	External capsule L	2342	0.497034	0.000715	0.001161	0.000492
sub-50034	SCHZ	43	M	0.160700	36	Cingulum (cingulate gyrus) R	2751	0.526638	0.000718	0.001205	0.000475
sub-50034	SCHZ	43	M	0.160700	37	Cingulum (cingulate gyrus) L	1236	0.378765	0.000778	0.001108	0.000613
sub-50034	SCHZ	43	M	0.160700	38	Cingulum (hippocampus) R	1155	0.399031	0.000779	0.001121	0.000608
sub-50034	SCHZ	43	M	0.160700	39	Cingulum (hippocampus) L	1124	0.475336	0.000936	0.001455	0.000676
sub-50034	SCHZ	43	M	0.160700	40	Fornix (cres) / Stria terminalis (can not be resolved with current resolution) R	1125	0.490920	0.000826	0.001312	0.000583
sub-50034	SCHZ	43	M	0.160700	41	Fornix (cres) / Stria terminalis (can not be resolved with current resolution) L	6607	0.443139	0.000707	0.001070	0.000526
sub-50034	SCHZ	43	M	0.160700	42	Superior longitudinal fasciculus R	6605	0.421667	0.000726	0.001075	0.000551
sub-50034	SCHZ	43	M	0.160700	43	Superior longitudinal fasciculus L	507	0.457172	0.000646	0.000997	0.000471
sub-50034	SCHZ	43	M	0.160700	44	Superior fronto-occipital fasciculus (could be a part of anterior internal capsule) R	507	0.420880	0.000678	0.001004	0.000515
sub-50034	SCHZ	43	M	0.160700	45	Superior fronto-occipital fasciculus (could be a part of anterior internal capsule) L	1961	0.438423	0.000753	0.001155	0.000551
sub-50034	SCHZ	43	M	0.160700	46	Inferior fronto-occipital fasciculus R	1937	0.443287	0.000760	0.001169	0.000555
sub-50034	SCHZ	43	M	0.160700	47	Inferior fronto-occipital fasciculus L	380	0.497969	0.000690	0.001127	0.000472
sub-50034	SCHZ	43	M	0.160700	48	Uncinate fasciculus R	376	0.463224	0.000718	0.001127	0.000514
sub-50034	SCHZ	43	M	0.160700	49	Uncinate fasciculus L	596	0.390238	0.001245	0.001715	0.001010
sub-50034	SCHZ	43	M	0.160700	50	Tapetum R	600	0.307899	0.001942	0.002429	0.001698
sub-50035	SCHZ	29	F	0.178700	1	Unclassified	15592	0.483820	0.000815	0.001232	0.000607
sub-50035	SCHZ	29	F	0.178700	2	Middle cerebellar peduncle	1500	0.419630	0.000666	0.000981	0.000508
sub-50035	SCHZ	29	F	0.178700	3	Pontine crossing tract (a part of MCP)	8851	0.571338	0.000947	0.001629	0.000606
sub-50035	SCHZ	29	F	0.178700	4	Genu of corpus callosum	13702	0.662831	0.000823	0.001554	0.000457
sub-50035	SCHZ	29	F	0.178700	5	Body of corpus callosum	12675	0.730386	0.000733	0.001490	0.000355
sub-50035	SCHZ	29	F	0.178700	6	Splenium of corpus callosum	659	0.520696	0.001161	0.001865	0.000809
sub-50035	SCHZ	29	F	0.178700	7	Fornix (column and body of fornix)	1362	0.497541	0.000805	0.001220	0.000597
sub-50035	SCHZ	29	F	0.178700	8	Corticospinal tract R	1370	0.473023	0.000839	0.001238	0.000640
sub-50035	SCHZ	29	F	0.178700	9	Corticospinal tract L	690	0.559509	0.000755	0.001291	0.000488
sub-50035	SCHZ	29	F	0.178700	10	Medial lemniscus R	699	0.557494	0.000760	0.001298	0.000490
sub-50035	SCHZ	29	F	0.178700	11	Medial lemniscus L	968	0.449155	0.000880	0.001294	0.000673
sub-50035	SCHZ	29	F	0.178700	12	Inferior cerebellar peduncle R	968	0.442409	0.000866	0.001297	0.000651
sub-50035	SCHZ	29	F	0.178700	13	Inferior cerebellar peduncle L	992	0.548852	0.000992	0.001615	0.000680
sub-50035	SCHZ	29	F	0.178700	14	Superior cerebellar peduncle R	992	0.524667	0.001093	0.001722	0.000779
sub-50035	SCHZ	29	F	0.178700	15	Superior cerebellar peduncle L	2278	0.654497	0.000772	0.001459	0.000428
sub-50035	SCHZ	29	F	0.178700	16	Cerebral peduncle R	2278	0.622746	0.000806	0.001465	0.000477
sub-50035	SCHZ	29	F	0.178700	17	Cerebral peduncle L	3138	0.564147	0.000664	0.001155	0.000418
sub-50035	SCHZ	29	F	0.178700	18	Anterior limb of internal capsule R	3018	0.559051	0.000660	0.001140	0.000421
sub-50035	SCHZ	29	F	0.178700	19	Anterior limb of internal capsule L	3754	0.626159	0.000665	0.001225	0.000386
sub-50035	SCHZ	29	F	0.178700	20	Posterior limb of internal capsule R	3752	0.630356	0.000659	0.001217	0.000380
sub-50035	SCHZ	29	F	0.178700	21	Posterior limb of internal capsule L	2515	0.595001	0.000708	0.001247	0.000438
sub-50035	SCHZ	29	F	0.178700	22	Retrolenticular part of internal capsule R	2469	0.622528	0.000710	0.001287	0.000422
sub-50035	SCHZ	29	F	0.178700	23	Retrolenticular part of internal capsule L	6849	0.435420	0.000699	0.001058	0.000520
sub-50035	SCHZ	29	F	0.178700	24	Anterior corona radiata R	6852	0.445939	0.000700	0.001069	0.000516
sub-50035	SCHZ	29	F	0.178700	25	Anterior corona radiata L	7500	0.487018	0.000657	0.001037	0.000467
sub-50035	SCHZ	29	F	0.178700	26	Superior corona radiata R	7508	0.495692	0.000661	0.001054	0.000465
sub-50035	SCHZ	29	F	0.178700	27	Superior corona radiata L	3728	0.479937	0.000734	0.001143	0.000529
sub-50035	SCHZ	29	F	0.178700	28	Posterior corona radiata R	3714	0.468513	0.000746	0.001150	0.000544
sub-50035	SCHZ	29	F	0.178700	29	Posterior corona radiata L	3972	0.624662	0.000757	0.001354	0.000458
sub-50035	SCHZ	29	F	0.178700	30	Posterior thalamic radiation (include optic radiation) R	3978	0.584304	0.000869	0.001469	0.000569
sub-50035	SCHZ	29	F	0.178700	31	Posterior thalamic radiation (include optic radiation) L	2228	0.542830	0.000823	0.001360	0.000554
sub-50035	SCHZ	29	F	0.178700	32	Sagittal stratum (include inferior longitidinal fasciculus and inferior fronto-occipital fasciculus) R	2231	0.511110	0.000860	0.001364	0.000608
sub-50035	SCHZ	29	F	0.178700	33	Sagittal stratum (include inferior longitidinal fasciculus and inferior fronto-occipital fasciculus) L	3650	0.383027	0.000682	0.000979	0.000534
sub-50035	SCHZ	29	F	0.178700	34	External capsule R	3650	0.385617	0.000688	0.000987	0.000539
sub-50035	SCHZ	29	F	0.178700	35	External capsule L	2342	0.500047	0.000722	0.001176	0.000494
sub-50035	SCHZ	29	F	0.178700	36	Cingulum (cingulate gyrus) R	2751	0.550873	0.000685	0.001187	0.000433
sub-50035	SCHZ	29	F	0.178700	37	Cingulum (cingulate gyrus) L	1236	0.421832	0.000719	0.001067	0.000545
sub-50035	SCHZ	29	F	0.178700	38	Cingulum (hippocampus) R	1155	0.399231	0.000728	0.001043	0.000571
sub-50035	SCHZ	29	F	0.178700	39	Cingulum (hippocampus) L	1124	0.495970	0.000930	0.001463	0.000663
sub-50035	SCHZ	29	F	0.178700	40	Fornix (cres) / Stria terminalis (can not be resolved with current resolution) R	1125	0.506626	0.000863	0.001379	0.000604
sub-50035	SCHZ	29	F	0.178700	41	Fornix (cres) / Stria terminalis (can not be resolved with current resolution) L	6607	0.505774	0.000687	0.001118	0.000471
sub-50035	SCHZ	29	F	0.178700	42	Superior longitudinal fasciculus R	6605	0.495094	0.000674	0.001083	0.000469
sub-50035	SCHZ	29	F	0.178700	43	Superior longitudinal fasciculus L	507	0.502015	0.000632	0.001023	0.000436
sub-50035	SCHZ	29	F	0.178700	44	Superior fronto-occipital fasciculus (could be a part of anterior internal capsule) R	507	0.471004	0.000649	0.001013	0.000467
sub-50035	SCHZ	29	F	0.178700	45	Superior fronto-occipital fasciculus (could be a part of anterior internal capsule) L	1961	0.430387	0.000748	0.001132	0.000556
sub-50035	SCHZ	29	F	0.178700	46	Inferior fronto-occipital fasciculus R	1937	0.450040	0.000728	0.001123	0.000531
sub-50035	SCHZ	29	F	0.178700	47	Inferior fronto-occipital fasciculus L	380	0.456330	0.000689	0.001066	0.000500
sub-50035	SCHZ	29	F	0.178700	48	Uncinate fasciculus R	376	0.445072	0.000728	0.001110	0.000537
sub-50035	SCHZ	29	F	0.178700	49	Uncinate fasciculus L	596	0.397610	0.001478	0.002023	0.001206
sub-50035	SCHZ	29	F	0.178700	50	Tapetum R	600	0.334387	0.001762	0.002298	0.001494
sub-50036	SCHZ	32	M	0.150000	1	Unclassified	15612	0.471589	0.000793	0.001193	0.000593
sub-50036	SCHZ	32	M	0.150000	2	Middle cerebellar peduncle	1499	0.448319	0.000675	0.001023	0.000501
sub-50036	SCHZ	32	M	0.150000	3	Pontine crossing tract (a part of MCP)	8845	0.547944	0.001159	0.001849	0.000814
sub-50036	SCHZ	32	M	0.150000	4	Genu of corpus callosum	13694	0.616814	0.000923	0.001643	0.000563
sub-50036	SCHZ	32	M	0.150000	5	Body of corpus callosum	12314	0.729112	0.000757	0.001544	0.000364
sub-50036	SCHZ	32	M	0.150000	6	Splenium of corpus callosum	659	0.363932	0.001597	0.002230	0.001280
sub-50036	SCHZ	32	M	0.150000	7	Fornix (column and body of fornix)	1347	0.445400	0.000917	0.001301	0.000724
sub-50036	SCHZ	32	M	0.150000	8	Corticospinal tract R	1367	0.507316	0.000812	0.001215	0.000610
sub-50036	SCHZ	32	M	0.150000	9	Corticospinal tract L	690	0.574167	0.000686	0.001193	0.000433
sub-50036	SCHZ	32	M	0.150000	10	Medial lemniscus R	699	0.557254	0.000722	0.001244	0.000461
sub-50036	SCHZ	32	M	0.150000	11	Medial lemniscus L	963	0.395567	0.000865	0.001219	0.000688
sub-50036	SCHZ	32	M	0.150000	12	Inferior cerebellar peduncle R	951	0.423425	0.000769	0.001144	0.000581
sub-50036	SCHZ	32	M	0.150000	13	Inferior cerebellar peduncle L	992	0.530172	0.001072	0.001737	0.000740
sub-50036	SCHZ	32	M	0.150000	14	Superior cerebellar peduncle R	992	0.512324	0.001151	0.001801	0.000825
sub-50036	SCHZ	32	M	0.150000	15	Superior cerebellar peduncle L	2260	0.626808	0.000774	0.001409	0.000457
sub-50036	SCHZ	32	M	0.150000	16	Cerebral peduncle R	2273	0.644003	0.000743	0.001379	0.000425
sub-50036	SCHZ	32	M	0.150000	17	Cerebral peduncle L	3138	0.542956	0.000658	0.001117	0.000428
sub-50036	SCHZ	32	M	0.150000	18	Anterior limb of internal capsule R	3018	0.532958	0.000661	0.001107	0.000438
sub-50036	SCHZ	32	M	0.150000	19	Anterior limb of internal capsule L	3754	0.600676	0.000666	0.001198	0.000401
sub-50036	SCHZ	32	M	0.150000	20	Posterior limb of internal capsule R	3752	0.608870	0.000667	0.001209	0.000396
sub-50036	SCHZ	32	M	0.150000	21	Posterior limb of internal capsule L	2514	0.556872	0.000750	0.001265	0.000493
sub-50036	SCHZ	32	M	0.150000	22	Retrolenticular part of internal capsule R	2469	0.574687	0.000728	0.001256	0.000464
sub-50036	SCHZ	32	M	0.150000	23	Retrolenticular part of internal capsule L	6849	0.413242	0.000785	0.001155	0.000600
sub-50036	SCHZ	32	M	0.150000	24	Anterior corona radiata R	6852	0.419648	0.000776	0.001154	0.000587
sub-50036	SCHZ	32	M	0.150000	25	Anterior corona radiata L	7500	0.459853	0.000693	0.001067	0.000506
sub-50036	SCHZ	32	M	0.150000	26	Superior corona radiata R	7508	0.467307	0.000690	0.001067	0.000501
sub-50036	SCHZ	32	M	0.150000	27	Superior corona radiata L	3728	0.452437	0.000794	0.001206	0.000588
sub-50036	SCHZ	32	M	0.150000	28	Posterior corona radiata R	3714	0.440634	0.000814	0.001221	0.000611
sub-50036	SCHZ	32	M	0.150000	29	Posterior corona radiata L	3970	0.545203	0.000795	0.001327	0.000529
sub-50036	SCHZ	32	M	0.150000	30	Posterior thalamic radiation (include optic radiation) R	3978	0.533584	0.000850	0.001394	0.000578
sub-50036	SCHZ	32	M	0.150000	31	Posterior thalamic radiation (include optic radiation) L	2228	0.501501	0.000829	0.001311	0.000587
sub-50036	SCHZ	32	M	0.150000	32	Sagittal stratum (include inferior longitidinal fasciculus and inferior fronto-occipital fasciculus) R	2231	0.466185	0.000950	0.001420	0.000714
sub-50036	SCHZ	32	M	0.150000	33	Sagittal stratum (include inferior longitidinal fasciculus and inferior fronto-occipital fasciculus) L	3650	0.382576	0.000691	0.000987	0.000542
sub-50036	SCHZ	32	M	0.150000	34	External capsule R	3650	0.399072	0.000705	0.001028	0.000544
sub-50036	SCHZ	32	M	0.150000	35	External capsule L	2342	0.471439	0.000713	0.001134	0.000503
sub-50036	SCHZ	32	M	0.150000	36	Cingulum (cingulate gyrus) R	2751	0.534003	0.000707	0.001195	0.000463
sub-50036	SCHZ	32	M	0.150000	37	Cingulum (cingulate gyrus) L	1236	0.355161	0.000780	0.001069	0.000636
sub-50036	SCHZ	32	M	0.150000	38	Cingulum (hippocampus) R	1155	0.347738	0.000797	0.001092	0.000650
sub-50036	SCHZ	32	M	0.150000	39	Cingulum (hippocampus) L	1124	0.476762	0.000902	0.001393	0.000656
sub-50036	SCHZ	32	M	0.150000	40	Fornix (cres) / Stria terminalis (can not be resolved with current resolution) R	1125	0.495493	0.000882	0.001395	0.000626
sub-50036	SCHZ	32	M	0.150000	41	Fornix (cres) / Stria terminalis (can not be resolved with current resolution) L	6607	0.476928	0.000703	0.001108	0.000500
sub-50036	SCHZ	32	M	0.150000	42	Superior longitudinal fasciculus R	6605	0.474244	0.000709	0.001114	0.000507
sub-50036	SCHZ	32	M	0.150000	43	Superior longitudinal fasciculus L	507	0.483566	0.000659	0.001044	0.000467
sub-50036	SCHZ	32	M	0.150000	44	Superior fronto-occipital fasciculus (could be a part of anterior internal capsule) R	507	0.483337	0.000669	0.001063	0.000472
sub-50036	SCHZ	32	M	0.150000	45	Superior fronto-occipital fasciculus (could be a part of anterior internal capsule) L	1961	0.435142	0.000768	0.001170	0.000567
sub-50036	SCHZ	32	M	0.150000	46	Inferior fronto-occipital fasciculus R	1937	0.446025	0.000780	0.001195	0.000572
sub-50036	SCHZ	32	M	0.150000	47	Inferior fronto-occipital fasciculus L	380	0.403658	0.000759	0.001127	0.000574
sub-50036	SCHZ	32	M	0.150000	48	Uncinate fasciculus R	376	0.406606	0.000787	0.001166	0.000598
sub-50036	SCHZ	32	M	0.150000	49	Uncinate fasciculus L	596	0.390464	0.001482	0.001996	0.001225
sub-50036	SCHZ	32	M	0.150000	50	Tapetum R	600	0.344664	0.001801	0.002288	0.001558
sub-50038	SCHZ	26	F	0.371400	1	Unclassified	15614	0.484580	0.000817	0.001230	0.000610
sub-50038	SCHZ	26	F	0.371400	2	Middle cerebellar peduncle	1500	0.337909	0.001018	0.001360	0.000847
sub-50038	SCHZ	26	F	0.371400	3	Pontine crossing tract (a part of MCP)	8842	0.592822	0.000948	0.001645	0.000599
sub-50038	SCHZ	26	F	0.371400	4	Genu of corpus callosum	13709	0.663706	0.000834	0.001577	0.000462
sub-50038	SCHZ	26	F	0.371400	5	Body of corpus callosum	12685	0.730907	0.000735	0.001504	0.000350
sub-50038	SCHZ	26	F	0.371400	6	Splenium of corpus callosum	659	0.456829	0.001318	0.001990	0.000982
sub-50038	SCHZ	26	F	0.371400	7	Fornix (column and body of fornix)	1256	0.486147	0.000779	0.001180	0.000578
sub-50038	SCHZ	26	F	0.371400	8	Corticospinal tract R	1221	0.509106	0.000809	0.001251	0.000588
sub-50038	SCHZ	26	F	0.371400	9	Corticospinal tract L	690	0.509758	0.000843	0.001348	0.000590
sub-50038	SCHZ	26	F	0.371400	10	Medial lemniscus R	699	0.495659	0.000891	0.001428	0.000622
sub-50038	SCHZ	26	F	0.371400	11	Medial lemniscus L	761	0.482702	0.000693	0.001108	0.000486
sub-50038	SCHZ	26	F	0.371400	12	Inferior cerebellar peduncle R	738	0.470930	0.000704	0.001126	0.000493
sub-50038	SCHZ	26	F	0.371400	13	Inferior cerebellar peduncle L	992	0.539764	0.000927	0.001494	0.000644
sub-50038	SCHZ	26	F	0.371400	14	Superior cerebellar peduncle R	992	0.505255	0.001048	0.001600	0.000771
sub-50038	SCHZ	26	F	0.371400	15	Superior cerebellar peduncle L	2258	0.667535	0.000684	0.001307	0.000372
sub-50038	SCHZ	26	F	0.371400	16	Cerebral peduncle R	2276	0.660423	0.000681	0.001299	0.000372
sub-50038	SCHZ	26	F	0.371400	17	Cerebral peduncle L	3137	0.545734	0.000664	0.001137	0.000427
sub-50038	SCHZ	26	F	0.371400	18	Anterior limb of internal capsule R	3018	0.561055	0.000648	0.001117	0.000413
sub-50038	SCHZ	26	F	0.371400	19	Anterior limb of internal capsule L	3754	0.633686	0.000649	0.001202	0.000372
sub-50038	SCHZ	26	F	0.371400	20	Posterior limb of internal capsule R	3752	0.631237	0.000657	0.001217	0.000376
sub-50038	SCHZ	26	F	0.371400	21	Posterior limb of internal capsule L	2515	0.584333	0.000730	0.001262	0.000463
sub-50038	SCHZ	26	F	0.371400	22	Retrolenticular part of internal capsule R	2469	0.583593	0.000752	0.001311	0.000472
sub-50038	SCHZ	26	F	0.371400	23	Retrolenticular part of internal capsule L	6849	0.425173	0.000767	0.001149	0.000576
sub-50038	SCHZ	26	F	0.371400	24	Anterior corona radiata R	6852	0.436770	0.000741	0.001118	0.000552
sub-50038	SCHZ	26	F	0.371400	25	Anterior corona radiata L	7500	0.484413	0.000673	0.001064	0.000477
sub-50038	SCHZ	26	F	0.371400	26	Superior corona radiata R	7508	0.477079	0.000686	0.001072	0.000493
sub-50038	SCHZ	26	F	0.371400	27	Superior corona radiata L	3728	0.486800	0.000739	0.001143	0.000537
sub-50038	SCHZ	26	F	0.371400	28	Posterior corona radiata R	3714	0.477584	0.000755	0.001169	0.000548
sub-50038	SCHZ	26	F	0.371400	29	Posterior corona radiata L	3972	0.611183	0.000757	0.001370	0.000451
sub-50038	SCHZ	26	F	0.371400	30	Posterior thalamic radiation (include optic radiation) R	3978	0.542618	0.000787	0.001325	0.000519
sub-50038	SCHZ	26	F	0.371400	31	Posterior thalamic radiation (include optic radiation) L	2228	0.531629	0.000829	0.001359	0.000564
sub-50038	SCHZ	26	F	0.371400	32	Sagittal stratum (include inferior longitidinal fasciculus and inferior fronto-occipital fasciculus) R	2231	0.490668	0.000845	0.001331	0.000602
sub-50038	SCHZ	26	F	0.371400	33	Sagittal stratum (include inferior longitidinal fasciculus and inferior fronto-occipital fasciculus) L	3650	0.375305	0.000681	0.000975	0.000533
sub-50038	SCHZ	26	F	0.371400	34	External capsule R	3650	0.396251	0.000681	0.000993	0.000525
sub-50038	SCHZ	26	F	0.371400	35	External capsule L	2342	0.531792	0.000687	0.001163	0.000448
sub-50038	SCHZ	26	F	0.371400	36	Cingulum (cingulate gyrus) R	2751	0.576027	0.000702	0.001246	0.000430
sub-50038	SCHZ	26	F	0.371400	37	Cingulum (cingulate gyrus) L	1236	0.410971	0.000724	0.001061	0.000555
sub-50038	SCHZ	26	F	0.371400	38	Cingulum (hippocampus) R	1155	0.404930	0.000785	0.001126	0.000615
sub-50038	SCHZ	26	F	0.371400	39	Cingulum (hippocampus) L	1124	0.479419	0.000913	0.001416	0.000661
sub-50038	SCHZ	26	F	0.371400	40	Fornix (cres) / Stria terminalis (can not be resolved with current resolution) R	1125	0.488835	0.000836	0.001329	0.000590
sub-50038	SCHZ	26	F	0.371400	41	Fornix (cres) / Stria terminalis (can not be resolved with current resolution) L	6607	0.457324	0.000684	0.001037	0.000508
sub-50038	SCHZ	26	F	0.371400	42	Superior longitudinal fasciculus R	6605	0.447642	0.000694	0.001052	0.000515
sub-50038	SCHZ	26	F	0.371400	43	Superior longitudinal fasciculus L	507	0.496930	0.000675	0.001102	0.000462
sub-50038	SCHZ	26	F	0.371400	44	Superior fronto-occipital fasciculus (could be a part of anterior internal capsule) R	507	0.496725	0.000653	0.001055	0.000451
sub-50038	SCHZ	26	F	0.371400	45	Superior fronto-occipital fasciculus (could be a part of anterior internal capsule) L	1961	0.421575	0.000723	0.001088	0.000541
sub-50038	SCHZ	26	F	0.371400	46	Inferior fronto-occipital fasciculus R	1937	0.407028	0.000725	0.001071	0.000552
sub-50038	SCHZ	26	F	0.371400	47	Inferior fronto-occipital fasciculus L	380	0.442840	0.000721	0.001103	0.000530
sub-50038	SCHZ	26	F	0.371400	48	Uncinate fasciculus R	376	0.461910	0.000712	0.001105	0.000516
sub-50038	SCHZ	26	F	0.371400	49	Uncinate fasciculus L	596	0.434651	0.001205	0.001751	0.000932
sub-50038	SCHZ	26	F	0.371400	50	Tapetum R	600	0.348994	0.001475	0.001967	0.001229
sub-50043	SCHZ	40	M	0.316300	1	Unclassified	15535	0.479362	0.000786	0.001181	0.000589
sub-50043	SCHZ	40	M	0.316300	2	Middle cerebellar peduncle	1500	0.406966	0.000669	0.000971	0.000518
sub-50043	SCHZ	40	M	0.316300	3	Pontine crossing tract (a part of MCP)	8851	0.568959	0.000994	0.001644	0.000670
sub-50043	SCHZ	40	M	0.316300	4	Genu of corpus callosum	13673	0.661240	0.000823	0.001528	0.000470
sub-50043	SCHZ	40	M	0.316300	5	Body of corpus callosum	12324	0.727780	0.000741	0.001502	0.000361
sub-50043	SCHZ	40	M	0.316300	6	Splenium of corpus callosum	659	0.445129	0.001533	0.002253	0.001173
sub-50043	SCHZ	40	M	0.316300	7	Fornix (column and body of fornix)	1252	0.514748	0.000713	0.001137	0.000501
sub-50043	SCHZ	40	M	0.316300	8	Corticospinal tract R	1260	0.499663	0.000764	0.001184	0.000555
sub-50043	SCHZ	40	M	0.316300	9	Corticospinal tract L	690	0.540609	0.000745	0.001256	0.000490
sub-50043	SCHZ	40	M	0.316300	10	Medial lemniscus R	699	0.551752	0.000752	0.001283	0.000487
sub-50043	SCHZ	40	M	0.316300	11	Medial lemniscus L	710	0.484937	0.000680	0.001109	0.000465
sub-50043	SCHZ	40	M	0.316300	12	Inferior cerebellar peduncle R	707	0.504383	0.000669	0.001109	0.000449
sub-50043	SCHZ	40	M	0.316300	13	Inferior cerebellar peduncle L	992	0.550370	0.000928	0.001533	0.000626
sub-50043	SCHZ	40	M	0.316300	14	Superior cerebellar peduncle R	992	0.528333	0.001055	0.001670	0.000748
sub-50043	SCHZ	40	M	0.316300	15	Superior cerebellar peduncle L	2259	0.648149	0.000683	0.001260	0.000395
sub-50043	SCHZ	40	M	0.316300	16	Cerebral peduncle R	2253	0.635135	0.000704	0.001276	0.000418
sub-50043	SCHZ	40	M	0.316300	17	Cerebral peduncle L	3138	0.529639	0.000646	0.001087	0.000425
sub-50043	SCHZ	40	M	0.316300	18	Anterior limb of internal capsule R	3018	0.530887	0.000641	0.001068	0.000427
sub-50043	SCHZ	40	M	0.316300	19	Anterior limb of internal capsule L	3754	0.623627	0.000642	0.001179	0.000374
sub-50043	SCHZ	40	M	0.316300	20	Posterior limb of internal capsule R	3752	0.611393	0.000656	0.001192	0.000389
sub-50043	SCHZ	40	M	0.316300	21	Posterior limb of internal capsule L	2515	0.553579	0.000712	0.001195	0.000470
sub-50043	SCHZ	40	M	0.316300	22	Retrolenticular part of internal capsule R	2469	0.567747	0.000717	0.001231	0.000461
sub-50043	SCHZ	40	M	0.316300	23	Retrolenticular part of internal capsule L	6849	0.405879	0.000733	0.001075	0.000562
sub-50043	SCHZ	40	M	0.316300	24	Anterior corona radiata R	6852	0.443022	0.000737	0.001121	0.000545
sub-50043	SCHZ	40	M	0.316300	25	Anterior corona radiata L	7500	0.491310	0.000675	0.001060	0.000482
sub-50043	SCHZ	40	M	0.316300	26	Superior corona radiata R	7508	0.492481	0.000675	0.001048	0.000489
sub-50043	SCHZ	40	M	0.316300	27	Superior corona radiata L	3728	0.499885	0.000745	0.001181	0.000528
sub-50043	SCHZ	40	M	0.316300	28	Posterior corona radiata R	3714	0.462589	0.000765	0.001168	0.000564
sub-50043	SCHZ	40	M	0.316300	29	Posterior corona radiata L	3972	0.559431	0.000783	0.001328	0.000510
sub-50043	SCHZ	40	M	0.316300	30	Posterior thalamic radiation (include optic radiation) R	3978	0.504679	0.000852	0.001350	0.000603
sub-50043	SCHZ	40	M	0.316300	31	Posterior thalamic radiation (include optic radiation) L	2228	0.516870	0.000817	0.001316	0.000567
sub-50043	SCHZ	40	M	0.316300	32	Sagittal stratum (include inferior longitidinal fasciculus and inferior fronto-occipital fasciculus) R	2231	0.474840	0.000840	0.001305	0.000607
sub-50043	SCHZ	40	M	0.316300	33	Sagittal stratum (include inferior longitidinal fasciculus and inferior fronto-occipital fasciculus) L	3650	0.385738	0.000694	0.001004	0.000539
sub-50043	SCHZ	40	M	0.316300	34	External capsule R	3650	0.426979	0.000686	0.001032	0.000513
sub-50043	SCHZ	40	M	0.316300	35	External capsule L	2342	0.481921	0.000705	0.001129	0.000493
sub-50043	SCHZ	40	M	0.316300	36	Cingulum (cingulate gyrus) R	2751	0.511776	0.000714	0.001179	0.000481
sub-50043	SCHZ	40	M	0.316300	37	Cingulum (cingulate gyrus) L	1236	0.359558	0.000736	0.001018	0.000595
sub-50043	SCHZ	40	M	0.316300	38	Cingulum (hippocampus) R	1155	0.358064	0.000822	0.001115	0.000675
sub-50043	SCHZ	40	M	0.316300	39	Cingulum (hippocampus) L	1124	0.454732	0.000905	0.001360	0.000677
sub-50043	SCHZ	40	M	0.316300	40	Fornix (cres) / Stria terminalis (can not be resolved with current resolution) R	1125	0.456694	0.000906	0.001364	0.000677
sub-50043	SCHZ	40	M	0.316300	41	Fornix (cres) / Stria terminalis (can not be resolved with current resolution) L	6607	0.474479	0.000683	0.001068	0.000491
sub-50043	SCHZ	40	M	0.316300	42	Superior longitudinal fasciculus R	6605	0.432563	0.000696	0.001044	0.000522
sub-50043	SCHZ	40	M	0.316300	43	Superior longitudinal fasciculus L	507	0.451013	0.000637	0.000983	0.000465
sub-50043	SCHZ	40	M	0.316300	44	Superior fronto-occipital fasciculus (could be a part of anterior internal capsule) R	507	0.437389	0.000642	0.000974	0.000476
sub-50043	SCHZ	40	M	0.316300	45	Superior fronto-occipital fasciculus (could be a part of anterior internal capsule) L	1961	0.431083	0.000767	0.001159	0.000571
sub-50043	SCHZ	40	M	0.316300	46	Inferior fronto-occipital fasciculus R	1937	0.431121	0.000782	0.001186	0.000579
sub-50043	SCHZ	40	M	0.316300	47	Inferior fronto-occipital fasciculus L	380	0.488910	0.000714	0.001151	0.000495
sub-50043	SCHZ	40	M	0.316300	48	Uncinate fasciculus R	376	0.503251	0.000722	0.001174	0.000495
sub-50043	SCHZ	40	M	0.316300	49	Uncinate fasciculus L	596	0.423359	0.001444	0.002034	0.001149
sub-50043	SCHZ	40	M	0.316300	50	Tapetum R	600	0.318633	0.001891	0.002415	0.001629
sub-50047	SCHZ	44	M	0.202200	1	Unclassified	15557	0.444773	0.000824	0.001214	0.000629
sub-50047	SCHZ	44	M	0.202200	2	Middle cerebellar peduncle	1500	0.447575	0.000700	0.001065	0.000518
sub-50047	SCHZ	44	M	0.202200	3	Pontine crossing tract (a part of MCP)	8851	0.512895	0.001144	0.001778	0.000827
sub-50047	SCHZ	44	M	0.202200	4	Genu of corpus callosum	13685	0.586098	0.000887	0.001532	0.000565
sub-50047	SCHZ	44	M	0.202200	5	Body of corpus callosum	12650	0.682888	0.000769	0.001479	0.000413
sub-50047	SCHZ	44	M	0.202200	6	Splenium of corpus callosum	659	0.231058	0.002043	0.002478	0.001826
sub-50047	SCHZ	44	M	0.202200	7	Fornix (column and body of fornix)	1362	0.447404	0.000932	0.001320	0.000738
sub-50047	SCHZ	44	M	0.202200	8	Corticospinal tract R	1370	0.446643	0.000899	0.001267	0.000715
sub-50047	SCHZ	44	M	0.202200	9	Corticospinal tract L	690	0.513551	0.000720	0.001168	0.000496
sub-50047	SCHZ	44	M	0.202200	10	Medial lemniscus R	699	0.490721	0.000784	0.001244	0.000554
sub-50047	SCHZ	44	M	0.202200	11	Medial lemniscus L	913	0.423191	0.000736	0.001093	0.000557
sub-50047	SCHZ	44	M	0.202200	12	Inferior cerebellar peduncle R	901	0.407443	0.000815	0.001200	0.000623
sub-50047	SCHZ	44	M	0.202200	13	Inferior cerebellar peduncle L	992	0.516895	0.001079	0.001681	0.000778
sub-50047	SCHZ	44	M	0.202200	14	Superior cerebellar peduncle R	992	0.483006	0.001150	0.001722	0.000864
sub-50047	SCHZ	44	M	0.202200	15	Superior cerebellar peduncle L	2275	0.614612	0.000760	0.001364	0.000457
sub-50047	SCHZ	44	M	0.202200	16	Cerebral peduncle R	2278	0.619611	0.000773	0.001405	0.000457
sub-50047	SCHZ	44	M	0.202200	17	Cerebral peduncle L	3138	0.503780	0.000680	0.001108	0.000467
sub-50047	SCHZ	44	M	0.202200	18	Anterior limb of internal capsule R	3018	0.497990	0.000685	0.001111	0.000473
sub-50047	SCHZ	44	M	0.202200	19	Anterior limb of internal capsule L	3754	0.572244	0.000698	0.001214	0.000440
sub-50047	SCHZ	44	M	0.202200	20	Posterior limb of internal capsule R	3752	0.585142	0.000675	0.001190	0.000417
sub-50047	SCHZ	44	M	0.202200	21	Posterior limb of internal capsule L	2515	0.507269	0.000771	0.001233	0.000541
sub-50047	SCHZ	44	M	0.202200	22	Retrolenticular part of internal capsule R	2469	0.545507	0.000751	0.001248	0.000502
sub-50047	SCHZ	44	M	0.202200	23	Retrolenticular part of internal capsule L	6849	0.366808	0.000810	0.001141	0.000644
sub-50047	SCHZ	44	M	0.202200	24	Anterior corona radiata R	6852	0.373735	0.000772	0.001094	0.000611
sub-50047	SCHZ	44	M	0.202200	25	Anterior corona radiata L	7500	0.436826	0.000702	0.001053	0.000526
sub-50047	SCHZ	44	M	0.202200	26	Superior corona radiata R	7508	0.438392	0.000708	0.001059	0.000532
sub-50047	SCHZ	44	M	0.202200	27	Superior corona radiata L	3728	0.446838	0.000804	0.001215	0.000598
sub-50047	SCHZ	44	M	0.202200	28	Posterior corona radiata R	3714	0.435053	0.000803	0.001200	0.000604
sub-50047	SCHZ	44	M	0.202200	29	Posterior corona radiata L	3972	0.540082	0.000773	0.001288	0.000515
sub-50047	SCHZ	44	M	0.202200	30	Posterior thalamic radiation (include optic radiation) R	3978	0.518294	0.000843	0.001366	0.000581
sub-50047	SCHZ	44	M	0.202200	31	Posterior thalamic radiation (include optic radiation) L	2228	0.490607	0.000867	0.001354	0.000624
sub-50047	SCHZ	44	M	0.202200	32	Sagittal stratum (include inferior longitidinal fasciculus and inferior fronto-occipital fasciculus) R	2231	0.442365	0.000931	0.001374	0.000710
sub-50047	SCHZ	44	M	0.202200	33	Sagittal stratum (include inferior longitidinal fasciculus and inferior fronto-occipital fasciculus) L	3650	0.361985	0.000715	0.001007	0.000569
sub-50047	SCHZ	44	M	0.202200	34	External capsule R	3650	0.385098	0.000694	0.001002	0.000540
sub-50047	SCHZ	44	M	0.202200	35	External capsule L	2342	0.469650	0.000713	0.001115	0.000512
sub-50047	SCHZ	44	M	0.202200	36	Cingulum (cingulate gyrus) R	2751	0.497035	0.000727	0.001176	0.000502
sub-50047	SCHZ	44	M	0.202200	37	Cingulum (cingulate gyrus) L	1236	0.369760	0.000796	0.001118	0.000635
sub-50047	SCHZ	44	M	0.202200	38	Cingulum (hippocampus) R	1155	0.354858	0.000836	0.001151	0.000678
sub-50047	SCHZ	44	M	0.202200	39	Cingulum (hippocampus) L	1124	0.427221	0.001035	0.001514	0.000796
sub-50047	SCHZ	44	M	0.202200	40	Fornix (cres) / Stria terminalis (can not be resolved with current resolution) R	1125	0.454748	0.000931	0.001394	0.000699
sub-50047	SCHZ	44	M	0.202200	41	Fornix (cres) / Stria terminalis (can not be resolved with current resolution) L	6607	0.432244	0.000717	0.001063	0.000544
sub-50047	SCHZ	44	M	0.202200	42	Superior longitudinal fasciculus R	6605	0.435563	0.000704	0.001047	0.000532
sub-50047	SCHZ	44	M	0.202200	43	Superior longitudinal fasciculus L	507	0.429652	0.000689	0.001040	0.000514
sub-50047	SCHZ	44	M	0.202200	44	Superior fronto-occipital fasciculus (could be a part of anterior internal capsule) R	507	0.396018	0.000691	0.001013	0.000530
sub-50047	SCHZ	44	M	0.202200	45	Superior fronto-occipital fasciculus (could be a part of anterior internal capsule) L	1961	0.401814	0.000775	0.001144	0.000590
sub-50047	SCHZ	44	M	0.202200	46	Inferior fronto-occipital fasciculus R	1937	0.414254	0.000743	0.001111	0.000559
sub-50047	SCHZ	44	M	0.202200	47	Inferior fronto-occipital fasciculus L	380	0.445018	0.000776	0.001197	0.000565
sub-50047	SCHZ	44	M	0.202200	48	Uncinate fasciculus R	376	0.448440	0.000706	0.001088	0.000515
sub-50047	SCHZ	44	M	0.202200	49	Uncinate fasciculus L	596	0.388182	0.001524	0.002070	0.001252
sub-50047	SCHZ	44	M	0.202200	50	Tapetum R	600	0.290588	0.001850	0.002274	0.001638
sub-50048	SCHZ	43	M	0.156800	1	Unclassified	15636	0.441926	0.000870	0.001251	0.000679
sub-50048	SCHZ	43	M	0.156800	2	Middle cerebellar peduncle	1500	0.456911	0.000651	0.000994	0.000480
sub-50048	SCHZ	43	M	0.156800	3	Pontine crossing tract (a part of MCP)	8851	0.505661	0.001246	0.001882	0.000928
sub-50048	SCHZ	43	M	0.156800	4	Genu of corpus callosum	13707	0.565019	0.000947	0.001585	0.000627
sub-50048	SCHZ	43	M	0.156800	5	Body of corpus callosum	12456	0.681456	0.000810	0.001550	0.000441
sub-50048	SCHZ	43	M	0.156800	6	Splenium of corpus callosum	659	0.311191	0.001812	0.002406	0.001514
sub-50048	SCHZ	43	M	0.156800	7	Fornix (column and body of fornix)	1362	0.438922	0.000916	0.001255	0.000746
sub-50048	SCHZ	43	M	0.156800	8	Corticospinal tract R	1370	0.460125	0.000912	0.001295	0.000721
sub-50048	SCHZ	43	M	0.156800	9	Corticospinal tract L	690	0.566210	0.000651	0.001106	0.000424
sub-50048	SCHZ	43	M	0.156800	10	Medial lemniscus R	699	0.514936	0.000733	0.001190	0.000505
sub-50048	SCHZ	43	M	0.156800	11	Medial lemniscus L	968	0.412025	0.000878	0.001214	0.000710
sub-50048	SCHZ	43	M	0.156800	12	Inferior cerebellar peduncle R	968	0.351769	0.001055	0.001387	0.000888
sub-50048	SCHZ	43	M	0.156800	13	Inferior cerebellar peduncle L	992	0.472617	0.001165	0.001729	0.000883
sub-50048	SCHZ	43	M	0.156800	14	Superior cerebellar peduncle R	992	0.445610	0.001310	0.001877	0.001027
sub-50048	SCHZ	43	M	0.156800	15	Superior cerebellar peduncle L	2278	0.593635	0.000707	0.001235	0.000443
sub-50048	SCHZ	43	M	0.156800	16	Cerebral peduncle R	2276	0.584777	0.000757	0.001316	0.000478
sub-50048	SCHZ	43	M	0.156800	17	Cerebral peduncle L	3138	0.493431	0.000684	0.001102	0.000475
sub-50048	SCHZ	43	M	0.156800	18	Anterior limb of internal capsule R	3018	0.488094	0.000686	0.001104	0.000477
sub-50048	SCHZ	43	M	0.156800	19	Anterior limb of internal capsule L	3754	0.566604	0.000657	0.001137	0.000417
sub-50048	SCHZ	43	M	0.156800	20	Posterior limb of internal capsule R	3752	0.575544	0.000671	0.001176	0.000419
sub-50048	SCHZ	43	M	0.156800	21	Posterior limb of internal capsule L	2515	0.556514	0.000746	0.001253	0.000493
sub-50048	SCHZ	43	M	0.156800	22	Retrolenticular part of internal capsule R	2469	0.554856	0.000784	0.001310	0.000521
sub-50048	SCHZ	43	M	0.156800	23	Retrolenticular part of internal capsule L	6849	0.392089	0.000819	0.001183	0.000638
sub-50048	SCHZ	43	M	0.156800	24	Anterior corona radiata R	6852	0.395512	0.000813	0.001175	0.000632
sub-50048	SCHZ	43	M	0.156800	25	Anterior corona radiata L	7500	0.423867	0.000706	0.001043	0.000537
sub-50048	SCHZ	43	M	0.156800	26	Superior corona radiata R	7508	0.422396	0.000726	0.001074	0.000552
sub-50048	SCHZ	43	M	0.156800	27	Superior corona radiata L	3728	0.421391	0.000794	0.001158	0.000612
sub-50048	SCHZ	43	M	0.156800	28	Posterior corona radiata R	3714	0.393878	0.000815	0.001161	0.000643
sub-50048	SCHZ	43	M	0.156800	29	Posterior corona radiata L	3972	0.525981	0.000850	0.001363	0.000594
sub-50048	SCHZ	43	M	0.156800	30	Posterior thalamic radiation (include optic radiation) R	3978	0.517681	0.000981	0.001535	0.000705
sub-50048	SCHZ	43	M	0.156800	31	Posterior thalamic radiation (include optic radiation) L	2228	0.511976	0.000820	0.001303	0.000579
sub-50048	SCHZ	43	M	0.156800	32	Sagittal stratum (include inferior longitidinal fasciculus and inferior fronto-occipital fasciculus) R	2231	0.490741	0.000934	0.001441	0.000680
sub-50048	SCHZ	43	M	0.156800	33	Sagittal stratum (include inferior longitidinal fasciculus and inferior fronto-occipital fasciculus) L	3650	0.356732	0.000706	0.000984	0.000568
sub-50048	SCHZ	43	M	0.156800	34	External capsule R	3650	0.354935	0.000719	0.001006	0.000576
sub-50048	SCHZ	43	M	0.156800	35	External capsule L	2342	0.445389	0.000771	0.001182	0.000566
sub-50048	SCHZ	43	M	0.156800	36	Cingulum (cingulate gyrus) R	2751	0.484258	0.000752	0.001196	0.000531
sub-50048	SCHZ	43	M	0.156800	37	Cingulum (cingulate gyrus) L	1236	0.416043	0.000762	0.001105	0.000591
sub-50048	SCHZ	43	M	0.156800	38	Cingulum (hippocampus) R	1155	0.375817	0.000852	0.001192	0.000682
sub-50048	SCHZ	43	M	0.156800	39	Cingulum (hippocampus) L	1124	0.456346	0.001028	0.001525	0.000780
sub-50048	SCHZ	43	M	0.156800	40	Fornix (cres) / Stria terminalis (can not be resolved with current resolution) R	1125	0.467687	0.000952	0.001435	0.000710
sub-50048	SCHZ	43	M	0.156800	41	Fornix (cres) / Stria terminalis (can not be resolved with current resolution) L	6607	0.457269	0.000712	0.001089	0.000524
sub-50048	SCHZ	43	M	0.156800	42	Superior longitudinal fasciculus R	6605	0.443756	0.000718	0.001091	0.000532
sub-50048	SCHZ	43	M	0.156800	43	Superior longitudinal fasciculus L	507	0.418892	0.000682	0.001017	0.000515
sub-50048	SCHZ	43	M	0.156800	44	Superior fronto-occipital fasciculus (could be a part of anterior internal capsule) R	507	0.360845	0.000688	0.000966	0.000549
sub-50048	SCHZ	43	M	0.156800	45	Superior fronto-occipital fasciculus (could be a part of anterior internal capsule) L	1961	0.407974	0.000762	0.001134	0.000576
sub-50048	SCHZ	43	M	0.156800	46	Inferior fronto-occipital fasciculus R	1937	0.402569	0.000794	0.001171	0.000605
sub-50048	SCHZ	43	M	0.156800	47	Inferior fronto-occipital fasciculus L	380	0.403122	0.000741	0.001087	0.000567
sub-50048	SCHZ	43	M	0.156800	48	Uncinate fasciculus R	376	0.414149	0.000736	0.001103	0.000553
sub-50048	SCHZ	43	M	0.156800	49	Uncinate fasciculus L	596	0.341671	0.001581	0.002076	0.001334
sub-50048	SCHZ	43	M	0.156800	50	Tapetum R	600	0.265865	0.001906	0.002345	0.001687
sub-50049	SCHZ	37	F	0.260600	1	Unclassified	15238	0.452737	0.000894	0.001342	0.000671
sub-50049	SCHZ	37	F	0.260600	2	Middle cerebellar peduncle	1500	0.433003	0.000771	0.001136	0.000589
sub-50049	SCHZ	37	F	0.260600	3	Pontine crossing tract (a part of MCP)	8850	0.532056	0.001093	0.001730	0.000774
sub-50049	SCHZ	37	F	0.260600	4	Genu of corpus callosum	13705	0.612158	0.000864	0.001542	0.000525
sub-50049	SCHZ	37	F	0.260600	5	Body of corpus callosum	12700	0.689409	0.000785	0.001530	0.000413
sub-50049	SCHZ	37	F	0.260600	6	Splenium of corpus callosum	659	0.385756	0.001452	0.002043	0.001157
sub-50049	SCHZ	37	F	0.260600	7	Fornix (column and body of fornix)	1301	0.408174	0.000882	0.001245	0.000700
sub-50049	SCHZ	37	F	0.260600	8	Corticospinal tract R	1299	0.438389	0.000862	0.001260	0.000662
sub-50049	SCHZ	37	F	0.260600	9	Corticospinal tract L	690	0.511893	0.000783	0.001272	0.000539
sub-50049	SCHZ	37	F	0.260600	10	Medial lemniscus R	699	0.508511	0.000792	0.001290	0.000543
sub-50049	SCHZ	37	F	0.260600	11	Medial lemniscus L	745	0.446228	0.000748	0.001156	0.000543
sub-50049	SCHZ	37	F	0.260600	12	Inferior cerebellar peduncle R	733	0.435947	0.000762	0.001165	0.000560
sub-50049	SCHZ	37	F	0.260600	13	Inferior cerebellar peduncle L	992	0.520401	0.001049	0.001657	0.000746
sub-50049	SCHZ	37	F	0.260600	14	Superior cerebellar peduncle R	992	0.490434	0.001175	0.001788	0.000869
sub-50049	SCHZ	37	F	0.260600	15	Superior cerebellar peduncle L	2277	0.630760	0.000697	0.001278	0.000407
sub-50049	SCHZ	37	F	0.260600	16	Cerebral peduncle R	2277	0.599891	0.000760	0.001356	0.000462
sub-50049	SCHZ	37	F	0.260600	17	Cerebral peduncle L	3138	0.501731	0.000742	0.001205	0.000510
sub-50049	SCHZ	37	F	0.260600	18	Anterior limb of internal capsule R	3018	0.500231	0.000717	0.001167	0.000493
sub-50049	SCHZ	37	F	0.260600	19	Anterior limb of internal capsule L	3754	0.591033	0.000705	0.001252	0.000431
sub-50049	SCHZ	37	F	0.260600	20	Posterior limb of internal capsule R	3752	0.594105	0.000696	0.001242	0.000423
sub-50049	SCHZ	37	F	0.260600	21	Posterior limb of internal capsule L	2515	0.533884	0.000801	0.001324	0.000539
sub-50049	SCHZ	37	F	0.260600	22	Retrolenticular part of internal capsule R	2469	0.573308	0.000757	0.001309	0.000481
sub-50049	SCHZ	37	F	0.260600	23	Retrolenticular part of internal capsule L	6849	0.409441	0.000831	0.001224	0.000634
sub-50049	SCHZ	37	F	0.260600	24	Anterior corona radiata R	6852	0.423058	0.000796	0.001187	0.000601
sub-50049	SCHZ	37	F	0.260600	25	Anterior corona radiata L	7500	0.460569	0.000724	0.001116	0.000528
sub-50049	SCHZ	37	F	0.260600	26	Superior corona radiata R	7508	0.463286	0.000733	0.001134	0.000533
sub-50049	SCHZ	37	F	0.260600	27	Superior corona radiata L	3728	0.431560	0.000792	0.001177	0.000600
sub-50049	SCHZ	37	F	0.260600	28	Posterior corona radiata R	3714	0.417073	0.000802	0.001172	0.000617
sub-50049	SCHZ	37	F	0.260600	29	Posterior corona radiata L	3972	0.510004	0.000800	0.001291	0.000555
sub-50049	SCHZ	37	F	0.260600	30	Posterior thalamic radiation (include optic radiation) R	3978	0.514646	0.000842	0.001372	0.000577
sub-50049	SCHZ	37	F	0.260600	31	Posterior thalamic radiation (include optic radiation) L	2228	0.462446	0.000825	0.001259	0.000608
sub-50049	SCHZ	37	F	0.260600	32	Sagittal stratum (include inferior longitidinal fasciculus and inferior fronto-occipital fasciculus) R	2231	0.470432	0.000887	0.001352	0.000654
sub-50049	SCHZ	37	F	0.260600	33	Sagittal stratum (include inferior longitidinal fasciculus and inferior fronto-occipital fasciculus) L	3650	0.349843	0.000753	0.001047	0.000606
sub-50049	SCHZ	37	F	0.260600	34	External capsule R	3650	0.382262	0.000725	0.001038	0.000568
sub-50049	SCHZ	37	F	0.260600	35	External capsule L	2342	0.465455	0.000755	0.001183	0.000541
sub-50049	SCHZ	37	F	0.260600	36	Cingulum (cingulate gyrus) R	2751	0.490742	0.000762	0.001233	0.000527
sub-50049	SCHZ	37	F	0.260600	37	Cingulum (cingulate gyrus) L	1236	0.390022	0.000820	0.001190	0.000635
sub-50049	SCHZ	37	F	0.260600	38	Cingulum (hippocampus) R	1155	0.387307	0.000797	0.001151	0.000621
sub-50049	SCHZ	37	F	0.260600	39	Cingulum (hippocampus) L	1124	0.429798	0.001032	0.001523	0.000786
sub-50049	SCHZ	37	F	0.260600	40	Fornix (cres) / Stria terminalis (can not be resolved with current resolution) R	1125	0.484167	0.000936	0.001451	0.000679
sub-50049	SCHZ	37	F	0.260600	41	Fornix (cres) / Stria terminalis (can not be resolved with current resolution) L	6607	0.426506	0.000734	0.001095	0.000553
sub-50049	SCHZ	37	F	0.260600	42	Superior longitudinal fasciculus R	6605	0.436298	0.000729	0.001105	0.000541
sub-50049	SCHZ	37	F	0.260600	43	Superior longitudinal fasciculus L	507	0.434097	0.000711	0.001077	0.000528
sub-50049	SCHZ	37	F	0.260600	44	Superior fronto-occipital fasciculus (could be a part of anterior internal capsule) R	507	0.413161	0.000696	0.001038	0.000525
sub-50049	SCHZ	37	F	0.260600	45	Superior fronto-occipital fasciculus (could be a part of anterior internal capsule) L	1961	0.393799	0.000802	0.001179	0.000614
sub-50049	SCHZ	37	F	0.260600	46	Inferior fronto-occipital fasciculus R	1937	0.417056	0.000762	0.001148	0.000569
sub-50049	SCHZ	37	F	0.260600	47	Inferior fronto-occipital fasciculus L	380	0.409714	0.000834	0.001238	0.000631
sub-50049	SCHZ	37	F	0.260600	48	Uncinate fasciculus R	376	0.407575	0.000774	0.001148	0.000587
sub-50049	SCHZ	37	F	0.260600	49	Uncinate fasciculus L	596	0.392287	0.001548	0.002136	0.001254
sub-50049	SCHZ	37	F	0.260600	50	Tapetum R	600	0.310684	0.001846	0.002356	0.001591
sub-50050	SCHZ	23	M	0.134900	1	Unclassified	15386	0.444080	0.000804	0.001190	0.000611
sub-50050	SCHZ	23	M	0.134900	2	Middle cerebellar peduncle	1500	0.376426	0.000723	0.001023	0.000573
sub-50050	SCHZ	23	M	0.134900	3	Pontine crossing tract (a part of MCP)	8851	0.539153	0.001076	0.001731	0.000749
sub-50050	SCHZ	23	M	0.134900	4	Genu of corpus callosum	13698	0.602283	0.000880	0.001561	0.000540
sub-50050	SCHZ	23	M	0.134900	5	Body of corpus callosum	12571	0.711160	0.000789	0.001572	0.000397
sub-50050	SCHZ	23	M	0.134900	6	Splenium of corpus callosum	659	0.328674	0.001648	0.002215	0.001365
sub-50050	SCHZ	23	M	0.134900	7	Fornix (column and body of fornix)	1294	0.443502	0.000813	0.001202	0.000619
sub-50050	SCHZ	23	M	0.134900	8	Corticospinal tract R	1291	0.451749	0.000866	0.001295	0.000651
sub-50050	SCHZ	23	M	0.134900	9	Corticospinal tract L	690	0.516447	0.000785	0.001283	0.000537
sub-50050	SCHZ	23	M	0.134900	10	Medial lemniscus R	699	0.514793	0.000801	0.001306	0.000549
sub-50050	SCHZ	23	M	0.134900	11	Medial lemniscus L	748	0.446168	0.000730	0.001126	0.000532
sub-50050	SCHZ	23	M	0.134900	12	Inferior cerebellar peduncle R	754	0.431664	0.000787	0.001200	0.000580
sub-50050	SCHZ	23	M	0.134900	13	Inferior cerebellar peduncle L	992	0.515278	0.001011	0.001592	0.000720
sub-50050	SCHZ	23	M	0.134900	14	Superior cerebellar peduncle R	992	0.486693	0.001124	0.001697	0.000838
sub-50050	SCHZ	23	M	0.134900	15	Superior cerebellar peduncle L	2276	0.634184	0.000772	0.001410	0.000454
sub-50050	SCHZ	23	M	0.134900	16	Cerebral peduncle R	2277	0.623419	0.000750	0.001371	0.000440
sub-50050	SCHZ	23	M	0.134900	17	Cerebral peduncle L	3138	0.500820	0.000744	0.001213	0.000510
sub-50050	SCHZ	23	M	0.134900	18	Anterior limb of internal capsule R	3018	0.503286	0.000718	0.001175	0.000490
sub-50050	SCHZ	23	M	0.134900	19	Anterior limb of internal capsule L	3754	0.583103	0.000708	0.001252	0.000436
sub-50050	SCHZ	23	M	0.134900	20	Posterior limb of internal capsule R	3752	0.587388	0.000687	0.001221	0.000420
sub-50050	SCHZ	23	M	0.134900	21	Posterior limb of internal capsule L	2515	0.501768	0.000783	0.001253	0.000548
sub-50050	SCHZ	23	M	0.134900	22	Retrolenticular part of internal capsule R	2469	0.518112	0.000759	0.001236	0.000521
sub-50050	SCHZ	23	M	0.134900	23	Retrolenticular part of internal capsule L	6849	0.390388	0.000767	0.001117	0.000592
sub-50050	SCHZ	23	M	0.134900	24	Anterior corona radiata R	6852	0.393275	0.000734	0.001060	0.000570
sub-50050	SCHZ	23	M	0.134900	25	Anterior corona radiata L	7500	0.425261	0.000716	0.001073	0.000538
sub-50050	SCHZ	23	M	0.134900	26	Superior corona radiata R	7508	0.433967	0.000711	0.001064	0.000534
sub-50050	SCHZ	23	M	0.134900	27	Superior corona radiata L	3728	0.441800	0.000816	0.001223	0.000612
sub-50050	SCHZ	23	M	0.134900	28	Posterior corona radiata R	3714	0.427156	0.000776	0.001145	0.000591
sub-50050	SCHZ	23	M	0.134900	29	Posterior corona radiata L	3972	0.538048	0.000867	0.001426	0.000587
sub-50050	SCHZ	23	M	0.134900	30	Posterior thalamic radiation (include optic radiation) R	3978	0.503451	0.000935	0.001467	0.000669
sub-50050	SCHZ	23	M	0.134900	31	Posterior thalamic radiation (include optic radiation) L	2228	0.452858	0.000892	0.001364	0.000655
sub-50050	SCHZ	23	M	0.134900	32	Sagittal stratum (include inferior longitidinal fasciculus and inferior fronto-occipital fasciculus) R	2231	0.452925	0.000925	0.001390	0.000693
sub-50050	SCHZ	23	M	0.134900	33	Sagittal stratum (include inferior longitidinal fasciculus and inferior fronto-occipital fasciculus) L	3650	0.343213	0.000730	0.001013	0.000588
sub-50050	SCHZ	23	M	0.134900	34	External capsule R	3650	0.363508	0.000725	0.001029	0.000573
sub-50050	SCHZ	23	M	0.134900	35	External capsule L	2342	0.468908	0.000741	0.001161	0.000531
sub-50050	SCHZ	23	M	0.134900	36	Cingulum (cingulate gyrus) R	2751	0.497927	0.000746	0.001217	0.000510
sub-50050	SCHZ	23	M	0.134900	37	Cingulum (cingulate gyrus) L	1236	0.293025	0.000827	0.001091	0.000695
sub-50050	SCHZ	23	M	0.134900	38	Cingulum (hippocampus) R	1155	0.331493	0.000862	0.001154	0.000716
sub-50050	SCHZ	23	M	0.134900	39	Cingulum (hippocampus) L	1124	0.411889	0.001033	0.001494	0.000803
sub-50050	SCHZ	23	M	0.134900	40	Fornix (cres) / Stria terminalis (can not be resolved with current resolution) R	1125	0.479943	0.000873	0.001348	0.000636
sub-50050	SCHZ	23	M	0.134900	41	Fornix (cres) / Stria terminalis (can not be resolved with current resolution) L	6607	0.433629	0.000719	0.001081	0.000538
sub-50050	SCHZ	23	M	0.134900	42	Superior longitudinal fasciculus R	6605	0.421274	0.000717	0.001057	0.000547
sub-50050	SCHZ	23	M	0.134900	43	Superior longitudinal fasciculus L	507	0.429827	0.000710	0.001077	0.000526
sub-50050	SCHZ	23	M	0.134900	44	Superior fronto-occipital fasciculus (could be a part of anterior internal capsule) R	507	0.421854	0.000675	0.001011	0.000507
sub-50050	SCHZ	23	M	0.134900	45	Superior fronto-occipital fasciculus (could be a part of anterior internal capsule) L	1961	0.391252	0.000782	0.001143	0.000601
sub-50050	SCHZ	23	M	0.134900	46	Inferior fronto-occipital fasciculus R	1937	0.388104	0.000785	0.001148	0.000603
sub-50050	SCHZ	23	M	0.134900	47	Inferior fronto-occipital fasciculus L	380	0.414969	0.000791	0.001179	0.000597
sub-50050	SCHZ	23	M	0.134900	48	Uncinate fasciculus R	376	0.374487	0.000780	0.001112	0.000615
sub-50050	SCHZ	23	M	0.134900	49	Uncinate fasciculus L	596	0.320139	0.001695	0.002166	0.001459
sub-50050	SCHZ	23	M	0.134900	50	Tapetum R	600	0.243087	0.002121	0.002538	0.001913
sub-50052	SCHZ	45	M	0.154500	1	Unclassified	15468	0.440344	0.000868	0.001259	0.000672
sub-50052	SCHZ	45	M	0.154500	2	Middle cerebellar peduncle	1500	0.417621	0.000701	0.001024	0.000539
sub-50052	SCHZ	45	M	0.154500	3	Pontine crossing tract (a part of MCP)	8846	0.520352	0.001249	0.001953	0.000896
sub-50052	SCHZ	45	M	0.154500	4	Genu of corpus callosum	13703	0.580455	0.001027	0.001745	0.000668
sub-50052	SCHZ	45	M	0.154500	5	Body of corpus callosum	12462	0.689580	0.000814	0.001576	0.000433
sub-50052	SCHZ	45	M	0.154500	6	Splenium of corpus callosum	659	0.344749	0.001793	0.002468	0.001455
sub-50052	SCHZ	45	M	0.154500	7	Fornix (column and body of fornix)	1335	0.437374	0.000904	0.001278	0.000717
sub-50052	SCHZ	45	M	0.154500	8	Corticospinal tract R	1347	0.436882	0.000877	0.001235	0.000697
sub-50052	SCHZ	45	M	0.154500	9	Corticospinal tract L	690	0.517063	0.000807	0.001319	0.000551
sub-50052	SCHZ	45	M	0.154500	10	Medial lemniscus R	699	0.525569	0.000745	0.001231	0.000502
sub-50052	SCHZ	45	M	0.154500	11	Medial lemniscus L	784	0.442402	0.000719	0.001103	0.000527
sub-50052	SCHZ	45	M	0.154500	12	Inferior cerebellar peduncle R	835	0.404370	0.000806	0.001178	0.000619
sub-50052	SCHZ	45	M	0.154500	13	Inferior cerebellar peduncle L	992	0.521610	0.001123	0.001769	0.000800
sub-50052	SCHZ	45	M	0.154500	14	Superior cerebellar peduncle R	992	0.493032	0.001257	0.001895	0.000938
sub-50052	SCHZ	45	M	0.154500	15	Superior cerebellar peduncle L	2278	0.603040	0.000770	0.001370	0.000469
sub-50052	SCHZ	45	M	0.154500	16	Cerebral peduncle R	2278	0.601366	0.000758	0.001350	0.000462
sub-50052	SCHZ	45	M	0.154500	17	Cerebral peduncle L	3138	0.527107	0.000691	0.001157	0.000458
sub-50052	SCHZ	45	M	0.154500	18	Anterior limb of internal capsule R	3018	0.515225	0.000700	0.001158	0.000470
sub-50052	SCHZ	45	M	0.154500	19	Anterior limb of internal capsule L	3754	0.581486	0.000685	0.001205	0.000424
sub-50052	SCHZ	45	M	0.154500	20	Posterior limb of internal capsule R	3752	0.588290	0.000693	0.001231	0.000424
sub-50052	SCHZ	45	M	0.154500	21	Posterior limb of internal capsule L	2515	0.552256	0.000768	0.001282	0.000511
sub-50052	SCHZ	45	M	0.154500	22	Retrolenticular part of internal capsule R	2469	0.589327	0.000744	0.001291	0.000471
sub-50052	SCHZ	45	M	0.154500	23	Retrolenticular part of internal capsule L	6849	0.374321	0.000775	0.001106	0.000609
sub-50052	SCHZ	45	M	0.154500	24	Anterior corona radiata R	6852	0.386131	0.000788	0.001125	0.000619
sub-50052	SCHZ	45	M	0.154500	25	Anterior corona radiata L	7500	0.433563	0.000692	0.001040	0.000518
sub-50052	SCHZ	45	M	0.154500	26	Superior corona radiata R	7508	0.444724	0.000719	0.001089	0.000533
sub-50052	SCHZ	45	M	0.154500	27	Superior corona radiata L	3728	0.445461	0.000757	0.001139	0.000565
sub-50052	SCHZ	45	M	0.154500	28	Posterior corona radiata R	3714	0.437927	0.000767	0.001145	0.000578
sub-50052	SCHZ	45	M	0.154500	29	Posterior corona radiata L	3972	0.517284	0.000898	0.001422	0.000636
sub-50052	SCHZ	45	M	0.154500	30	Posterior thalamic radiation (include optic radiation) R	3978	0.491798	0.000941	0.001439	0.000692
sub-50052	SCHZ	45	M	0.154500	31	Posterior thalamic radiation (include optic radiation) L	2228	0.472462	0.000845	0.001286	0.000625
sub-50052	SCHZ	45	M	0.154500	32	Sagittal stratum (include inferior longitidinal fasciculus and inferior fronto-occipital fasciculus) R	2231	0.451006	0.000964	0.001417	0.000737
sub-50052	SCHZ	45	M	0.154500	33	Sagittal stratum (include inferior longitidinal fasciculus and inferior fronto-occipital fasciculus) L	3650	0.335333	0.000734	0.001013	0.000595
sub-50052	SCHZ	45	M	0.154500	34	External capsule R	3650	0.355540	0.000760	0.001067	0.000606
sub-50052	SCHZ	45	M	0.154500	35	External capsule L	2342	0.446863	0.000727	0.001113	0.000534
sub-50052	SCHZ	45	M	0.154500	36	Cingulum (cingulate gyrus) R	2751	0.493777	0.000723	0.001170	0.000499
sub-50052	SCHZ	45	M	0.154500	37	Cingulum (cingulate gyrus) L	1236	0.348322	0.000827	0.001130	0.000675
sub-50052	SCHZ	45	M	0.154500	38	Cingulum (hippocampus) R	1155	0.335105	0.000975	0.001254	0.000836
sub-50052	SCHZ	45	M	0.154500	39	Cingulum (hippocampus) L	1124	0.439096	0.000997	0.001456	0.000767
sub-50052	SCHZ	45	M	0.154500	40	Fornix (cres) / Stria terminalis (can not be resolved with current resolution) R	1125	0.461586	0.000916	0.001383	0.000682
sub-50052	SCHZ	45	M	0.154500	41	Fornix (cres) / Stria terminalis (can not be resolved with current resolution) L	6607	0.407499	0.000732	0.001062	0.000566
sub-50052	SCHZ	45	M	0.154500	42	Superior longitudinal fasciculus R	6605	0.441967	0.000702	0.001055	0.000525
sub-50052	SCHZ	45	M	0.154500	43	Superior longitudinal fasciculus L	507	0.423382	0.000656	0.000988	0.000491
sub-50052	SCHZ	45	M	0.154500	44	Superior fronto-occipital fasciculus (could be a part of anterior internal capsule) R	507	0.419443	0.000655	0.000981	0.000492
sub-50052	SCHZ	45	M	0.154500	45	Superior fronto-occipital fasciculus (could be a part of anterior internal capsule) L	1961	0.366911	0.000792	0.001123	0.000626
sub-50052	SCHZ	45	M	0.154500	46	Inferior fronto-occipital fasciculus R	1937	0.371540	0.000791	0.001125	0.000623
sub-50052	SCHZ	45	M	0.154500	47	Inferior fronto-occipital fasciculus L	380	0.407674	0.000777	0.001153	0.000588
sub-50052	SCHZ	45	M	0.154500	48	Uncinate fasciculus R	376	0.391463	0.000730	0.001062	0.000564
sub-50052	SCHZ	45	M	0.154500	49	Uncinate fasciculus L	596	0.342824	0.001618	0.002116	0.001369
sub-50052	SCHZ	45	M	0.154500	50	Tapetum R	600	0.277054	0.001995	0.002491	0.001748
sub-50053	SCHZ	47	M	0.157800	1	Unclassified	15640	0.460307	0.000916	0.001346	0.000700
sub-50053	SCHZ	47	M	0.157800	2	Middle cerebellar peduncle	1500	0.375841	0.000772	0.001070	0.000623
sub-50053	SCHZ	47	M	0.157800	3	Pontine crossing tract (a part of MCP)	8851	0.531703	0.001076	0.001725	0.000751
sub-50053	SCHZ	47	M	0.157800	4	Genu of corpus callosum	13710	0.627213	0.000908	0.001647	0.000539
sub-50053	SCHZ	47	M	0.157800	5	Body of corpus callosum	12549	0.717509	0.000788	0.001585	0.000389
sub-50053	SCHZ	47	M	0.157800	6	Splenium of corpus callosum	659	0.398585	0.001533	0.002181	0.001208
sub-50053	SCHZ	47	M	0.157800	7	Fornix (column and body of fornix)	1362	0.404392	0.000927	0.001274	0.000754
sub-50053	SCHZ	47	M	0.157800	8	Corticospinal tract R	1370	0.427877	0.000929	0.001314	0.000736
sub-50053	SCHZ	47	M	0.157800	9	Corticospinal tract L	690	0.489474	0.000797	0.001253	0.000569
sub-50053	SCHZ	47	M	0.157800	10	Medial lemniscus R	699	0.478731	0.000815	0.001283	0.000581
sub-50053	SCHZ	47	M	0.157800	11	Medial lemniscus L	854	0.440016	0.000771	0.001181	0.000566
sub-50053	SCHZ	47	M	0.157800	12	Inferior cerebellar peduncle R	901	0.401869	0.000775	0.001154	0.000586
sub-50053	SCHZ	47	M	0.157800	13	Inferior cerebellar peduncle L	992	0.505690	0.001153	0.001786	0.000837
sub-50053	SCHZ	47	M	0.157800	14	Superior cerebellar peduncle R	992	0.482992	0.001219	0.001817	0.000920
sub-50053	SCHZ	47	M	0.157800	15	Superior cerebellar peduncle L	2278	0.602010	0.000768	0.001360	0.000471
sub-50053	SCHZ	47	M	0.157800	16	Cerebral peduncle R	2278	0.600596	0.000759	0.001342	0.000467
sub-50053	SCHZ	47	M	0.157800	17	Cerebral peduncle L	3138	0.494097	0.000696	0.001117	0.000486
sub-50053	SCHZ	47	M	0.157800	18	Anterior limb of internal capsule R	3018	0.508427	0.000710	0.001154	0.000488
sub-50053	SCHZ	47	M	0.157800	19	Anterior limb of internal capsule L	3754	0.588873	0.000696	0.001232	0.000428
sub-50053	SCHZ	47	M	0.157800	20	Posterior limb of internal capsule R	3752	0.589693	0.000676	0.001192	0.000418
sub-50053	SCHZ	47	M	0.157800	21	Posterior limb of internal capsule L	2515	0.526909	0.000768	0.001257	0.000524
sub-50053	SCHZ	47	M	0.157800	22	Retrolenticular part of internal capsule R	2469	0.547438	0.000718	0.001201	0.000477
sub-50053	SCHZ	47	M	0.157800	23	Retrolenticular part of internal capsule L	6849	0.391176	0.000778	0.001126	0.000604
sub-50053	SCHZ	47	M	0.157800	24	Anterior corona radiata R	6852	0.418138	0.000746	0.001109	0.000564
sub-50053	SCHZ	47	M	0.157800	25	Anterior corona radiata L	7500	0.466417	0.000704	0.001082	0.000515
sub-50053	SCHZ	47	M	0.157800	26	Superior corona radiata R	7508	0.472104	0.000699	0.001073	0.000512
sub-50053	SCHZ	47	M	0.157800	27	Superior corona radiata L	3728	0.481307	0.000770	0.001199	0.000556
sub-50053	SCHZ	47	M	0.157800	28	Posterior corona radiata R	3714	0.464045	0.000782	0.001198	0.000575
sub-50053	SCHZ	47	M	0.157800	29	Posterior corona radiata L	3972	0.527271	0.000866	0.001415	0.000592
sub-50053	SCHZ	47	M	0.157800	30	Posterior thalamic radiation (include optic radiation) R	3978	0.525652	0.000896	0.001450	0.000619
sub-50053	SCHZ	47	M	0.157800	31	Posterior thalamic radiation (include optic radiation) L	2228	0.478642	0.000887	0.001387	0.000637
sub-50053	SCHZ	47	M	0.157800	32	Sagittal stratum (include inferior longitidinal fasciculus and inferior fronto-occipital fasciculus) R	2231	0.449830	0.000888	0.001343	0.000661
sub-50053	SCHZ	47	M	0.157800	33	Sagittal stratum (include inferior longitidinal fasciculus and inferior fronto-occipital fasciculus) L	3650	0.362061	0.000726	0.001026	0.000577
sub-50053	SCHZ	47	M	0.157800	34	External capsule R	3650	0.371774	0.000725	0.001038	0.000568
sub-50053	SCHZ	47	M	0.157800	35	External capsule L	2342	0.459936	0.000747	0.001167	0.000537
sub-50053	SCHZ	47	M	0.157800	36	Cingulum (cingulate gyrus) R	2751	0.499511	0.000748	0.001219	0.000512
sub-50053	SCHZ	47	M	0.157800	37	Cingulum (cingulate gyrus) L	1236	0.370803	0.000842	0.001193	0.000666
sub-50053	SCHZ	47	M	0.157800	38	Cingulum (hippocampus) R	1155	0.375300	0.000811	0.001134	0.000649
sub-50053	SCHZ	47	M	0.157800	39	Cingulum (hippocampus) L	1124	0.459891	0.000980	0.001477	0.000731
sub-50053	SCHZ	47	M	0.157800	40	Fornix (cres) / Stria terminalis (can not be resolved with current resolution) R	1125	0.490532	0.000855	0.001329	0.000617
sub-50053	SCHZ	47	M	0.157800	41	Fornix (cres) / Stria terminalis (can not be resolved with current resolution) L	6607	0.444325	0.000726	0.001093	0.000543
sub-50053	SCHZ	47	M	0.157800	42	Superior longitudinal fasciculus R	6605	0.457842	0.000716	0.001097	0.000526
sub-50053	SCHZ	47	M	0.157800	43	Superior longitudinal fasciculus L	507	0.413860	0.000665	0.000986	0.000505
sub-50053	SCHZ	47	M	0.157800	44	Superior fronto-occipital fasciculus (could be a part of anterior internal capsule) R	507	0.414852	0.000684	0.001021	0.000515
sub-50053	SCHZ	47	M	0.157800	45	Superior fronto-occipital fasciculus (could be a part of anterior internal capsule) L	1961	0.398050	0.000760	0.001118	0.000581
sub-50053	SCHZ	47	M	0.157800	46	Inferior fronto-occipital fasciculus R	1937	0.383398	0.000774	0.001122	0.000600
sub-50053	SCHZ	47	M	0.157800	47	Inferior fronto-occipital fasciculus L	380	0.411683	0.000831	0.001238	0.000628
sub-50053	SCHZ	47	M	0.157800	48	Uncinate fasciculus R	376	0.449026	0.000741	0.001140	0.000541
sub-50053	SCHZ	47	M	0.157800	49	Uncinate fasciculus L	596	0.391856	0.001667	0.002281	0.001359
sub-50053	SCHZ	47	M	0.157800	50	Tapetum R	600	0.301590	0.001986	0.002506	0.001726
sub-50054	SCHZ	23	M	0.164100	1	Unclassified	15555	0.460072	0.000871	0.001287	0.000663
sub-50054	SCHZ	23	M	0.164100	2	Middle cerebellar peduncle	1500	0.376801	0.000671	0.000937	0.000537
sub-50054	SCHZ	23	M	0.164100	3	Pontine crossing tract (a part of MCP)	8832	0.546164	0.001119	0.001785	0.000786
sub-50054	SCHZ	23	M	0.164100	4	Genu of corpus callosum	13702	0.614967	0.000882	0.001581	0.000532
sub-50054	SCHZ	23	M	0.164100	5	Body of corpus callosum	12591	0.720878	0.000764	0.001546	0.000373
sub-50054	SCHZ	23	M	0.164100	6	Splenium of corpus callosum	659	0.330088	0.001739	0.002346	0.001435
sub-50054	SCHZ	23	M	0.164100	7	Fornix (column and body of fornix)	1271	0.480724	0.000758	0.001185	0.000544
sub-50054	SCHZ	23	M	0.164100	8	Corticospinal tract R	1270	0.479103	0.000747	0.001155	0.000543
sub-50054	SCHZ	23	M	0.164100	9	Corticospinal tract L	690	0.539595	0.000739	0.001235	0.000491
sub-50054	SCHZ	23	M	0.164100	10	Medial lemniscus R	699	0.536292	0.000750	0.001249	0.000500
sub-50054	SCHZ	23	M	0.164100	11	Medial lemniscus L	721	0.471204	0.000679	0.001078	0.000479
sub-50054	SCHZ	23	M	0.164100	12	Inferior cerebellar peduncle R	727	0.452750	0.000723	0.001115	0.000527
sub-50054	SCHZ	23	M	0.164100	13	Inferior cerebellar peduncle L	992	0.510784	0.001055	0.001664	0.000750
sub-50054	SCHZ	23	M	0.164100	14	Superior cerebellar peduncle R	992	0.464979	0.001281	0.001888	0.000977
sub-50054	SCHZ	23	M	0.164100	15	Superior cerebellar peduncle L	2278	0.645852	0.000724	0.001352	0.000410
sub-50054	SCHZ	23	M	0.164100	16	Cerebral peduncle R	2278	0.620842	0.000771	0.001398	0.000458
sub-50054	SCHZ	23	M	0.164100	17	Cerebral peduncle L	3138	0.510720	0.000704	0.001160	0.000477
sub-50054	SCHZ	23	M	0.164100	18	Anterior limb of internal capsule R	3018	0.518255	0.000683	0.001134	0.000457
sub-50054	SCHZ	23	M	0.164100	19	Anterior limb of internal capsule L	3754	0.597337	0.000682	0.001219	0.000414
sub-50054	SCHZ	23	M	0.164100	20	Posterior limb of internal capsule R	3752	0.605858	0.000675	0.001218	0.000403
sub-50054	SCHZ	23	M	0.164100	21	Posterior limb of internal capsule L	2515	0.558346	0.000732	0.001238	0.000479
sub-50054	SCHZ	23	M	0.164100	22	Retrolenticular part of internal capsule R	2469	0.579424	0.000748	0.001297	0.000474
sub-50054	SCHZ	23	M	0.164100	23	Retrolenticular part of internal capsule L	6849	0.430859	0.000771	0.001161	0.000576
sub-50054	SCHZ	23	M	0.164100	24	Anterior corona radiata R	6852	0.419501	0.000749	0.001110	0.000569
sub-50054	SCHZ	23	M	0.164100	25	Anterior corona radiata L	7500	0.445786	0.000694	0.001054	0.000515
sub-50054	SCHZ	23	M	0.164100	26	Superior corona radiata R	7508	0.452307	0.000704	0.001073	0.000519
sub-50054	SCHZ	23	M	0.164100	27	Superior corona radiata L	3728	0.446959	0.000755	0.001131	0.000566
sub-50054	SCHZ	23	M	0.164100	28	Posterior corona radiata R	3714	0.429623	0.000771	0.001140	0.000586
sub-50054	SCHZ	23	M	0.164100	29	Posterior corona radiata L	3972	0.540459	0.000767	0.001284	0.000508
sub-50054	SCHZ	23	M	0.164100	30	Posterior thalamic radiation (include optic radiation) R	3978	0.520488	0.000861	0.001402	0.000590
sub-50054	SCHZ	23	M	0.164100	31	Posterior thalamic radiation (include optic radiation) L	2228	0.489653	0.000810	0.001277	0.000577
sub-50054	SCHZ	23	M	0.164100	32	Sagittal stratum (include inferior longitidinal fasciculus and inferior fronto-occipital fasciculus) R	2231	0.470661	0.000836	0.001287	0.000610
sub-50054	SCHZ	23	M	0.164100	33	Sagittal stratum (include inferior longitidinal fasciculus and inferior fronto-occipital fasciculus) L	3650	0.372331	0.000715	0.001024	0.000560
sub-50054	SCHZ	23	M	0.164100	34	External capsule R	3650	0.387786	0.000706	0.001026	0.000546
sub-50054	SCHZ	23	M	0.164100	35	External capsule L	2342	0.443796	0.000733	0.001125	0.000537
sub-50054	SCHZ	23	M	0.164100	36	Cingulum (cingulate gyrus) R	2751	0.504149	0.000732	0.001205	0.000496
sub-50054	SCHZ	23	M	0.164100	37	Cingulum (cingulate gyrus) L	1236	0.397155	0.000835	0.001195	0.000656
sub-50054	SCHZ	23	M	0.164100	38	Cingulum (hippocampus) R	1155	0.399578	0.000787	0.001130	0.000615
sub-50054	SCHZ	23	M	0.164100	39	Cingulum (hippocampus) L	1124	0.479591	0.001014	0.001543	0.000750
sub-50054	SCHZ	23	M	0.164100	40	Fornix (cres) / Stria terminalis (can not be resolved with current resolution) R	1125	0.481913	0.000909	0.001406	0.000661
sub-50054	SCHZ	23	M	0.164100	41	Fornix (cres) / Stria terminalis (can not be resolved with current resolution) L	6607	0.440385	0.000718	0.001078	0.000538
sub-50054	SCHZ	23	M	0.164100	42	Superior longitudinal fasciculus R	6605	0.436677	0.000702	0.001054	0.000527
sub-50054	SCHZ	23	M	0.164100	43	Superior longitudinal fasciculus L	507	0.440287	0.000687	0.001055	0.000503
sub-50054	SCHZ	23	M	0.164100	44	Superior fronto-occipital fasciculus (could be a part of anterior internal capsule) R	507	0.414749	0.000682	0.001018	0.000514
sub-50054	SCHZ	23	M	0.164100	45	Superior fronto-occipital fasciculus (could be a part of anterior internal capsule) L	1961	0.417656	0.000757	0.001137	0.000567
sub-50054	SCHZ	23	M	0.164100	46	Inferior fronto-occipital fasciculus R	1937	0.428564	0.000741	0.001127	0.000548
sub-50054	SCHZ	23	M	0.164100	47	Inferior fronto-occipital fasciculus L	380	0.430362	0.000759	0.001148	0.000565
sub-50054	SCHZ	23	M	0.164100	48	Uncinate fasciculus R	376	0.406915	0.000748	0.001108	0.000568
sub-50054	SCHZ	23	M	0.164100	49	Uncinate fasciculus L	596	0.452535	0.001323	0.001893	0.001039
sub-50054	SCHZ	23	M	0.164100	50	Tapetum R	600	0.347859	0.001830	0.002357	0.001566
sub-50055	SCHZ	23	M	0.178600	1	Unclassified	13611	0.463498	0.000740	0.001146	0.000537
sub-50055	SCHZ	23	M	0.178600	2	Middle cerebellar peduncle	1500	0.459140	0.000699	0.001076	0.000511
sub-50055	SCHZ	23	M	0.178600	3	Pontine crossing tract (a part of MCP)	8850	0.571157	0.001037	0.001722	0.000695
sub-50055	SCHZ	23	M	0.178600	4	Genu of corpus callosum	13702	0.653992	0.000864	0.001603	0.000494
sub-50055	SCHZ	23	M	0.178600	5	Body of corpus callosum	12658	0.722558	0.000752	0.001524	0.000366
sub-50055	SCHZ	23	M	0.178600	6	Splenium of corpus callosum	659	0.415691	0.001452	0.002127	0.001114
sub-50055	SCHZ	23	M	0.178600	7	Fornix (column and body of fornix)	1177	0.506936	0.000690	0.001112	0.000478
sub-50055	SCHZ	23	M	0.178600	8	Corticospinal tract R	1183	0.469007	0.000760	0.001182	0.000549
sub-50055	SCHZ	23	M	0.178600	9	Corticospinal tract L	660	0.530727	0.000670	0.001135	0.000438
sub-50055	SCHZ	23	M	0.178600	10	Medial lemniscus R	675	0.542314	0.000713	0.001212	0.000463
sub-50055	SCHZ	23	M	0.178600	11	Medial lemniscus L	581	0.502995	0.000663	0.001112	0.000438
sub-50055	SCHZ	23	M	0.178600	12	Inferior cerebellar peduncle R	628	0.495528	0.000724	0.001180	0.000497
sub-50055	SCHZ	23	M	0.178600	13	Inferior cerebellar peduncle L	992	0.505838	0.001062	0.001652	0.000767
sub-50055	SCHZ	23	M	0.178600	14	Superior cerebellar peduncle R	992	0.484964	0.001244	0.001826	0.000953
sub-50055	SCHZ	23	M	0.178600	15	Superior cerebellar peduncle L	2278	0.658401	0.000745	0.001409	0.000413
sub-50055	SCHZ	23	M	0.178600	16	Cerebral peduncle R	2278	0.577509	0.000858	0.001478	0.000548
sub-50055	SCHZ	23	M	0.178600	17	Cerebral peduncle L	3138	0.545574	0.000684	0.001161	0.000445
sub-50055	SCHZ	23	M	0.178600	18	Anterior limb of internal capsule R	3018	0.538169	0.000686	0.001158	0.000450
sub-50055	SCHZ	23	M	0.178600	19	Anterior limb of internal capsule L	3754	0.621256	0.000676	0.001235	0.000397
sub-50055	SCHZ	23	M	0.178600	20	Posterior limb of internal capsule R	3752	0.612683	0.000652	0.001179	0.000389
sub-50055	SCHZ	23	M	0.178600	21	Posterior limb of internal capsule L	2515	0.555655	0.000715	0.001209	0.000469
sub-50055	SCHZ	23	M	0.178600	22	Retrolenticular part of internal capsule R	2469	0.589158	0.000697	0.001223	0.000435
sub-50055	SCHZ	23	M	0.178600	23	Retrolenticular part of internal capsule L	6849	0.450667	0.000741	0.001139	0.000541
sub-50055	SCHZ	23	M	0.178600	24	Anterior corona radiata R	6852	0.456859	0.000724	0.001111	0.000531
sub-50055	SCHZ	23	M	0.178600	25	Anterior corona radiata L	7500	0.483294	0.000693	0.001083	0.000498
sub-50055	SCHZ	23	M	0.178600	26	Superior corona radiata R	7508	0.499661	0.000680	0.001072	0.000483
sub-50055	SCHZ	23	M	0.178600	27	Superior corona radiata L	3728	0.482416	0.000744	0.001147	0.000542
sub-50055	SCHZ	23	M	0.178600	28	Posterior corona radiata R	3714	0.470312	0.000736	0.001126	0.000541
sub-50055	SCHZ	23	M	0.178600	29	Posterior corona radiata L	3972	0.567054	0.000810	0.001375	0.000527
sub-50055	SCHZ	23	M	0.178600	30	Posterior thalamic radiation (include optic radiation) R	3978	0.537345	0.000898	0.001471	0.000611
sub-50055	SCHZ	23	M	0.178600	31	Posterior thalamic radiation (include optic radiation) L	2228	0.543953	0.000834	0.001375	0.000564
sub-50055	SCHZ	23	M	0.178600	32	Sagittal stratum (include inferior longitidinal fasciculus and inferior fronto-occipital fasciculus) R	2231	0.501543	0.000864	0.001343	0.000624
sub-50055	SCHZ	23	M	0.178600	33	Sagittal stratum (include inferior longitidinal fasciculus and inferior fronto-occipital fasciculus) L	3650	0.385358	0.000709	0.001023	0.000552
sub-50055	SCHZ	23	M	0.178600	34	External capsule R	3650	0.404750	0.000698	0.001032	0.000531
sub-50055	SCHZ	23	M	0.178600	35	External capsule L	2342	0.489369	0.000718	0.001155	0.000499
sub-50055	SCHZ	23	M	0.178600	36	Cingulum (cingulate gyrus) R	2751	0.550590	0.000734	0.001266	0.000468
sub-50055	SCHZ	23	M	0.178600	37	Cingulum (cingulate gyrus) L	1236	0.390990	0.000805	0.001155	0.000630
sub-50055	SCHZ	23	M	0.178600	38	Cingulum (hippocampus) R	1155	0.375320	0.000822	0.001151	0.000658
sub-50055	SCHZ	23	M	0.178600	39	Cingulum (hippocampus) L	1124	0.487169	0.000973	0.001495	0.000712
sub-50055	SCHZ	23	M	0.178600	40	Fornix (cres) / Stria terminalis (can not be resolved with current resolution) R	1125	0.521261	0.000851	0.001359	0.000597
sub-50055	SCHZ	23	M	0.178600	41	Fornix (cres) / Stria terminalis (can not be resolved with current resolution) L	6607	0.482237	0.000707	0.001115	0.000503
sub-50055	SCHZ	23	M	0.178600	42	Superior longitudinal fasciculus R	6605	0.479912	0.000692	0.001090	0.000494
sub-50055	SCHZ	23	M	0.178600	43	Superior longitudinal fasciculus L	507	0.466641	0.000666	0.001042	0.000478
sub-50055	SCHZ	23	M	0.178600	44	Superior fronto-occipital fasciculus (could be a part of anterior internal capsule) R	507	0.450952	0.000666	0.001024	0.000487
sub-50055	SCHZ	23	M	0.178600	45	Superior fronto-occipital fasciculus (could be a part of anterior internal capsule) L	1961	0.439971	0.000743	0.001140	0.000545
sub-50055	SCHZ	23	M	0.178600	46	Inferior fronto-occipital fasciculus R	1937	0.441302	0.000748	0.001151	0.000547
sub-50055	SCHZ	23	M	0.178600	47	Inferior fronto-occipital fasciculus L	380	0.445531	0.000766	0.001178	0.000560
sub-50055	SCHZ	23	M	0.178600	48	Uncinate fasciculus R	376	0.476271	0.000723	0.001151	0.000509
sub-50055	SCHZ	23	M	0.178600	49	Uncinate fasciculus L	596	0.452986	0.001166	0.001713	0.000892
sub-50055	SCHZ	23	M	0.178600	50	Tapetum R	600	0.328588	0.001501	0.001975	0.001265
sub-50056	SCHZ	49	F	0.211600	1	Unclassified	15626	0.459254	0.000851	0.001255	0.000649
sub-50056	SCHZ	49	F	0.211600	2	Middle cerebellar peduncle	1500	0.400182	0.000683	0.000984	0.000533
sub-50056	SCHZ	49	F	0.211600	3	Pontine crossing tract (a part of MCP)	8851	0.541111	0.001051	0.001672	0.000741
sub-50056	SCHZ	49	F	0.211600	4	Genu of corpus callosum	13695	0.618958	0.000901	0.001606	0.000548
sub-50056	SCHZ	49	F	0.211600	5	Body of corpus callosum	12654	0.715238	0.000732	0.001461	0.000367
sub-50056	SCHZ	49	F	0.211600	6	Splenium of corpus callosum	659	0.366719	0.001593	0.002213	0.001283
sub-50056	SCHZ	49	F	0.211600	7	Fornix (column and body of fornix)	1330	0.440570	0.000793	0.001150	0.000615
sub-50056	SCHZ	49	F	0.211600	8	Corticospinal tract R	1332	0.430087	0.000796	0.001142	0.000624
sub-50056	SCHZ	49	F	0.211600	9	Corticospinal tract L	690	0.520876	0.000781	0.001285	0.000529
sub-50056	SCHZ	49	F	0.211600	10	Medial lemniscus R	699	0.526309	0.000765	0.001265	0.000514
sub-50056	SCHZ	49	F	0.211600	11	Medial lemniscus L	794	0.475918	0.000720	0.001152	0.000504
sub-50056	SCHZ	49	F	0.211600	12	Inferior cerebellar peduncle R	798	0.458454	0.000771	0.001219	0.000547
sub-50056	SCHZ	49	F	0.211600	13	Inferior cerebellar peduncle L	992	0.543980	0.000985	0.001591	0.000682
sub-50056	SCHZ	49	F	0.211600	14	Superior cerebellar peduncle R	992	0.511762	0.001175	0.001810	0.000858
sub-50056	SCHZ	49	F	0.211600	15	Superior cerebellar peduncle L	2278	0.630530	0.000777	0.001423	0.000454
sub-50056	SCHZ	49	F	0.211600	16	Cerebral peduncle R	2276	0.594330	0.000815	0.001432	0.000507
sub-50056	SCHZ	49	F	0.211600	17	Cerebral peduncle L	3138	0.502958	0.000691	0.001123	0.000475
sub-50056	SCHZ	49	F	0.211600	18	Anterior limb of internal capsule R	3018	0.514858	0.000692	0.001134	0.000471
sub-50056	SCHZ	49	F	0.211600	19	Anterior limb of internal capsule L	3754	0.597333	0.000677	0.001213	0.000409
sub-50056	SCHZ	49	F	0.211600	20	Posterior limb of internal capsule R	3752	0.602675	0.000672	0.001208	0.000403
sub-50056	SCHZ	49	F	0.211600	21	Posterior limb of internal capsule L	2515	0.552516	0.000766	0.001292	0.000503
sub-50056	SCHZ	49	F	0.211600	22	Retrolenticular part of internal capsule R	2469	0.577565	0.000705	0.001217	0.000450
sub-50056	SCHZ	49	F	0.211600	23	Retrolenticular part of internal capsule L	6849	0.420127	0.000813	0.001202	0.000619
sub-50056	SCHZ	49	F	0.211600	24	Anterior corona radiata R	6852	0.433367	0.000783	0.001172	0.000588
sub-50056	SCHZ	49	F	0.211600	25	Anterior corona radiata L	7500	0.460041	0.000713	0.001087	0.000526
sub-50056	SCHZ	49	F	0.211600	26	Superior corona radiata R	7508	0.470596	0.000710	0.001089	0.000521
sub-50056	SCHZ	49	F	0.211600	27	Superior corona radiata L	3728	0.444866	0.000754	0.001123	0.000570
sub-50056	SCHZ	49	F	0.211600	28	Posterior corona radiata R	3714	0.454311	0.000775	0.001173	0.000575
sub-50056	SCHZ	49	F	0.211600	29	Posterior corona radiata L	3972	0.549456	0.000815	0.001372	0.000537
sub-50056	SCHZ	49	F	0.211600	30	Posterior thalamic radiation (include optic radiation) R	3978	0.533316	0.000895	0.001469	0.000608
sub-50056	SCHZ	49	F	0.211600	31	Posterior thalamic radiation (include optic radiation) L	2228	0.502799	0.000852	0.001348	0.000603
sub-50056	SCHZ	49	F	0.211600	32	Sagittal stratum (include inferior longitidinal fasciculus and inferior fronto-occipital fasciculus) R	2231	0.473331	0.000884	0.001358	0.000647
sub-50056	SCHZ	49	F	0.211600	33	Sagittal stratum (include inferior longitidinal fasciculus and inferior fronto-occipital fasciculus) L	3650	0.366934	0.000724	0.001029	0.000571
sub-50056	SCHZ	49	F	0.211600	34	External capsule R	3650	0.376908	0.000718	0.001027	0.000564
sub-50056	SCHZ	49	F	0.211600	35	External capsule L	2342	0.504178	0.000733	0.001201	0.000499
sub-50056	SCHZ	49	F	0.211600	36	Cingulum (cingulate gyrus) R	2751	0.533372	0.000742	0.001259	0.000484
sub-50056	SCHZ	49	F	0.211600	37	Cingulum (cingulate gyrus) L	1236	0.406893	0.000771	0.001113	0.000600
sub-50056	SCHZ	49	F	0.211600	38	Cingulum (hippocampus) R	1155	0.414870	0.000753	0.001090	0.000584
sub-50056	SCHZ	49	F	0.211600	39	Cingulum (hippocampus) L	1124	0.466824	0.000957	0.001436	0.000718
sub-50056	SCHZ	49	F	0.211600	40	Fornix (cres) / Stria terminalis (can not be resolved with current resolution) R	1125	0.500878	0.000862	0.001349	0.000618
sub-50056	SCHZ	49	F	0.211600	41	Fornix (cres) / Stria terminalis (can not be resolved with current resolution) L	6607	0.446114	0.000719	0.001092	0.000533
sub-50056	SCHZ	49	F	0.211600	42	Superior longitudinal fasciculus R	6605	0.446284	0.000712	0.001079	0.000529
sub-50056	SCHZ	49	F	0.211600	43	Superior longitudinal fasciculus L	507	0.441071	0.000659	0.001000	0.000489
sub-50056	SCHZ	49	F	0.211600	44	Superior fronto-occipital fasciculus (could be a part of anterior internal capsule) R	507	0.411473	0.000664	0.000978	0.000508
sub-50056	SCHZ	49	F	0.211600	45	Superior fronto-occipital fasciculus (could be a part of anterior internal capsule) L	1961	0.427090	0.000790	0.001193	0.000589
sub-50056	SCHZ	49	F	0.211600	46	Inferior fronto-occipital fasciculus R	1937	0.409397	0.000789	0.001170	0.000598
sub-50056	SCHZ	49	F	0.211600	47	Inferior fronto-occipital fasciculus L	380	0.421108	0.000766	0.001139	0.000579
sub-50056	SCHZ	49	F	0.211600	48	Uncinate fasciculus R	376	0.407976	0.000757	0.001113	0.000580
sub-50056	SCHZ	49	F	0.211600	49	Uncinate fasciculus L	596	0.404305	0.001460	0.002022	0.001179
sub-50056	SCHZ	49	F	0.211600	50	Tapetum R	600	0.327446	0.001831	0.002361	0.001567
sub-50061	SCHZ	48	M	0.309400	1	Unclassified	15429	0.443344	0.000767	0.001140	0.000580
sub-50061	SCHZ	48	M	0.309400	2	Middle cerebellar peduncle	1500	0.459548	0.000673	0.001034	0.000492
sub-50061	SCHZ	48	M	0.309400	3	Pontine crossing tract (a part of MCP)	8851	0.524798	0.001188	0.001848	0.000857
sub-50061	SCHZ	48	M	0.309400	4	Genu of corpus callosum	13702	0.589573	0.000986	0.001686	0.000636
sub-50061	SCHZ	48	M	0.309400	5	Body of corpus callosum	12517	0.694374	0.000780	0.001524	0.000408
sub-50061	SCHZ	48	M	0.309400	6	Splenium of corpus callosum	659	0.336917	0.001704	0.002315	0.001399
sub-50061	SCHZ	48	M	0.309400	7	Fornix (column and body of fornix)	1362	0.427388	0.000908	0.001273	0.000725
sub-50061	SCHZ	48	M	0.309400	8	Corticospinal tract R	1370	0.416034	0.000989	0.001357	0.000805
sub-50061	SCHZ	48	M	0.309400	9	Corticospinal tract L	690	0.557977	0.000745	0.001268	0.000483
sub-50061	SCHZ	48	M	0.309400	10	Medial lemniscus R	699	0.561245	0.000736	0.001263	0.000473
sub-50061	SCHZ	48	M	0.309400	11	Medial lemniscus L	933	0.421600	0.000832	0.001236	0.000630
sub-50061	SCHZ	48	M	0.309400	12	Inferior cerebellar peduncle R	956	0.415113	0.000903	0.001288	0.000711
sub-50061	SCHZ	48	M	0.309400	13	Inferior cerebellar peduncle L	992	0.495610	0.000976	0.001537	0.000696
sub-50061	SCHZ	48	M	0.309400	14	Superior cerebellar peduncle R	992	0.490066	0.001072	0.001633	0.000791
sub-50061	SCHZ	48	M	0.309400	15	Superior cerebellar peduncle L	2277	0.597725	0.000759	0.001339	0.000469
sub-50061	SCHZ	48	M	0.309400	16	Cerebral peduncle R	2278	0.589859	0.000762	0.001340	0.000474
sub-50061	SCHZ	48	M	0.309400	17	Cerebral peduncle L	3138	0.502479	0.000680	0.001105	0.000467
sub-50061	SCHZ	48	M	0.309400	18	Anterior limb of internal capsule R	3018	0.500190	0.000677	0.001095	0.000468
sub-50061	SCHZ	48	M	0.309400	19	Anterior limb of internal capsule L	3754	0.585426	0.000667	0.001179	0.000411
sub-50061	SCHZ	48	M	0.309400	20	Posterior limb of internal capsule R	3752	0.571890	0.000676	0.001178	0.000425
sub-50061	SCHZ	48	M	0.309400	21	Posterior limb of internal capsule L	2515	0.520771	0.000748	0.001216	0.000514
sub-50061	SCHZ	48	M	0.309400	22	Retrolenticular part of internal capsule R	2469	0.558472	0.000704	0.001189	0.000461
sub-50061	SCHZ	48	M	0.309400	23	Retrolenticular part of internal capsule L	6849	0.377784	0.000770	0.001102	0.000605
sub-50061	SCHZ	48	M	0.309400	24	Anterior corona radiata R	6852	0.389092	0.000761	0.001103	0.000590
sub-50061	SCHZ	48	M	0.309400	25	Anterior corona radiata L	7500	0.426119	0.000707	0.001053	0.000533
sub-50061	SCHZ	48	M	0.309400	26	Superior corona radiata R	7508	0.436587	0.000709	0.001062	0.000532
sub-50061	SCHZ	48	M	0.309400	27	Superior corona radiata L	3728	0.427443	0.000767	0.001136	0.000582
sub-50061	SCHZ	48	M	0.309400	28	Posterior corona radiata R	3714	0.411330	0.000772	0.001132	0.000592
sub-50061	SCHZ	48	M	0.309400	29	Posterior corona radiata L	3972	0.546307	0.000822	0.001371	0.000548
sub-50061	SCHZ	48	M	0.309400	30	Posterior thalamic radiation (include optic radiation) R	3978	0.513754	0.000819	0.001326	0.000565
sub-50061	SCHZ	48	M	0.309400	31	Posterior thalamic radiation (include optic radiation) L	2228	0.473919	0.000834	0.001285	0.000608
sub-50061	SCHZ	48	M	0.309400	32	Sagittal stratum (include inferior longitidinal fasciculus and inferior fronto-occipital fasciculus) R	2231	0.456608	0.000842	0.001267	0.000630
sub-50061	SCHZ	48	M	0.309400	33	Sagittal stratum (include inferior longitidinal fasciculus and inferior fronto-occipital fasciculus) L	3650	0.343740	0.000710	0.000975	0.000577
sub-50061	SCHZ	48	M	0.309400	34	External capsule R	3650	0.361203	0.000723	0.001020	0.000575
sub-50061	SCHZ	48	M	0.309400	35	External capsule L	2342	0.466192	0.000706	0.001113	0.000503
sub-50061	SCHZ	48	M	0.309400	36	Cingulum (cingulate gyrus) R	2751	0.493541	0.000727	0.001180	0.000500
sub-50061	SCHZ	48	M	0.309400	37	Cingulum (cingulate gyrus) L	1236	0.347924	0.000730	0.001008	0.000591
sub-50061	SCHZ	48	M	0.309400	38	Cingulum (hippocampus) R	1155	0.346475	0.000756	0.001041	0.000614
sub-50061	SCHZ	48	M	0.309400	39	Cingulum (hippocampus) L	1124	0.453449	0.000944	0.001408	0.000712
sub-50061	SCHZ	48	M	0.309400	40	Fornix (cres) / Stria terminalis (can not be resolved with current resolution) R	1125	0.480393	0.000873	0.001339	0.000641
sub-50061	SCHZ	48	M	0.309400	41	Fornix (cres) / Stria terminalis (can not be resolved with current resolution) L	6607	0.422792	0.000708	0.001051	0.000536
sub-50061	SCHZ	48	M	0.309400	42	Superior longitudinal fasciculus R	6605	0.417618	0.000707	0.001046	0.000537
sub-50061	SCHZ	48	M	0.309400	43	Superior longitudinal fasciculus L	507	0.402322	0.000670	0.000981	0.000514
sub-50061	SCHZ	48	M	0.309400	44	Superior fronto-occipital fasciculus (could be a part of anterior internal capsule) R	507	0.402075	0.000691	0.001012	0.000531
sub-50061	SCHZ	48	M	0.309400	45	Superior fronto-occipital fasciculus (could be a part of anterior internal capsule) L	1961	0.392334	0.000774	0.001128	0.000598
sub-50061	SCHZ	48	M	0.309400	46	Inferior fronto-occipital fasciculus R	1937	0.390205	0.000773	0.001125	0.000597
sub-50061	SCHZ	48	M	0.309400	47	Inferior fronto-occipital fasciculus L	380	0.443004	0.000734	0.001124	0.000539
sub-50061	SCHZ	48	M	0.309400	48	Uncinate fasciculus R	376	0.412616	0.000770	0.001146	0.000582
sub-50061	SCHZ	48	M	0.309400	49	Uncinate fasciculus L	596	0.361361	0.001656	0.002262	0.001353
sub-50061	SCHZ	48	M	0.309400	50	Tapetum R	600	0.320960	0.001664	0.002161	0.001416
sub-50064	SCHZ	31	F	0.148700	1	Unclassified	15639	0.445273	0.000891	0.001306	0.000684
sub-50064	SCHZ	31	F	0.148700	2	Middle cerebellar peduncle	1500	0.432263	0.000693	0.001032	0.000524
sub-50064	SCHZ	31	F	0.148700	3	Pontine crossing tract (a part of MCP)	8851	0.526288	0.001094	0.001741	0.000771
sub-50064	SCHZ	31	F	0.148700	4	Genu of corpus callosum	13711	0.611435	0.000930	0.001653	0.000569
sub-50064	SCHZ	31	F	0.148700	5	Body of corpus callosum	12704	0.695144	0.000769	0.001512	0.000397
sub-50064	SCHZ	31	F	0.148700	6	Splenium of corpus callosum	659	0.379466	0.001556	0.002217	0.001225
sub-50064	SCHZ	31	F	0.148700	7	Fornix (column and body of fornix)	1362	0.438416	0.000961	0.001357	0.000764
sub-50064	SCHZ	31	F	0.148700	8	Corticospinal tract R	1370	0.471514	0.000920	0.001324	0.000719
sub-50064	SCHZ	31	F	0.148700	9	Corticospinal tract L	690	0.471439	0.000793	0.001243	0.000568
sub-50064	SCHZ	31	F	0.148700	10	Medial lemniscus R	699	0.512953	0.000744	0.001210	0.000510
sub-50064	SCHZ	31	F	0.148700	11	Medial lemniscus L	968	0.401344	0.000879	0.001239	0.000698
sub-50064	SCHZ	31	F	0.148700	12	Inferior cerebellar peduncle R	968	0.398530	0.001099	0.001504	0.000897
sub-50064	SCHZ	31	F	0.148700	13	Inferior cerebellar peduncle L	992	0.480944	0.001183	0.001785	0.000882
sub-50064	SCHZ	31	F	0.148700	14	Superior cerebellar peduncle R	992	0.443993	0.001328	0.001899	0.001043
sub-50064	SCHZ	31	F	0.148700	15	Superior cerebellar peduncle L	2278	0.602643	0.000783	0.001392	0.000478
sub-50064	SCHZ	31	F	0.148700	16	Cerebral peduncle R	2278	0.601506	0.000810	0.001443	0.000493
sub-50064	SCHZ	31	F	0.148700	17	Cerebral peduncle L	3138	0.511473	0.000698	0.001144	0.000475
sub-50064	SCHZ	31	F	0.148700	18	Anterior limb of internal capsule R	3018	0.496945	0.000694	0.001124	0.000479
sub-50064	SCHZ	31	F	0.148700	19	Anterior limb of internal capsule L	3754	0.572842	0.000690	0.001205	0.000432
sub-50064	SCHZ	31	F	0.148700	20	Posterior limb of internal capsule R	3752	0.581735	0.000681	0.001199	0.000422
sub-50064	SCHZ	31	F	0.148700	21	Posterior limb of internal capsule L	2515	0.526575	0.000736	0.001202	0.000503
sub-50064	SCHZ	31	F	0.148700	22	Retrolenticular part of internal capsule R	2469	0.556334	0.000740	0.001253	0.000483
sub-50064	SCHZ	31	F	0.148700	23	Retrolenticular part of internal capsule L	6849	0.420122	0.000770	0.001148	0.000580
sub-50064	SCHZ	31	F	0.148700	24	Anterior corona radiata R	6852	0.424099	0.000759	0.001135	0.000571
sub-50064	SCHZ	31	F	0.148700	25	Anterior corona radiata L	7500	0.442234	0.000714	0.001074	0.000534
sub-50064	SCHZ	31	F	0.148700	26	Superior corona radiata R	7508	0.455858	0.000720	0.001099	0.000530
sub-50064	SCHZ	31	F	0.148700	27	Superior corona radiata L	3728	0.451903	0.000757	0.001142	0.000565
sub-50064	SCHZ	31	F	0.148700	28	Posterior corona radiata R	3714	0.445989	0.000767	0.001150	0.000576
sub-50064	SCHZ	31	F	0.148700	29	Posterior corona radiata L	3972	0.519618	0.000803	0.001320	0.000544
sub-50064	SCHZ	31	F	0.148700	30	Posterior thalamic radiation (include optic radiation) R	3978	0.501927	0.000841	0.001351	0.000587
sub-50064	SCHZ	31	F	0.148700	31	Posterior thalamic radiation (include optic radiation) L	2228	0.473715	0.000844	0.001311	0.000610
sub-50064	SCHZ	31	F	0.148700	32	Sagittal stratum (include inferior longitidinal fasciculus and inferior fronto-occipital fasciculus) R	2231	0.458216	0.000881	0.001330	0.000656
sub-50064	SCHZ	31	F	0.148700	33	Sagittal stratum (include inferior longitidinal fasciculus and inferior fronto-occipital fasciculus) L	3650	0.345070	0.000733	0.001024	0.000588
sub-50064	SCHZ	31	F	0.148700	34	External capsule R	3650	0.355160	0.000731	0.001030	0.000581
sub-50064	SCHZ	31	F	0.148700	35	External capsule L	2342	0.421759	0.000774	0.001159	0.000581
sub-50064	SCHZ	31	F	0.148700	36	Cingulum (cingulate gyrus) R	2751	0.447853	0.000770	0.001186	0.000561
sub-50064	SCHZ	31	F	0.148700	37	Cingulum (cingulate gyrus) L	1236	0.356526	0.000781	0.001086	0.000628
sub-50064	SCHZ	31	F	0.148700	38	Cingulum (hippocampus) R	1155	0.359903	0.000852	0.001178	0.000689
sub-50064	SCHZ	31	F	0.148700	39	Cingulum (hippocampus) L	1124	0.453894	0.000931	0.001413	0.000690
sub-50064	SCHZ	31	F	0.148700	40	Fornix (cres) / Stria terminalis (can not be resolved with current resolution) R	1125	0.476077	0.000908	0.001395	0.000665
sub-50064	SCHZ	31	F	0.148700	41	Fornix (cres) / Stria terminalis (can not be resolved with current resolution) L	6607	0.418022	0.000742	0.001086	0.000571
sub-50064	SCHZ	31	F	0.148700	42	Superior longitudinal fasciculus R	6605	0.411032	0.000735	0.001068	0.000569
sub-50064	SCHZ	31	F	0.148700	43	Superior longitudinal fasciculus L	507	0.450318	0.000699	0.001079	0.000509
sub-50064	SCHZ	31	F	0.148700	44	Superior fronto-occipital fasciculus (could be a part of anterior internal capsule) R	507	0.405776	0.000685	0.001012	0.000522
sub-50064	SCHZ	31	F	0.148700	45	Superior fronto-occipital fasciculus (could be a part of anterior internal capsule) L	1961	0.396642	0.000776	0.001140	0.000594
sub-50064	SCHZ	31	F	0.148700	46	Inferior fronto-occipital fasciculus R	1937	0.397201	0.000778	0.001143	0.000595
sub-50064	SCHZ	31	F	0.148700	47	Inferior fronto-occipital fasciculus L	380	0.389048	0.000766	0.001123	0.000588
sub-50064	SCHZ	31	F	0.148700	48	Uncinate fasciculus R	376	0.385594	0.000782	0.001128	0.000608
sub-50064	SCHZ	31	F	0.148700	49	Uncinate fasciculus L	596	0.405498	0.001218	0.001729	0.000962
sub-50064	SCHZ	31	F	0.148700	50	Tapetum R	600	0.334066	0.001472	0.001941	0.001238
sub-50067	SCHZ	25	M	0.324600	1	Unclassified	15493	0.461332	0.000871	0.001298	0.000658
sub-50067	SCHZ	25	M	0.324600	2	Middle cerebellar peduncle	1500	0.392937	0.000752	0.001065	0.000595
sub-50067	SCHZ	25	M	0.324600	3	Pontine crossing tract (a part of MCP)	8830	0.562197	0.000980	0.001660	0.000640
sub-50067	SCHZ	25	M	0.324600	4	Genu of corpus callosum	13711	0.642435	0.000906	0.001672	0.000522
sub-50067	SCHZ	25	M	0.324600	5	Body of corpus callosum	12694	0.697593	0.000793	0.001570	0.000404
sub-50067	SCHZ	25	M	0.324600	6	Splenium of corpus callosum	659	0.367413	0.001611	0.002250	0.001292
sub-50067	SCHZ	25	M	0.324600	7	Fornix (column and body of fornix)	1232	0.453763	0.000751	0.001148	0.000552
sub-50067	SCHZ	25	M	0.324600	8	Corticospinal tract R	1238	0.477744	0.000784	0.001231	0.000561
sub-50067	SCHZ	25	M	0.324600	9	Corticospinal tract L	690	0.510582	0.000756	0.001230	0.000519
sub-50067	SCHZ	25	M	0.324600	10	Medial lemniscus R	699	0.493247	0.000769	0.001225	0.000541
sub-50067	SCHZ	25	M	0.324600	11	Medial lemniscus L	730	0.439145	0.000747	0.001161	0.000540
sub-50067	SCHZ	25	M	0.324600	12	Inferior cerebellar peduncle R	781	0.429867	0.000762	0.001167	0.000560
sub-50067	SCHZ	25	M	0.324600	13	Inferior cerebellar peduncle L	992	0.506876	0.001104	0.001737	0.000788
sub-50067	SCHZ	25	M	0.324600	14	Superior cerebellar peduncle R	992	0.497776	0.001184	0.001816	0.000868
sub-50067	SCHZ	25	M	0.324600	15	Superior cerebellar peduncle L	2278	0.622479	0.000776	0.001417	0.000455
sub-50067	SCHZ	25	M	0.324600	16	Cerebral peduncle R	2277	0.625210	0.000774	0.001418	0.000452
sub-50067	SCHZ	25	M	0.324600	17	Cerebral peduncle L	3138	0.498482	0.000754	0.001226	0.000518
sub-50067	SCHZ	25	M	0.324600	18	Anterior limb of internal capsule R	3018	0.510089	0.000725	0.001193	0.000492
sub-50067	SCHZ	25	M	0.324600	19	Anterior limb of internal capsule L	3754	0.584677	0.000731	0.001290	0.000452
sub-50067	SCHZ	25	M	0.324600	20	Posterior limb of internal capsule R	3752	0.594147	0.000735	0.001306	0.000449
sub-50067	SCHZ	25	M	0.324600	21	Posterior limb of internal capsule L	2515	0.552608	0.000790	0.001337	0.000517
sub-50067	SCHZ	25	M	0.324600	22	Retrolenticular part of internal capsule R	2469	0.579177	0.000791	0.001382	0.000495
sub-50067	SCHZ	25	M	0.324600	23	Retrolenticular part of internal capsule L	6849	0.384204	0.000769	0.001112	0.000597
sub-50067	SCHZ	25	M	0.324600	24	Anterior corona radiata R	6852	0.397787	0.000753	0.001100	0.000579
sub-50067	SCHZ	25	M	0.324600	25	Anterior corona radiata L	7500	0.453876	0.000732	0.001129	0.000533
sub-50067	SCHZ	25	M	0.324600	26	Superior corona radiata R	7508	0.472556	0.000736	0.001149	0.000529
sub-50067	SCHZ	25	M	0.324600	27	Superior corona radiata L	3728	0.483167	0.000815	0.001281	0.000582
sub-50067	SCHZ	25	M	0.324600	28	Posterior corona radiata R	3714	0.474281	0.000817	0.001275	0.000588
sub-50067	SCHZ	25	M	0.324600	29	Posterior corona radiata L	3972	0.519864	0.000798	0.001312	0.000541
sub-50067	SCHZ	25	M	0.324600	30	Posterior thalamic radiation (include optic radiation) R	3978	0.528159	0.000833	0.001373	0.000563
sub-50067	SCHZ	25	M	0.324600	31	Posterior thalamic radiation (include optic radiation) L	2228	0.503939	0.000816	0.001300	0.000575
sub-50067	SCHZ	25	M	0.324600	32	Sagittal stratum (include inferior longitidinal fasciculus and inferior fronto-occipital fasciculus) R	2231	0.463553	0.000948	0.001441	0.000701
sub-50067	SCHZ	25	M	0.324600	33	Sagittal stratum (include inferior longitidinal fasciculus and inferior fronto-occipital fasciculus) L	3650	0.349136	0.000758	0.001058	0.000608
sub-50067	SCHZ	25	M	0.324600	34	External capsule R	3650	0.360683	0.000763	0.001074	0.000607
sub-50067	SCHZ	25	M	0.324600	35	External capsule L	2342	0.500719	0.000772	0.001261	0.000527
sub-50067	SCHZ	25	M	0.324600	36	Cingulum (cingulate gyrus) R	2751	0.554718	0.000757	0.001312	0.000479
sub-50067	SCHZ	25	M	0.324600	37	Cingulum (cingulate gyrus) L	1236	0.380505	0.000804	0.001146	0.000633
sub-50067	SCHZ	25	M	0.324600	38	Cingulum (hippocampus) R	1155	0.375734	0.000846	0.001206	0.000666
sub-50067	SCHZ	25	M	0.324600	39	Cingulum (hippocampus) L	1124	0.471227	0.000952	0.001483	0.000686
sub-50067	SCHZ	25	M	0.324600	40	Fornix (cres) / Stria terminalis (can not be resolved with current resolution) R	1125	0.505705	0.000948	0.001513	0.000666
sub-50067	SCHZ	25	M	0.324600	41	Fornix (cres) / Stria terminalis (can not be resolved with current resolution) L	6607	0.466269	0.000737	0.001144	0.000534
sub-50067	SCHZ	25	M	0.324600	42	Superior longitudinal fasciculus R	6605	0.467420	0.000741	0.001159	0.000532
sub-50067	SCHZ	25	M	0.324600	43	Superior longitudinal fasciculus L	507	0.434414	0.000723	0.001103	0.000534
sub-50067	SCHZ	25	M	0.324600	44	Superior fronto-occipital fasciculus (could be a part of anterior internal capsule) R	507	0.435710	0.000735	0.001120	0.000542
sub-50067	SCHZ	25	M	0.324600	45	Superior fronto-occipital fasciculus (could be a part of anterior internal capsule) L	1961	0.415374	0.000769	0.001152	0.000577
sub-50067	SCHZ	25	M	0.324600	46	Inferior fronto-occipital fasciculus R	1937	0.394118	0.000781	0.001143	0.000599
sub-50067	SCHZ	25	M	0.324600	47	Inferior fronto-occipital fasciculus L	380	0.425715	0.000764	0.001150	0.000571
sub-50067	SCHZ	25	M	0.324600	48	Uncinate fasciculus R	376	0.400295	0.000797	0.001166	0.000613
sub-50067	SCHZ	25	M	0.324600	49	Uncinate fasciculus L	596	0.418701	0.001448	0.002043	0.001150
sub-50067	SCHZ	25	M	0.324600	50	Tapetum R	600	0.321847	0.001862	0.002397	0.001594
sub-50069	SCHZ	23	M	0.154900	1	Unclassified	15615	0.441172	0.000801	0.001187	0.000608
sub-50069	SCHZ	23	M	0.154900	2	Middle cerebellar peduncle	1500	0.425883	0.000682	0.001015	0.000515
sub-50069	SCHZ	23	M	0.154900	3	Pontine crossing tract (a part of MCP)	8851	0.489347	0.001248	0.001931	0.000906
sub-50069	SCHZ	23	M	0.154900	4	Genu of corpus callosum	13708	0.567044	0.000950	0.001614	0.000618
sub-50069	SCHZ	23	M	0.154900	5	Body of corpus callosum	12502	0.695905	0.000826	0.001622	0.000428
sub-50069	SCHZ	23	M	0.154900	6	Splenium of corpus callosum	659	0.284214	0.001821	0.002371	0.001545
sub-50069	SCHZ	23	M	0.154900	7	Fornix (column and body of fornix)	1361	0.419388	0.000849	0.001195	0.000676
sub-50069	SCHZ	23	M	0.154900	8	Corticospinal tract R	1370	0.461831	0.000952	0.001400	0.000728
sub-50069	SCHZ	23	M	0.154900	9	Corticospinal tract L	690	0.556800	0.000724	0.001240	0.000465
sub-50069	SCHZ	23	M	0.154900	10	Medial lemniscus R	699	0.570002	0.000706	0.001222	0.000448
sub-50069	SCHZ	23	M	0.154900	11	Medial lemniscus L	968	0.424864	0.000894	0.001284	0.000699
sub-50069	SCHZ	23	M	0.154900	12	Inferior cerebellar peduncle R	968	0.395411	0.000830	0.001188	0.000650
sub-50069	SCHZ	23	M	0.154900	13	Inferior cerebellar peduncle L	992	0.497402	0.001109	0.001708	0.000810
sub-50069	SCHZ	23	M	0.154900	14	Superior cerebellar peduncle R	992	0.458567	0.001339	0.001958	0.001029
sub-50069	SCHZ	23	M	0.154900	15	Superior cerebellar peduncle L	2278	0.558313	0.000832	0.001420	0.000538
sub-50069	SCHZ	23	M	0.154900	16	Cerebral peduncle R	2278	0.511047	0.000902	0.001468	0.000619
sub-50069	SCHZ	23	M	0.154900	17	Cerebral peduncle L	3138	0.488347	0.000710	0.001149	0.000490
sub-50069	SCHZ	23	M	0.154900	18	Anterior limb of internal capsule R	3018	0.490764	0.000709	0.001151	0.000488
sub-50069	SCHZ	23	M	0.154900	19	Anterior limb of internal capsule L	3754	0.564613	0.000728	0.001266	0.000459
sub-50069	SCHZ	23	M	0.154900	20	Posterior limb of internal capsule R	3752	0.587142	0.000694	0.001233	0.000424
sub-50069	SCHZ	23	M	0.154900	21	Posterior limb of internal capsule L	2515	0.527157	0.000784	0.001292	0.000531
sub-50069	SCHZ	23	M	0.154900	22	Retrolenticular part of internal capsule R	2469	0.552973	0.000752	0.001275	0.000490
sub-50069	SCHZ	23	M	0.154900	23	Retrolenticular part of internal capsule L	6849	0.399688	0.000777	0.001135	0.000598
sub-50069	SCHZ	23	M	0.154900	24	Anterior corona radiata R	6852	0.399508	0.000769	0.001128	0.000590
sub-50069	SCHZ	23	M	0.154900	25	Anterior corona radiata L	7500	0.454599	0.000716	0.001093	0.000527
sub-50069	SCHZ	23	M	0.154900	26	Superior corona radiata R	7508	0.457602	0.000714	0.001093	0.000524
sub-50069	SCHZ	23	M	0.154900	27	Superior corona radiata L	3728	0.414506	0.000817	0.001193	0.000629
sub-50069	SCHZ	23	M	0.154900	28	Posterior corona radiata R	3714	0.424248	0.000786	0.001151	0.000604
sub-50069	SCHZ	23	M	0.154900	29	Posterior corona radiata L	3972	0.534294	0.000877	0.001441	0.000595
sub-50069	SCHZ	23	M	0.154900	30	Posterior thalamic radiation (include optic radiation) R	3978	0.532132	0.000921	0.001485	0.000638
sub-50069	SCHZ	23	M	0.154900	31	Posterior thalamic radiation (include optic radiation) L	2228	0.466333	0.000911	0.001394	0.000669
sub-50069	SCHZ	23	M	0.154900	32	Sagittal stratum (include inferior longitidinal fasciculus and inferior fronto-occipital fasciculus) R	2231	0.432139	0.000946	0.001395	0.000722
sub-50069	SCHZ	23	M	0.154900	33	Sagittal stratum (include inferior longitidinal fasciculus and inferior fronto-occipital fasciculus) L	3650	0.336158	0.000724	0.000999	0.000586
sub-50069	SCHZ	23	M	0.154900	34	External capsule R	3650	0.345342	0.000728	0.001008	0.000588
sub-50069	SCHZ	23	M	0.154900	35	External capsule L	2342	0.427045	0.000764	0.001156	0.000568
sub-50069	SCHZ	23	M	0.154900	36	Cingulum (cingulate gyrus) R	2751	0.461735	0.000735	0.001152	0.000526
sub-50069	SCHZ	23	M	0.154900	37	Cingulum (cingulate gyrus) L	1236	0.315308	0.000826	0.001113	0.000683
sub-50069	SCHZ	23	M	0.154900	38	Cingulum (hippocampus) R	1155	0.291994	0.000869	0.001125	0.000741
sub-50069	SCHZ	23	M	0.154900	39	Cingulum (hippocampus) L	1124	0.415922	0.001020	0.001484	0.000788
sub-50069	SCHZ	23	M	0.154900	40	Fornix (cres) / Stria terminalis (can not be resolved with current resolution) R	1125	0.455854	0.000886	0.001346	0.000656
sub-50069	SCHZ	23	M	0.154900	41	Fornix (cres) / Stria terminalis (can not be resolved with current resolution) L	6607	0.433375	0.000743	0.001098	0.000565
sub-50069	SCHZ	23	M	0.154900	42	Superior longitudinal fasciculus R	6605	0.420176	0.000721	0.001057	0.000553
sub-50069	SCHZ	23	M	0.154900	43	Superior longitudinal fasciculus L	507	0.450473	0.000687	0.001065	0.000498
sub-50069	SCHZ	23	M	0.154900	44	Superior fronto-occipital fasciculus (could be a part of anterior internal capsule) R	507	0.444833	0.000676	0.001039	0.000494
sub-50069	SCHZ	23	M	0.154900	45	Superior fronto-occipital fasciculus (could be a part of anterior internal capsule) L	1961	0.358336	0.000787	0.001112	0.000625
sub-50069	SCHZ	23	M	0.154900	46	Inferior fronto-occipital fasciculus R	1937	0.375444	0.000774	0.001114	0.000605
sub-50069	SCHZ	23	M	0.154900	47	Inferior fronto-occipital fasciculus L	380	0.382563	0.000790	0.001144	0.000613
sub-50069	SCHZ	23	M	0.154900	48	Uncinate fasciculus R	376	0.374029	0.000754	0.001075	0.000593
sub-50069	SCHZ	23	M	0.154900	49	Uncinate fasciculus L	596	0.363347	0.001551	0.002093	0.001280
sub-50069	SCHZ	23	M	0.154900	50	Tapetum R	600	0.296613	0.002086	0.002640	0.001809
sub-50080	SCHZ	29	M	0.212100	1	Unclassified	15642	0.459571	0.000830	0.001245	0.000623
sub-50080	SCHZ	29	M	0.212100	2	Middle cerebellar peduncle	1500	0.478968	0.000743	0.001169	0.000531
sub-50080	SCHZ	29	M	0.212100	3	Pontine crossing tract (a part of MCP)	8846	0.524078	0.001069	0.001705	0.000751
sub-50080	SCHZ	29	M	0.212100	4	Genu of corpus callosum	13711	0.596270	0.000899	0.001568	0.000564
sub-50080	SCHZ	29	M	0.212100	5	Body of corpus callosum	12604	0.693851	0.000776	0.001514	0.000407
sub-50080	SCHZ	29	M	0.212100	6	Splenium of corpus callosum	659	0.329901	0.001715	0.002332	0.001407
sub-50080	SCHZ	29	M	0.212100	7	Fornix (column and body of fornix)	1274	0.467343	0.000780	0.001166	0.000587
sub-50080	SCHZ	29	M	0.212100	8	Corticospinal tract R	1279	0.475985	0.000868	0.001298	0.000654
sub-50080	SCHZ	29	M	0.212100	9	Corticospinal tract L	690	0.532105	0.000707	0.001175	0.000473
sub-50080	SCHZ	29	M	0.212100	10	Medial lemniscus R	699	0.531723	0.000751	0.001246	0.000503
sub-50080	SCHZ	29	M	0.212100	11	Medial lemniscus L	789	0.421399	0.000740	0.001121	0.000549
sub-50080	SCHZ	29	M	0.212100	12	Inferior cerebellar peduncle R	807	0.419489	0.000735	0.001115	0.000546
sub-50080	SCHZ	29	M	0.212100	13	Inferior cerebellar peduncle L	992	0.495206	0.001041	0.001622	0.000750
sub-50080	SCHZ	29	M	0.212100	14	Superior cerebellar peduncle R	992	0.448314	0.001219	0.001781	0.000939
sub-50080	SCHZ	29	M	0.212100	15	Superior cerebellar peduncle L	2278	0.602009	0.000769	0.001366	0.000470
sub-50080	SCHZ	29	M	0.212100	16	Cerebral peduncle R	2278	0.593625	0.000771	0.001358	0.000478
sub-50080	SCHZ	29	M	0.212100	17	Cerebral peduncle L	3138	0.485909	0.000718	0.001149	0.000502
sub-50080	SCHZ	29	M	0.212100	18	Anterior limb of internal capsule R	3018	0.493570	0.000697	0.001118	0.000487
sub-50080	SCHZ	29	M	0.212100	19	Anterior limb of internal capsule L	3754	0.586090	0.000691	0.001222	0.000425
sub-50080	SCHZ	29	M	0.212100	20	Posterior limb of internal capsule R	3752	0.577883	0.000689	0.001207	0.000430
sub-50080	SCHZ	29	M	0.212100	21	Posterior limb of internal capsule L	2515	0.553380	0.000756	0.001273	0.000497
sub-50080	SCHZ	29	M	0.212100	22	Retrolenticular part of internal capsule R	2469	0.571776	0.000754	0.001300	0.000481
sub-50080	SCHZ	29	M	0.212100	23	Retrolenticular part of internal capsule L	6849	0.369109	0.000753	0.001069	0.000594
sub-50080	SCHZ	29	M	0.212100	24	Anterior corona radiata R	6852	0.386160	0.000740	0.001057	0.000582
sub-50080	SCHZ	29	M	0.212100	25	Anterior corona radiata L	7500	0.453015	0.000719	0.001100	0.000528
sub-50080	SCHZ	29	M	0.212100	26	Superior corona radiata R	7508	0.456082	0.000719	0.001101	0.000529
sub-50080	SCHZ	29	M	0.212100	27	Superior corona radiata L	3728	0.460158	0.000771	0.001179	0.000566
sub-50080	SCHZ	29	M	0.212100	28	Posterior corona radiata R	3714	0.429825	0.000778	0.001153	0.000590
sub-50080	SCHZ	29	M	0.212100	29	Posterior corona radiata L	3972	0.541060	0.000740	0.001236	0.000492
sub-50080	SCHZ	29	M	0.212100	30	Posterior thalamic radiation (include optic radiation) R	3978	0.523930	0.000803	0.001315	0.000546
sub-50080	SCHZ	29	M	0.212100	31	Posterior thalamic radiation (include optic radiation) L	2228	0.498354	0.000810	0.001282	0.000574
sub-50080	SCHZ	29	M	0.212100	32	Sagittal stratum (include inferior longitidinal fasciculus and inferior fronto-occipital fasciculus) R	2231	0.474277	0.000839	0.001299	0.000609
sub-50080	SCHZ	29	M	0.212100	33	Sagittal stratum (include inferior longitidinal fasciculus and inferior fronto-occipital fasciculus) L	3650	0.360215	0.000730	0.001025	0.000582
sub-50080	SCHZ	29	M	0.212100	34	External capsule R	3650	0.379766	0.000714	0.001026	0.000558
sub-50080	SCHZ	29	M	0.212100	35	External capsule L	2342	0.465714	0.000744	0.001165	0.000533
sub-50080	SCHZ	29	M	0.212100	36	Cingulum (cingulate gyrus) R	2751	0.513333	0.000734	0.001210	0.000496
sub-50080	SCHZ	29	M	0.212100	37	Cingulum (cingulate gyrus) L	1236	0.401265	0.000799	0.001155	0.000622
sub-50080	SCHZ	29	M	0.212100	38	Cingulum (hippocampus) R	1155	0.376816	0.000846	0.001161	0.000688
sub-50080	SCHZ	29	M	0.212100	39	Cingulum (hippocampus) L	1124	0.452966	0.000911	0.001379	0.000676
sub-50080	SCHZ	29	M	0.212100	40	Fornix (cres) / Stria terminalis (can not be resolved with current resolution) R	1125	0.479479	0.000851	0.001304	0.000625
sub-50080	SCHZ	29	M	0.212100	41	Fornix (cres) / Stria terminalis (can not be resolved with current resolution) L	6607	0.460757	0.000712	0.001099	0.000519
sub-50080	SCHZ	29	M	0.212100	42	Superior longitudinal fasciculus R	6605	0.480583	0.000691	0.001088	0.000492
sub-50080	SCHZ	29	M	0.212100	43	Superior longitudinal fasciculus L	507	0.423704	0.000675	0.001016	0.000505
sub-50080	SCHZ	29	M	0.212100	44	Superior fronto-occipital fasciculus (could be a part of anterior internal capsule) R	507	0.405761	0.000700	0.001030	0.000535
sub-50080	SCHZ	29	M	0.212100	45	Superior fronto-occipital fasciculus (could be a part of anterior internal capsule) L	1961	0.419046	0.000774	0.001165	0.000579
sub-50080	SCHZ	29	M	0.212100	46	Inferior fronto-occipital fasciculus R	1937	0.434570	0.000740	0.001134	0.000544
sub-50080	SCHZ	29	M	0.212100	47	Inferior fronto-occipital fasciculus L	380	0.415096	0.000754	0.001127	0.000567
sub-50080	SCHZ	29	M	0.212100	48	Uncinate fasciculus R	376	0.409325	0.000712	0.001047	0.000544
sub-50080	SCHZ	29	M	0.212100	49	Uncinate fasciculus L	596	0.384185	0.001416	0.001919	0.001164
sub-50080	SCHZ	29	M	0.212100	50	Tapetum R	600	0.299761	0.001808	0.002252	0.001586
sub-50085	SCHZ	25	M	0.341300	1	Unclassified	15581	0.466135	0.000789	0.001200	0.000583
sub-50085	SCHZ	25	M	0.341300	2	Middle cerebellar peduncle	1500	0.409355	0.000709	0.001028	0.000549
sub-50085	SCHZ	25	M	0.341300	3	Pontine crossing tract (a part of MCP)	8845	0.568598	0.001028	0.001719	0.000683
sub-50085	SCHZ	25	M	0.341300	4	Genu of corpus callosum	13698	0.641360	0.000858	0.001580	0.000497
sub-50085	SCHZ	25	M	0.341300	5	Body of corpus callosum	12577	0.729183	0.000758	0.001550	0.000362
sub-50085	SCHZ	25	M	0.341300	6	Splenium of corpus callosum	659	0.454854	0.001235	0.001847	0.000929
sub-50085	SCHZ	25	M	0.341300	7	Fornix (column and body of fornix)	1313	0.466499	0.000805	0.001212	0.000601
sub-50085	SCHZ	25	M	0.341300	8	Corticospinal tract R	1318	0.475675	0.000789	0.001191	0.000588
sub-50085	SCHZ	25	M	0.341300	9	Corticospinal tract L	690	0.503074	0.000733	0.001186	0.000506
sub-50085	SCHZ	25	M	0.341300	10	Medial lemniscus R	699	0.488371	0.000749	0.001184	0.000531
sub-50085	SCHZ	25	M	0.341300	11	Medial lemniscus L	813	0.454278	0.000722	0.001125	0.000521
sub-50085	SCHZ	25	M	0.341300	12	Inferior cerebellar peduncle R	844	0.420697	0.000779	0.001164	0.000587
sub-50085	SCHZ	25	M	0.341300	13	Inferior cerebellar peduncle L	992	0.514293	0.000928	0.001480	0.000653
sub-50085	SCHZ	25	M	0.341300	14	Superior cerebellar peduncle R	992	0.496451	0.001018	0.001575	0.000739
sub-50085	SCHZ	25	M	0.341300	15	Superior cerebellar peduncle L	2278	0.622844	0.000774	0.001398	0.000462
sub-50085	SCHZ	25	M	0.341300	16	Cerebral peduncle R	2278	0.624281	0.000787	0.001435	0.000463
sub-50085	SCHZ	25	M	0.341300	17	Cerebral peduncle L	3138	0.544227	0.000691	0.001182	0.000446
sub-50085	SCHZ	25	M	0.341300	18	Anterior limb of internal capsule R	3018	0.537109	0.000676	0.001144	0.000441
sub-50085	SCHZ	25	M	0.341300	19	Anterior limb of internal capsule L	3754	0.625643	0.000667	0.001226	0.000387
sub-50085	SCHZ	25	M	0.341300	20	Posterior limb of internal capsule R	3752	0.628812	0.000668	0.001238	0.000383
sub-50085	SCHZ	25	M	0.341300	21	Posterior limb of internal capsule L	2515	0.538730	0.000775	0.001285	0.000520
sub-50085	SCHZ	25	M	0.341300	22	Retrolenticular part of internal capsule R	2469	0.564388	0.000767	0.001314	0.000494
sub-50085	SCHZ	25	M	0.341300	23	Retrolenticular part of internal capsule L	6849	0.427931	0.000827	0.001233	0.000624
sub-50085	SCHZ	25	M	0.341300	24	Anterior corona radiata R	6852	0.445128	0.000792	0.001202	0.000587
sub-50085	SCHZ	25	M	0.341300	25	Anterior corona radiata L	7500	0.485153	0.000703	0.001124	0.000493
sub-50085	SCHZ	25	M	0.341300	26	Superior corona radiata R	7508	0.515833	0.000703	0.001156	0.000476
sub-50085	SCHZ	25	M	0.341300	27	Superior corona radiata L	3728	0.466489	0.000804	0.001237	0.000588
sub-50085	SCHZ	25	M	0.341300	28	Posterior corona radiata R	3714	0.449182	0.000819	0.001246	0.000605
sub-50085	SCHZ	25	M	0.341300	29	Posterior corona radiata L	3972	0.534487	0.000785	0.001303	0.000526
sub-50085	SCHZ	25	M	0.341300	30	Posterior thalamic radiation (include optic radiation) R	3978	0.515013	0.000811	0.001308	0.000563
sub-50085	SCHZ	25	M	0.341300	31	Posterior thalamic radiation (include optic radiation) L	2228	0.469512	0.000839	0.001298	0.000609
sub-50085	SCHZ	25	M	0.341300	32	Sagittal stratum (include inferior longitidinal fasciculus and inferior fronto-occipital fasciculus) R	2231	0.445421	0.000868	0.001295	0.000655
sub-50085	SCHZ	25	M	0.341300	33	Sagittal stratum (include inferior longitidinal fasciculus and inferior fronto-occipital fasciculus) L	3650	0.381387	0.000707	0.001009	0.000556
sub-50085	SCHZ	25	M	0.341300	34	External capsule R	3650	0.391050	0.000709	0.001033	0.000547
sub-50085	SCHZ	25	M	0.341300	35	External capsule L	2342	0.469874	0.000748	0.001188	0.000529
sub-50085	SCHZ	25	M	0.341300	36	Cingulum (cingulate gyrus) R	2751	0.528277	0.000738	0.001250	0.000481
sub-50085	SCHZ	25	M	0.341300	37	Cingulum (cingulate gyrus) L	1236	0.368868	0.000776	0.001097	0.000616
sub-50085	SCHZ	25	M	0.341300	38	Cingulum (hippocampus) R	1155	0.339284	0.000753	0.001029	0.000614
sub-50085	SCHZ	25	M	0.341300	39	Cingulum (hippocampus) L	1124	0.472099	0.000909	0.001419	0.000653
sub-50085	SCHZ	25	M	0.341300	40	Fornix (cres) / Stria terminalis (can not be resolved with current resolution) R	1125	0.523147	0.000840	0.001377	0.000571
sub-50085	SCHZ	25	M	0.341300	41	Fornix (cres) / Stria terminalis (can not be resolved with current resolution) L	6607	0.466092	0.000729	0.001127	0.000530
sub-50085	SCHZ	25	M	0.341300	42	Superior longitudinal fasciculus R	6605	0.452728	0.000727	0.001120	0.000531
sub-50085	SCHZ	25	M	0.341300	43	Superior longitudinal fasciculus L	507	0.505182	0.000695	0.001138	0.000473
sub-50085	SCHZ	25	M	0.341300	44	Superior fronto-occipital fasciculus (could be a part of anterior internal capsule) R	507	0.452369	0.000663	0.001031	0.000479
sub-50085	SCHZ	25	M	0.341300	45	Superior fronto-occipital fasciculus (could be a part of anterior internal capsule) L	1961	0.441623	0.000748	0.001157	0.000544
sub-50085	SCHZ	25	M	0.341300	46	Inferior fronto-occipital fasciculus R	1937	0.419004	0.000748	0.001126	0.000559
sub-50085	SCHZ	25	M	0.341300	47	Inferior fronto-occipital fasciculus L	380	0.462460	0.000709	0.001110	0.000508
sub-50085	SCHZ	25	M	0.341300	48	Uncinate fasciculus R	376	0.433198	0.000760	0.001153	0.000564
sub-50085	SCHZ	25	M	0.341300	49	Uncinate fasciculus L	596	0.401136	0.001497	0.002072	0.001210
sub-50085	SCHZ	25	M	0.341300	50	Tapetum R	600	0.292921	0.001952	0.002468	0.001695
